
$ agent-browser --session blackline find role button click --name 'Select smoke'
✗ Element not found. Verify the selector is correct and the element exists in the DOM.

$ agent-browser --session blackline reload
file:///home/pyro/projects/naked/astra/bench/10-stealth-heist/index.html

$ agent-browser --session blackline set viewport 1280 800
✓ Done

$ agent-browser --session blackline find role button click --name 'New mission'
✓ Done

$ agent-browser --session blackline find role button click --name Dockside
✓ Done

$ agent-browser --session blackline find label 'Mission seed' fill DOCK-031
✓ Done

$ agent-browser --session blackline select #difficultyInput ghost
✓ Done

$ agent-browser --session blackline find role button click --name 'Generate mission'
✓ Done

$ agent-browser --session blackline find role button click --name Infiltrate
✓ Done

$ agent-browser --session blackline press e
✓ Done

$ agent-browser --session blackline wait --fn BLACKLINE.snapshot().player.key
true

$ agent-browser --session blackline keydown ArrowUp
✓ Done

$ agent-browser --session blackline wait --fn BLACKLINE.snapshot().player.y<12.55
true

$ agent-browser --session blackline keyup ArrowUp
✓ Done

$ agent-browser --session blackline press e
✓ Done

$ agent-browser --session blackline wait --fn BLACKLINE.snapshot().doors[3].open
true

$ agent-browser --session blackline eval BLACKLINE.snapshot()
{
  "action": null,
  "alarms": 0,
  "alert": 0,
  "audio": {
    "activeNodes": 0,
    "effects": 0.65,
    "enabled": true,
    "master": 0.5,
    "state": "running"
  },
  "cameras": [
    {
      "angle": 2.707943571918982,
      "base": 3.141592653589793,
      "disabled": 0,
      "phase": 3.3152712425217032,
      "seeing": false,
      "suspicion": 0,
      "x": 22.9,
      "y": 9.5
    },
    {
      "angle": 2.4137087724132273,
      "base": 2.2,
      "disabled": 0,
      "phase": 1.601427550893277,
      "seeing": false,
      "suspicion": 0,
      "x": 22.5,
      "y": 2.5
    }
  ],
  "charges": [
    5,
    4,
    3
  ],
  "cooldown": 0,
  "detections": 0,
  "diagnostics": {
    "collision": false,
    "memory": false,
    "navigation": false,
    "perception": false,
    "sound": false,
    "timing": false
  },
  "difficulty": "ghost",
  "doors": [
    {
      "anim": 0,
      "id": 0,
      "locked": false,
      "open": false,
      "x": 5,
      "y": 7
    },
    {
      "anim": 0,
      "id": 1,
      "locked": false,
      "open": false,
      "x": 11,
      "y": 7
    },
    {
      "anim": 0,
      "id": 2,
      "locked": false,
      "open": false,
      "x": 20,
      "y": 7
    },
    {
      "anim": 0,
      "id": 3,
      "locked": false,
      "open": true,
      "x": 3,
      "y": 11
    },
    {
      "anim": 0,
      "id": 4,
      "locked": false,
      "open": false,
      "x": 11,
      "y": 11
    },
    {
      "anim": 0,
      "id": 5,
      "locked": false,
      "open": false,
      "x": 21,
      "y": 11
    }
  ],
  "events": [
    {
      "t": 0,
      "text": "Operation underway.",
      "type": "start"
    },
    {
      "t": 0.033,
      "text": "Connecting to terminal. Hold position.",
      "type": "action"
    },
    {
      "t": 1.233,
      "text": "Access badge cloned. All locks authorized.",
      "type": "terminal",
      "x": 3.5,
      "y": 14.5
    },
    {
      "t": 1.233,
      "text": "terminal: noise 2.5",
      "type": "sound",
      "x": 3.5,
      "y": 14.5
    },
    {
      "t": 2.45,
      "text": "G01 · idle / observing",
      "type": "guard",
      "x": 5.5,
      "y": 5.298
    },
    {
      "t": 2.517,
      "text": "door: noise 3.0",
      "type": "sound",
      "x": 3.5,
      "y": 11.5
    },
    {
      "t": 2.517,
      "text": "Door opened.",
      "type": "door",
      "x": 3.5,
      "y": 11.5
    }
  ],
  "exit": {
    "x": 3.5,
    "y": 15.5
  },
  "fingerprint": "998045ba",
  "fps": 59.99967398270369,
  "frameTime": 1,
  "guards": [
    {
      "angle": 1.5747350030798006,
      "capture": 0,
      "heardId": 0,
      "id": 1,
      "lastKnown": null,
      "lost": 0,
      "path": [],
      "radio": 0,
      "repath": -0.06666666666666667,
      "route": [
        {
          "x": 5.5,
          "y": 2.5
        },
        {
          "x": 5.5,
          "y": 5.5
        },
        {
          "x": 5.5,
          "y": 9.5
        },
        {
          "x": 9.5,
          "y": 9.5
        },
        {
          "x": 5.5,
          "y": 9.5
        }
      ],
      "searchTime": 0,
      "seeing": false,
      "state": "idle",
      "suspicion": 0,
      "wait": 1.3827019860347114,
      "wp": 2,
      "x": 5.5,
      "y": 5.298333333333347
    },
    {
      "angle": 3.141592653589793,
      "capture": 0,
      "heardId": 0,
      "id": 2,
      "lastKnown": null,
      "lost": 0,
      "path": [
        {
          "x": 11.5,
          "y": 9.5
        }
      ],
      "radio": 0,
      "repath": 0.49999999999999983,
      "route": [
        {
          "x": 11.5,
          "y": 2.5
        },
        {
          "x": 11.5,
          "y": 5.5
        },
        {
          "x": 11.5,
          "y": 9.5
        },
        {
          "x": 15.5,
          "y": 9.5
        },
        {
          "x": 11.5,
          "y": 9.5
        }
      ],
      "searchTime": 0,
      "seeing": false,
      "state": "patrol",
      "suspicion": 0,
      "wait": 0,
      "wp": 4,
      "x": 12.605833333333283,
      "y": 9.5
    }
  ],
  "historyCount": 0,
  "keys": [],
  "objective": {
    "collected": false,
    "x": 5.5,
    "y": 3.5
  },
  "paused": false,
  "phase": "active",
  "player": {
    "angle": -1.5707963267948966,
    "exposure": 0,
    "health": 100,
    "key": true,
    "noise": 3,
    "objective": false,
    "path": [],
    "run": false,
    "x": 3.5,
    "y": 12.293333333333358
  },
  "preset": "dockside",
  "replay": null,
  "result": null,
  "securityOff": false,
  "seed": "DOCK-031",
  "selected": 0,
  "smokes": [],
  "sounds": [
    {
      "age": 1.2833333333333337,
      "id": 1,
      "intensity": 2.5,
      "owner": "player",
      "ttl": 2.4,
      "type": "terminal",
      "x": 3.5,
      "y": 14.5
    },
    {
      "age": 0.6333333333333336,
      "id": 2,
      "intensity": 1.15,
      "owner": "player",
      "ttl": 2.4,
      "type": "footstep",
      "x": 3.5,
      "y": 13.940000000000012
    },
    {
      "age": 0.03333333333333333,
      "id": 3,
      "intensity": 1.15,
      "owner": "player",
      "ttl": 2.4,
      "type": "footstep",
      "x": 3.5,
      "y": 12.380000000000024
    },
    {
      "age": 0,
      "id": 4,
      "intensity": 3,
      "owner": "player",
      "ttl": 2.4,
      "type": "door",
      "x": 3.5,
      "y": 11.5
    }
  ],
  "storageOK": true,
  "terminals": [
    {
      "name": "Access terminal",
      "type": "badge",
      "used": true,
      "x": 3.5,
      "y": 14.5
    },
    {
      "name": "Security terminal",
      "type": "security",
      "used": false,
      "x": 10.5,
      "y": 3.5
    }
  ],
  "time": 2.5166666666666626,
  "touchDirections": [],
  "view": {
    "height": 475,
    "scale": 22.526315789473685,
    "width": 918,
    "x": 177.42105263157896,
    "y": 23.5
  }
}

$ agent-browser --session blackline eval '(()=>{const s=BLACKLINE.snapshot(),r=document.getElementById("game").getBoundingClientRect();return {x:r.x,y:r.y,v:s.view}})()'
{
  "v": {
    "height": 475,
    "scale": 22.526315789473685,
    "width": 918,
    "x": 177.42105263157896,
    "y": 23.5
  },
  "x": 35,
  "y": 222
}

$ agent-browser --session blackline mouse move 291 460
✓ Done

$ agent-browser --session blackline mouse down left
✓ Done

$ agent-browser --session blackline mouse up left
✓ Done

$ agent-browser --session blackline wait --fn Math.hypot(BLACKLINE.snapshot().player.x-3.5,BLACKLINE.snapshot().player.y-9.5)<0.2
true

$ agent-browser --session blackline press Escape
✓ Done

$ agent-browser --session blackline eval BLACKLINE.snapshot()
{
  "action": null,
  "alarms": 0,
  "alert": 0,
  "audio": {
    "activeNodes": 0,
    "effects": 0.65,
    "enabled": true,
    "master": 0.5,
    "state": "running"
  },
  "cameras": [
    {
      "angle": 2.6867498674096093,
      "base": 3.141592653589793,
      "disabled": 0,
      "phase": 3.3152712425217032,
      "seeing": false,
      "suspicion": 0,
      "x": 22.9,
      "y": 9.5
    },
    {
      "angle": 2.196855971719843,
      "base": 2.2,
      "disabled": 0,
      "phase": 1.601427550893277,
      "seeing": false,
      "suspicion": 0,
      "x": 22.5,
      "y": 2.5
    }
  ],
  "charges": [
    5,
    4,
    3
  ],
  "cooldown": 0,
  "detections": 0,
  "diagnostics": {
    "collision": false,
    "memory": false,
    "navigation": false,
    "perception": false,
    "sound": false,
    "timing": false
  },
  "difficulty": "ghost",
  "doors": [
    {
      "anim": 0,
      "id": 0,
      "locked": false,
      "open": false,
      "x": 5,
      "y": 7
    },
    {
      "anim": 0,
      "id": 1,
      "locked": false,
      "open": false,
      "x": 11,
      "y": 7
    },
    {
      "anim": 0,
      "id": 2,
      "locked": false,
      "open": false,
      "x": 20,
      "y": 7
    },
    {
      "anim": 0.9999971337585208,
      "id": 3,
      "locked": false,
      "open": true,
      "x": 3,
      "y": 11
    },
    {
      "anim": 0,
      "id": 4,
      "locked": false,
      "open": false,
      "x": 11,
      "y": 11
    },
    {
      "anim": 0,
      "id": 5,
      "locked": false,
      "open": false,
      "x": 21,
      "y": 11
    }
  ],
  "events": [
    {
      "t": 0,
      "text": "Operation underway.",
      "type": "start"
    },
    {
      "t": 0.033,
      "text": "Connecting to terminal. Hold position.",
      "type": "action"
    },
    {
      "t": 1.233,
      "text": "Access badge cloned. All locks authorized.",
      "type": "terminal",
      "x": 3.5,
      "y": 14.5
    },
    {
      "t": 1.233,
      "text": "terminal: noise 2.5",
      "type": "sound",
      "x": 3.5,
      "y": 14.5
    },
    {
      "t": 2.45,
      "text": "G01 · idle / observing",
      "type": "guard",
      "x": 5.5,
      "y": 5.298
    },
    {
      "t": 2.517,
      "text": "door: noise 3.0",
      "type": "sound",
      "x": 3.5,
      "y": 11.5
    },
    {
      "t": 2.517,
      "text": "Door opened.",
      "type": "door",
      "x": 3.5,
      "y": 11.5
    },
    {
      "t": 3.317,
      "text": "G02 · idle / observing",
      "type": "guard",
      "x": 11.705,
      "y": 9.5
    }
  ],
  "exit": {
    "x": 3.5,
    "y": 15.5
  },
  "fingerprint": "998045ba",
  "fps": 59.99192533758407,
  "frameTime": 0.7000000178813934,
  "guards": [
    {
      "angle": 1.4225438358860387,
      "capture": 0,
      "heardId": 0,
      "id": 1,
      "lastKnown": null,
      "lost": 0,
      "path": [],
      "radio": 0,
      "repath": -1.2333333333333338,
      "route": [
        {
          "x": 5.5,
          "y": 2.5
        },
        {
          "x": 5.5,
          "y": 5.5
        },
        {
          "x": 5.5,
          "y": 9.5
        },
        {
          "x": 9.5,
          "y": 9.5
        },
        {
          "x": 5.5,
          "y": 9.5
        }
      ],
      "searchTime": 0,
      "seeing": false,
      "state": "idle",
      "suspicion": 0,
      "wait": 0.21603531936804457,
      "wp": 2,
      "x": 5.5,
      "y": 5.298333333333347
    },
    {
      "angle": 2.9960991631922234,
      "capture": 0,
      "heardId": 0,
      "id": 2,
      "lastKnown": null,
      "lost": 0,
      "path": [],
      "radio": 0,
      "repath": -0.36666666666666664,
      "route": [
        {
          "x": 11.5,
          "y": 2.5
        },
        {
          "x": 11.5,
          "y": 5.5
        },
        {
          "x": 11.5,
          "y": 9.5
        },
        {
          "x": 15.5,
          "y": 9.5
        },
        {
          "x": 11.5,
          "y": 9.5
        }
      ],
      "searchTime": 0,
      "seeing": false,
      "state": "idle",
      "suspicion": 0,
      "wait": 0.6805534626667689,
      "wp": 0,
      "x": 11.704999999999934,
      "y": 9.5
    }
  ],
  "historyCount": 0,
  "keys": [],
  "objective": {
    "collected": false,
    "x": 5.5,
    "y": 3.5
  },
  "paused": true,
  "phase": "active",
  "player": {
    "angle": -1.5707963267948966,
    "exposure": 0,
    "health": 100,
    "key": true,
    "noise": 0,
    "objective": false,
    "path": [],
    "run": false,
    "x": 3.5,
    "y": 9.606666666666712
  },
  "preset": "dockside",
  "replay": null,
  "result": null,
  "securityOff": false,
  "seed": "DOCK-031",
  "selected": 0,
  "smokes": [],
  "sounds": [
    {
      "age": 1.7999999999999985,
      "id": 2,
      "intensity": 1.15,
      "owner": "player",
      "ttl": 2.4,
      "type": "footstep",
      "x": 3.5,
      "y": 13.940000000000012
    },
    {
      "age": 1.2000000000000006,
      "id": 3,
      "intensity": 1.15,
      "owner": "player",
      "ttl": 2.4,
      "type": "footstep",
      "x": 3.5,
      "y": 12.380000000000024
    },
    {
      "age": 1.1666666666666674,
      "id": 4,
      "intensity": 3,
      "owner": "player",
      "ttl": 2.4,
      "type": "door",
      "x": 3.5,
      "y": 11.5
    },
    {
      "age": 0.5666666666666668,
      "id": 5,
      "intensity": 1.15,
      "owner": "player",
      "ttl": 2.4,
      "type": "footstep",
      "x": 3.5,
      "y": 10.993333333333368
    }
  ],
  "storageOK": true,
  "terminals": [
    {
      "name": "Access terminal",
      "type": "badge",
      "used": true,
      "x": 3.5,
      "y": 14.5
    },
    {
      "name": "Security terminal",
      "type": "security",
      "used": false,
      "x": 10.5,
      "y": 3.5
    }
  ],
  "time": 3.683333333333325,
  "touchDirections": [],
  "view": {
    "height": 475,
    "scale": 22.526315789473685,
    "width": 918,
    "x": 177.42105263157896,
    "y": 23.5
  }
}

$ agent-browser --session blackline screenshot /home/pyro/projects/naked/astra/bench/10-stealth-heist/evidence/screenshots/02-corridor-pause.png
✓ Screenshot saved to /home/pyro/projects/naked/astra/bench/10-stealth-heist/evidence/screenshots/02-corridor-pause.png

$ agent-browser --session blackline eval BLACKLINE.snapshot()
{
  "action": null,
  "alarms": 0,
  "alert": 0,
  "audio": {
    "activeNodes": 0,
    "effects": 0.65,
    "enabled": true,
    "master": 0.5,
    "state": "running"
  },
  "cameras": [
    {
      "angle": 2.6867498674096093,
      "base": 3.141592653589793,
      "disabled": 0,
      "phase": 3.3152712425217032,
      "seeing": false,
      "suspicion": 0,
      "x": 22.9,
      "y": 9.5
    },
    {
      "angle": 2.196855971719843,
      "base": 2.2,
      "disabled": 0,
      "phase": 1.601427550893277,
      "seeing": false,
      "suspicion": 0,
      "x": 22.5,
      "y": 2.5
    }
  ],
  "charges": [
    5,
    4,
    3
  ],
  "cooldown": 0,
  "detections": 0,
  "diagnostics": {
    "collision": false,
    "memory": false,
    "navigation": false,
    "perception": false,
    "sound": false,
    "timing": false
  },
  "difficulty": "ghost",
  "doors": [
    {
      "anim": 0,
      "id": 0,
      "locked": false,
      "open": false,
      "x": 5,
      "y": 7
    },
    {
      "anim": 0,
      "id": 1,
      "locked": false,
      "open": false,
      "x": 11,
      "y": 7
    },
    {
      "anim": 0,
      "id": 2,
      "locked": false,
      "open": false,
      "x": 20,
      "y": 7
    },
    {
      "anim": 0.9999971337585208,
      "id": 3,
      "locked": false,
      "open": true,
      "x": 3,
      "y": 11
    },
    {
      "anim": 0,
      "id": 4,
      "locked": false,
      "open": false,
      "x": 11,
      "y": 11
    },
    {
      "anim": 0,
      "id": 5,
      "locked": false,
      "open": false,
      "x": 21,
      "y": 11
    }
  ],
  "events": [
    {
      "t": 0,
      "text": "Operation underway.",
      "type": "start"
    },
    {
      "t": 0.033,
      "text": "Connecting to terminal. Hold position.",
      "type": "action"
    },
    {
      "t": 1.233,
      "text": "Access badge cloned. All locks authorized.",
      "type": "terminal",
      "x": 3.5,
      "y": 14.5
    },
    {
      "t": 1.233,
      "text": "terminal: noise 2.5",
      "type": "sound",
      "x": 3.5,
      "y": 14.5
    },
    {
      "t": 2.45,
      "text": "G01 · idle / observing",
      "type": "guard",
      "x": 5.5,
      "y": 5.298
    },
    {
      "t": 2.517,
      "text": "door: noise 3.0",
      "type": "sound",
      "x": 3.5,
      "y": 11.5
    },
    {
      "t": 2.517,
      "text": "Door opened.",
      "type": "door",
      "x": 3.5,
      "y": 11.5
    },
    {
      "t": 3.317,
      "text": "G02 · idle / observing",
      "type": "guard",
      "x": 11.705,
      "y": 9.5
    }
  ],
  "exit": {
    "x": 3.5,
    "y": 15.5
  },
  "fingerprint": "998045ba",
  "fps": 60.001714963270615,
  "frameTime": 0.699999988079071,
  "guards": [
    {
      "angle": 1.4225438358860387,
      "capture": 0,
      "heardId": 0,
      "id": 1,
      "lastKnown": null,
      "lost": 0,
      "path": [],
      "radio": 0,
      "repath": -1.2333333333333338,
      "route": [
        {
          "x": 5.5,
          "y": 2.5
        },
        {
          "x": 5.5,
          "y": 5.5
        },
        {
          "x": 5.5,
          "y": 9.5
        },
        {
          "x": 9.5,
          "y": 9.5
        },
        {
          "x": 5.5,
          "y": 9.5
        }
      ],
      "searchTime": 0,
      "seeing": false,
      "state": "idle",
      "suspicion": 0,
      "wait": 0.21603531936804457,
      "wp": 2,
      "x": 5.5,
      "y": 5.298333333333347
    },
    {
      "angle": 2.9960991631922234,
      "capture": 0,
      "heardId": 0,
      "id": 2,
      "lastKnown": null,
      "lost": 0,
      "path": [],
      "radio": 0,
      "repath": -0.36666666666666664,
      "route": [
        {
          "x": 11.5,
          "y": 2.5
        },
        {
          "x": 11.5,
          "y": 5.5
        },
        {
          "x": 11.5,
          "y": 9.5
        },
        {
          "x": 15.5,
          "y": 9.5
        },
        {
          "x": 11.5,
          "y": 9.5
        }
      ],
      "searchTime": 0,
      "seeing": false,
      "state": "idle",
      "suspicion": 0,
      "wait": 0.6805534626667689,
      "wp": 0,
      "x": 11.704999999999934,
      "y": 9.5
    }
  ],
  "historyCount": 0,
  "keys": [],
  "objective": {
    "collected": false,
    "x": 5.5,
    "y": 3.5
  },
  "paused": true,
  "phase": "active",
  "player": {
    "angle": -1.5707963267948966,
    "exposure": 0,
    "health": 100,
    "key": true,
    "noise": 0,
    "objective": false,
    "path": [],
    "run": false,
    "x": 3.5,
    "y": 9.606666666666712
  },
  "preset": "dockside",
  "replay": null,
  "result": null,
  "securityOff": false,
  "seed": "DOCK-031",
  "selected": 0,
  "smokes": [],
  "sounds": [
    {
      "age": 1.7999999999999985,
      "id": 2,
      "intensity": 1.15,
      "owner": "player",
      "ttl": 2.4,
      "type": "footstep",
      "x": 3.5,
      "y": 13.940000000000012
    },
    {
      "age": 1.2000000000000006,
      "id": 3,
      "intensity": 1.15,
      "owner": "player",
      "ttl": 2.4,
      "type": "footstep",
      "x": 3.5,
      "y": 12.380000000000024
    },
    {
      "age": 1.1666666666666674,
      "id": 4,
      "intensity": 3,
      "owner": "player",
      "ttl": 2.4,
      "type": "door",
      "x": 3.5,
      "y": 11.5
    },
    {
      "age": 0.5666666666666668,
      "id": 5,
      "intensity": 1.15,
      "owner": "player",
      "ttl": 2.4,
      "type": "footstep",
      "x": 3.5,
      "y": 10.993333333333368
    }
  ],
  "storageOK": true,
  "terminals": [
    {
      "name": "Access terminal",
      "type": "badge",
      "used": true,
      "x": 3.5,
      "y": 14.5
    },
    {
      "name": "Security terminal",
      "type": "security",
      "used": false,
      "x": 10.5,
      "y": 3.5
    }
  ],
  "time": 3.683333333333325,
  "touchDirections": [],
  "view": {
    "height": 475,
    "scale": 22.526315789473685,
    "width": 918,
    "x": 177.42105263157896,
    "y": 23.5
  }
}

$ agent-browser --session blackline find role button click --name 'Resume operation'
✓ Done

$ agent-browser --session blackline eval '(()=>{const s=BLACKLINE.snapshot(),r=document.getElementById("game").getBoundingClientRect();return {x:r.x,y:r.y,v:s.view}})()'
{
  "v": {
    "height": 475,
    "scale": 22.526315789473685,
    "width": 918,
    "x": 177.42105263157896,
    "y": 23.5
  },
  "x": 35,
  "y": 222
}

$ agent-browser --session blackline mouse move 336 437
✓ Done

$ agent-browser --session blackline mouse down left
✓ Done

$ agent-browser --session blackline mouse up left
✓ Done

$ agent-browser --session blackline wait --fn Math.hypot(BLACKLINE.snapshot().player.x-5.5,BLACKLINE.snapshot().player.y-8.5)<0.2
true

$ agent-browser --session blackline eval BLACKLINE.snapshot()
{
  "action": null,
  "alarms": 0,
  "alert": 0,
  "audio": {
    "activeNodes": 0,
    "effects": 0.65,
    "enabled": true,
    "master": 0.5,
    "state": "running"
  },
  "cameras": [
    {
      "angle": 2.7706826546192698,
      "base": 3.141592653589793,
      "disabled": 0,
      "phase": 3.3152712425217032,
      "seeing": false,
      "suspicion": 0,
      "x": 22.9,
      "y": 9.5
    },
    {
      "angle": 1.9835791051372995,
      "base": 2.2,
      "disabled": 0,
      "phase": 1.601427550893277,
      "seeing": false,
      "suspicion": 0,
      "x": 22.5,
      "y": 2.5
    }
  ],
  "charges": [
    5,
    4,
    3
  ],
  "cooldown": 0,
  "detections": 0,
  "diagnostics": {
    "collision": false,
    "memory": false,
    "navigation": false,
    "perception": false,
    "sound": false,
    "timing": false
  },
  "difficulty": "ghost",
  "doors": [
    {
      "anim": 0,
      "id": 0,
      "locked": false,
      "open": false,
      "x": 5,
      "y": 7
    },
    {
      "anim": 0,
      "id": 1,
      "locked": false,
      "open": false,
      "x": 11,
      "y": 7
    },
    {
      "anim": 0,
      "id": 2,
      "locked": false,
      "open": false,
      "x": 20,
      "y": 7
    },
    {
      "anim": 0.9999999999901414,
      "id": 3,
      "locked": false,
      "open": true,
      "x": 3,
      "y": 11
    },
    {
      "anim": 0,
      "id": 4,
      "locked": false,
      "open": false,
      "x": 11,
      "y": 11
    },
    {
      "anim": 0,
      "id": 5,
      "locked": false,
      "open": false,
      "x": 21,
      "y": 11
    }
  ],
  "events": [
    {
      "t": 0,
      "text": "Operation underway.",
      "type": "start"
    },
    {
      "t": 0.033,
      "text": "Connecting to terminal. Hold position.",
      "type": "action"
    },
    {
      "t": 1.233,
      "text": "Access badge cloned. All locks authorized.",
      "type": "terminal",
      "x": 3.5,
      "y": 14.5
    },
    {
      "t": 1.233,
      "text": "terminal: noise 2.5",
      "type": "sound",
      "x": 3.5,
      "y": 14.5
    },
    {
      "t": 2.45,
      "text": "G01 · idle / observing",
      "type": "guard",
      "x": 5.5,
      "y": 5.298
    },
    {
      "t": 2.517,
      "text": "door: noise 3.0",
      "type": "sound",
      "x": 3.5,
      "y": 11.5
    },
    {
      "t": 2.517,
      "text": "Door opened.",
      "type": "door",
      "x": 3.5,
      "y": 11.5
    },
    {
      "t": 3.317,
      "text": "G02 · idle / observing",
      "type": "guard",
      "x": 11.705,
      "y": 9.5
    },
    {
      "t": 3.9,
      "text": "G01 · patrol",
      "type": "guard",
      "x": 5.5,
      "y": 5.298
    },
    {
      "t": 4.367,
      "text": "G02 · patrol",
      "type": "guard",
      "x": 11.705,
      "y": 9.5
    }
  ],
  "exit": {
    "x": 3.5,
    "y": 15.5
  },
  "fingerprint": "998045ba",
  "fps": 60.000796723926925,
  "frameTime": 0.5999999940395355,
  "guards": [
    {
      "angle": 1.570772235815463,
      "capture": 0,
      "heardId": 0,
      "id": 1,
      "lastKnown": null,
      "lost": 0,
      "path": [
        {
          "x": 5.5,
          "y": 6.5
        },
        {
          "x": 5.5,
          "y": 7.5
        },
        {
          "x": 5.5,
          "y": 8.5
        },
        {
          "x": 5.5,
          "y": 9.5
        }
      ],
      "radio": 0,
      "repath": 0.2416666666666666,
      "route": [
        {
          "x": 5.5,
          "y": 2.5
        },
        {
          "x": 5.5,
          "y": 5.5
        },
        {
          "x": 5.5,
          "y": 9.5
        },
        {
          "x": 9.5,
          "y": 9.5
        },
        {
          "x": 5.5,
          "y": 9.5
        }
      ],
      "searchTime": 0,
      "seeing": false,
      "state": "patrol",
      "suspicion": 0,
      "wait": -0.0006313472986220828,
      "wp": 2,
      "x": 5.5,
      "y": 6.371666666666699
    },
    {
      "angle": 4.491716890708082,
      "capture": 0,
      "heardId": 0,
      "id": 2,
      "lastKnown": null,
      "lost": 0,
      "path": [
        {
          "x": 11.5,
          "y": 8.5
        },
        {
          "x": 11.5,
          "y": 7.5
        },
        {
          "x": 11.5,
          "y": 6.5
        },
        {
          "x": 11.5,
          "y": 5.5
        },
        {
          "x": 11.5,
          "y": 4.5
        },
        {
          "x": 11.5,
          "y": 3.5
        },
        {
          "x": 11.5,
          "y": 2.5
        }
      ],
      "radio": 0,
      "repath": 0.1499999999999999,
      "route": [
        {
          "x": 11.5,
          "y": 2.5
        },
        {
          "x": 11.5,
          "y": 5.5
        },
        {
          "x": 11.5,
          "y": 9.5
        },
        {
          "x": 15.5,
          "y": 9.5
        },
        {
          "x": 11.5,
          "y": 9.5
        }
      ],
      "searchTime": 0,
      "seeing": false,
      "state": "patrol",
      "suspicion": 0,
      "wait": -0.002779870666564887,
      "wp": 0,
      "x": 11.597224657150926,
      "y": 8.974266620248542
    }
  ],
  "historyCount": 0,
  "keys": [],
  "objective": {
    "collected": false,
    "x": 5.5,
    "y": 3.5
  },
  "paused": false,
  "phase": "active",
  "player": {
    "angle": -1.47269286012639,
    "exposure": 0,
    "health": 100,
    "key": true,
    "noise": 0,
    "objective": false,
    "path": [],
    "run": false,
    "x": 5.490621778891478,
    "y": 8.595288330412089
  },
  "preset": "dockside",
  "replay": null,
  "result": null,
  "securityOff": false,
  "seed": "DOCK-031",
  "selected": 0,
  "smokes": [],
  "sounds": [
    {
      "age": 2.3499999999999965,
      "id": 3,
      "intensity": 1.15,
      "owner": "player",
      "ttl": 2.4,
      "type": "footstep",
      "x": 3.5,
      "y": 12.380000000000024
    },
    {
      "age": 2.3166666666666633,
      "id": 4,
      "intensity": 3,
      "owner": "player",
      "ttl": 2.4,
      "type": "door",
      "x": 3.5,
      "y": 11.5
    },
    {
      "age": 1.7166666666666657,
      "id": 5,
      "intensity": 1.15,
      "owner": "player",
      "ttl": 2.4,
      "type": "footstep",
      "x": 3.5,
      "y": 10.993333333333368
    },
    {
      "age": 1.0666666666666678,
      "id": 6,
      "intensity": 1.15,
      "owner": "player",
      "ttl": 2.4,
      "type": "footstep",
      "x": 3.672355594762333,
      "y": 9.588282069892053
    },
    {
      "age": 0.4666666666666666,
      "id": 7,
      "intensity": 1.15,
      "owner": "player",
      "ttl": 2.4,
      "type": "footstep",
      "x": 5.2281648627143165,
      "y": 9.50251883183874
    }
  ],
  "storageOK": true,
  "terminals": [
    {
      "name": "Access terminal",
      "type": "badge",
      "used": true,
      "x": 3.5,
      "y": 14.5
    },
    {
      "name": "Security terminal",
      "type": "security",
      "used": false,
      "x": 10.5,
      "y": 3.5
    }
  ],
  "time": 4.8333333333333215,
  "touchDirections": [],
  "view": {
    "height": 475,
    "scale": 22.526315789473685,
    "width": 918,
    "x": 177.42105263157896,
    "y": 23.5
  }
}

$ agent-browser --session blackline press e
✓ Done

$ agent-browser --session blackline wait --fn BLACKLINE.snapshot().doors[0].open
true

$ agent-browser --session blackline press 2
✓ Done

$ agent-browser --session blackline press q
✓ Done

$ agent-browser --session blackline eval '(()=>{const s=BLACKLINE.snapshot(),r=document.getElementById("game").getBoundingClientRect();return {x:r.x,y:r.y,v:s.view}})()'
{
  "v": {
    "height": 475,
    "scale": 22.526315789473685,
    "width": 918,
    "x": 177.42105263157896,
    "y": 23.5
  },
  "x": 35,
  "y": 222
}

$ agent-browser --session blackline mouse move 336 392
✓ Done

$ agent-browser --session blackline mouse down left
✓ Done

$ agent-browser --session blackline mouse up left
✓ Done

$ agent-browser --session blackline wait --fn Math.hypot(BLACKLINE.snapshot().player.x-5.5,BLACKLINE.snapshot().player.y-6.5)<0.2
true

$ agent-browser --session blackline press 1
✓ Done

$ agent-browser --session blackline eval '(()=>{const s=BLACKLINE.snapshot(),r=document.getElementById("game").getBoundingClientRect();return {x:r.x,y:r.y,v:s.view}})()'
{
  "v": {
    "height": 475,
    "scale": 22.526315789473685,
    "width": 918,
    "x": 177.42105263157896,
    "y": 23.5
  },
  "x": 35,
  "y": 222
}

$ agent-browser --session blackline mouse move 246 392
✓ Done

$ agent-browser --session blackline press q
✓ Done

$ agent-browser --session blackline eval '(()=>{const s=BLACKLINE.snapshot(),r=document.getElementById("game").getBoundingClientRect();return {x:r.x,y:r.y,v:s.view}})()'
{
  "v": {
    "height": 475,
    "scale": 22.526315789473685,
    "width": 918,
    "x": 177.42105263157896,
    "y": 23.5
  },
  "x": 35,
  "y": 222
}

$ agent-browser --session blackline mouse move 336 324
✓ Done

$ agent-browser --session blackline mouse down left
✓ Done

$ agent-browser --session blackline mouse up left
✓ Done

$ agent-browser --session blackline wait --fn Math.hypot(BLACKLINE.snapshot().player.x-5.5,BLACKLINE.snapshot().player.y-3.5)<0.2
true

$ agent-browser --session blackline press e
✓ Done

$ agent-browser --session blackline wait --fn BLACKLINE.snapshot().player.objective
true

$ agent-browser --session blackline eval BLACKLINE.snapshot()
{
  "action": null,
  "alarms": 0,
  "alert": 20,
  "audio": {
    "activeNodes": 0,
    "effects": 0.65,
    "enabled": true,
    "master": 0.5,
    "state": "running"
  },
  "cameras": [
    {
      "angle": 3.278009087888925,
      "base": 3.141592653589793,
      "disabled": 0,
      "phase": 3.3152712425217032,
      "seeing": false,
      "suspicion": 0,
      "x": 22.9,
      "y": 9.5
    },
    {
      "angle": 1.7457325772370418,
      "base": 2.2,
      "disabled": 0,
      "phase": 1.601427550893277,
      "seeing": false,
      "suspicion": 0,
      "x": 22.5,
      "y": 2.5
    }
  ],
  "charges": [
    5,
    3,
    3
  ],
  "cooldown": 0,
  "detections": 0,
  "diagnostics": {
    "collision": false,
    "memory": false,
    "navigation": false,
    "perception": false,
    "sound": false,
    "timing": false
  },
  "difficulty": "ghost",
  "doors": [
    {
      "anim": 0.9999999999999902,
      "id": 0,
      "locked": false,
      "open": true,
      "x": 5,
      "y": 7
    },
    {
      "anim": 0.9999999999999502,
      "id": 1,
      "locked": false,
      "open": true,
      "x": 11,
      "y": 7
    },
    {
      "anim": 0,
      "id": 2,
      "locked": false,
      "open": false,
      "x": 20,
      "y": 7
    },
    {
      "anim": 0.9999999999999998,
      "id": 3,
      "locked": false,
      "open": true,
      "x": 3,
      "y": 11
    },
    {
      "anim": 0,
      "id": 4,
      "locked": false,
      "open": false,
      "x": 11,
      "y": 11
    },
    {
      "anim": 0,
      "id": 5,
      "locked": false,
      "open": false,
      "x": 21,
      "y": 11
    }
  ],
  "events": [
    {
      "t": 0,
      "text": "Operation underway.",
      "type": "start"
    },
    {
      "t": 0.033,
      "text": "Connecting to terminal. Hold position.",
      "type": "action"
    },
    {
      "t": 1.233,
      "text": "Access badge cloned. All locks authorized.",
      "type": "terminal",
      "x": 3.5,
      "y": 14.5
    },
    {
      "t": 1.233,
      "text": "terminal: noise 2.5",
      "type": "sound",
      "x": 3.5,
      "y": 14.5
    },
    {
      "t": 2.45,
      "text": "G01 · idle / observing",
      "type": "guard",
      "x": 5.5,
      "y": 5.298
    },
    {
      "t": 2.517,
      "text": "door: noise 3.0",
      "type": "sound",
      "x": 3.5,
      "y": 11.5
    },
    {
      "t": 2.517,
      "text": "Door opened.",
      "type": "door",
      "x": 3.5,
      "y": 11.5
    },
    {
      "t": 3.317,
      "text": "G02 · idle / observing",
      "type": "guard",
      "x": 11.705,
      "y": 9.5
    },
    {
      "t": 3.9,
      "text": "G01 · patrol",
      "type": "guard",
      "x": 5.5,
      "y": 5.298
    },
    {
      "t": 4.367,
      "text": "G02 · patrol",
      "type": "guard",
      "x": 11.705,
      "y": 9.5
    },
    {
      "t": 4.833,
      "text": "door: noise 3.0",
      "type": "sound",
      "x": 5.5,
      "y": 7.5
    },
    {
      "t": 4.833,
      "text": "Door opened.",
      "type": "door",
      "x": 5.5,
      "y": 7.5
    },
    {
      "t": 4.85,
      "text": "G01 · suspicious / movement seen",
      "type": "guard",
      "x": 5.5,
      "y": 6.372
    },
    {
      "t": 4.85,
      "text": "Smoke deployed. Vision blocked for 9 seconds.",
      "type": "gadget",
      "x": 5.491,
      "y": 8.595
    },
    {
      "t": 4.85,
      "text": "smoke: noise 4.0",
      "type": "sound",
      "x": 5.491,
      "y": 8.595
    },
    {
      "t": 4.867,
      "text": "G01 · investigate / last visual position",
      "type": "guard",
      "x": 5.5,
      "y": 6.372
    },
    {
      "t": 4.867,
      "text": "G01 investigating door",
      "type": "heard",
      "x": 5.5,
      "y": 7.5
    },
    {
      "t": 4.883,
      "text": "G01 investigating smoke",
      "type": "heard",
      "x": 5.491,
      "y": 8.595
    },
    {
      "t": 4.983,
      "text": "guard door: noise 2.0",
      "type": "sound",
      "x": 11.5,
      "y": 7.5
    },
    {
      "t": 5.717,
      "text": "Gadget cooling down.",
      "type": "hint"
    },
    {
      "t": 6.133,
      "text": "G01 · search / at source",
      "type": "guard",
      "x": 5.5,
      "y": 8.047
    },
    {
      "t": 6.867,
      "text": "Decrypting the ledger. Hold position.",
      "type": "action"
    },
    {
      "t": 7.767,
      "text": "Ledger acquired. Return to the green extraction zone.",
      "type": "objective",
      "x": 5.5,
      "y": 3.655
    },
    {
      "t": 7.767,
      "text": "ledger: noise 3.0",
      "type": "sound",
      "x": 5.5,
      "y": 3.655
    }
  ],
  "exit": {
    "x": 3.5,
    "y": 15.5
  },
  "fingerprint": "998045ba",
  "fps": 59.99948230574511,
  "frameTime": 0.800000011920929,
  "guards": [
    {
      "angle": 1.570796326794898,
      "capture": 0,
      "heardId": 9,
      "id": 1,
      "lastKnown": {
        "x": 5.490621778891478,
        "y": 8.595288330412089
      },
      "lost": 0,
      "path": [
        {
          "x": 5.5,
          "y": 10.5
        },
        {
          "x": 4.5,
          "y": 10.5
        }
      ],
      "radio": 0,
      "repath": 0.09166666666666662,
      "route": [
        {
          "x": 5.5,
          "y": 2.5
        },
        {
          "x": 5.5,
          "y": 5.5
        },
        {
          "x": 5.5,
          "y": 9.5
        },
        {
          "x": 9.5,
          "y": 9.5
        },
        {
          "x": 5.5,
          "y": 9.5
        }
      ],
      "searchTarget": {
        "x": 4.5,
        "y": 10.5
      },
      "searchTime": 5.333333333333339,
      "seeing": false,
      "state": "search",
      "suspicion": 0,
      "wait": -0.0006313472986220828,
      "wp": 2,
      "x": 5.5,
      "y": 9.580166666666608
    },
    {
      "angle": 4.711576315232003,
      "capture": 0,
      "heardId": 0,
      "id": 2,
      "lastKnown": null,
      "lost": 0,
      "path": [
        {
          "x": 11.5,
          "y": 4.5
        },
        {
          "x": 11.5,
          "y": 3.5
        },
        {
          "x": 11.5,
          "y": 2.5
        }
      ],
      "radio": 0,
      "repath": 0.1999999999999999,
      "route": [
        {
          "x": 11.5,
          "y": 2.5
        },
        {
          "x": 11.5,
          "y": 5.5
        },
        {
          "x": 11.5,
          "y": 9.5
        },
        {
          "x": 15.5,
          "y": 9.5
        },
        {
          "x": 11.5,
          "y": 9.5
        }
      ],
      "searchTime": 0,
      "seeing": false,
      "state": "patrol",
      "suspicion": 0,
      "wait": -0.002779870666564887,
      "wp": 0,
      "x": 11.500129968017012,
      "y": 5.586420145952247
    }
  ],
  "historyCount": 0,
  "keys": [],
  "objective": {
    "collected": true,
    "x": 5.5,
    "y": 3.5
  },
  "paused": false,
  "phase": "active",
  "player": {
    "angle": -1.5707956621991903,
    "exposure": 0,
    "health": 100,
    "key": true,
    "noise": 2.933333333333333,
    "objective": true,
    "path": [],
    "run": false,
    "x": 5.499999896771565,
    "y": 3.6553251601243
  },
  "preset": "dockside",
  "replay": null,
  "result": null,
  "securityOff": false,
  "seed": "DOCK-031",
  "selected": 0,
  "smokes": [
    {
      "maxTtl": 9,
      "radius": 1.85,
      "ttl": 6.066666666666625,
      "x": 5.490621778891478,
      "y": 8.595288330412089
    }
  ],
  "sounds": [
    {
      "age": 2.033333333333331,
      "id": 12,
      "intensity": 1.15,
      "owner": "player",
      "ttl": 2.4,
      "type": "footstep",
      "x": 5.499924663498068,
      "y": 6.558658491020648
    },
    {
      "age": 1.4333333333333331,
      "id": 13,
      "intensity": 1.15,
      "owner": "player",
      "ttl": 2.4,
      "type": "footstep",
      "x": 5.499996618613157,
      "y": 4.998658493448463
    },
    {
      "age": 0.016666666666666666,
      "id": 14,
      "intensity": 3,
      "owner": "player",
      "ttl": 2.4,
      "type": "ledger",
      "x": 5.499999896771565,
      "y": 3.6553251601243
    }
  ],
  "storageOK": true,
  "terminals": [
    {
      "name": "Access terminal",
      "type": "badge",
      "used": true,
      "x": 3.5,
      "y": 14.5
    },
    {
      "name": "Security terminal",
      "type": "security",
      "used": false,
      "x": 10.5,
      "y": 3.5
    }
  ],
  "time": 7.783333333333311,
  "touchDirections": [],
  "view": {
    "height": 475,
    "scale": 22.526315789473685,
    "width": 918,
    "x": 177.42105263157896,
    "y": 23.5
  }
}

$ agent-browser --session blackline screenshot /home/pyro/projects/naked/astra/bench/10-stealth-heist/evidence/screenshots/03-ledger-acquired.png
✓ Screenshot saved to /home/pyro/projects/naked/astra/bench/10-stealth-heist/evidence/screenshots/03-ledger-acquired.png

$ agent-browser --session blackline eval '(()=>{const s=BLACKLINE.snapshot(),r=document.getElementById("game").getBoundingClientRect();return {x:r.x,y:r.y,v:s.view}})()'
{
  "v": {
    "height": 475,
    "scale": 22.526315789473685,
    "width": 918,
    "x": 177.42105263157896,
    "y": 23.5
  },
  "x": 35,
  "y": 222
}

$ agent-browser --session blackline mouse move 291 302
✓ Done

$ agent-browser --session blackline mouse down left
✓ Done

$ agent-browser --session blackline mouse up left
✓ Done

$ agent-browser --session blackline wait --fn Math.hypot(BLACKLINE.snapshot().player.x-3.5,BLACKLINE.snapshot().player.y-2.5)<0.2
true

$ agent-browser --session blackline press e
✓ Done

$ agent-browser --session blackline eval '(()=>{const s=BLACKLINE.snapshot(),r=document.getElementById("game").getBoundingClientRect();return {x:r.x,y:r.y,v:s.view}})()'
{
  "v": {
    "height": 475,
    "scale": 22.526315789473685,
    "width": 918,
    "x": 177.42105263157896,
    "y": 23.5
  },
  "x": 35,
  "y": 222
}

$ agent-browser --session blackline mouse move 336 437
✓ Done

$ agent-browser --session blackline mouse down left
✓ Done

$ agent-browser --session blackline mouse up left
✓ Done

$ agent-browser --session blackline wait --fn Math.hypot(BLACKLINE.snapshot().player.x-5.5,BLACKLINE.snapshot().player.y-8.5)<0.2
true

$ agent-browser --session blackline eval '(()=>{const s=BLACKLINE.snapshot(),r=document.getElementById("game").getBoundingClientRect();return {x:r.x,y:r.y,v:s.view}})()'
{
  "v": {
    "height": 475,
    "scale": 22.526315789473685,
    "width": 918,
    "x": 177.42105263157896,
    "y": 23.5
  },
  "x": 35,
  "y": 222
}

$ agent-browser --session blackline mouse move 291 595
✓ Done

$ agent-browser --session blackline mouse down left
✓ Done

$ agent-browser --session blackline mouse up left
✓ Done

$ agent-browser --session blackline wait --fn Math.hypot(BLACKLINE.snapshot().player.x-3.5,BLACKLINE.snapshot().player.y-15.5)<0.2
true

$ agent-browser --session blackline press e
✓ Done

$ agent-browser --session blackline wait --fn BLACKLINE.snapshot().phase==="won"
✗ Wait timed out after 25000ms

$ agent-browser --session blackline eval BLACKLINE.snapshot()
{
  "action": null,
  "alarms": 1,
  "alert": 100,
  "audio": {
    "activeNodes": 0,
    "effects": 0.65,
    "enabled": true,
    "master": 0.5,
    "state": "running"
  },
  "cameras": [
    {
      "angle": 2.6954752513577938,
      "base": 3.141592653589793,
      "disabled": 0,
      "phase": 3.3152712425217032,
      "seeing": false,
      "suspicion": 0,
      "x": 22.9,
      "y": 9.5
    },
    {
      "angle": 2.3746102606540513,
      "base": 2.2,
      "disabled": 0,
      "phase": 1.601427550893277,
      "seeing": false,
      "suspicion": 0,
      "x": 22.5,
      "y": 2.5
    }
  ],
  "charges": [
    5,
    3,
    3
  ],
  "cooldown": 0,
  "detections": 1,
  "diagnostics": {
    "collision": false,
    "memory": false,
    "navigation": false,
    "perception": false,
    "sound": false,
    "timing": false
  },
  "difficulty": "ghost",
  "doors": [
    {
      "anim": 0.9999999999999998,
      "id": 0,
      "locked": false,
      "open": true,
      "x": 5,
      "y": 7
    },
    {
      "anim": 0.9999999999999998,
      "id": 1,
      "locked": false,
      "open": true,
      "x": 11,
      "y": 7
    },
    {
      "anim": 0,
      "id": 2,
      "locked": false,
      "open": false,
      "x": 20,
      "y": 7
    },
    {
      "anim": 0.9999999999999998,
      "id": 3,
      "locked": false,
      "open": true,
      "x": 3,
      "y": 11
    },
    {
      "anim": 0,
      "id": 4,
      "locked": false,
      "open": false,
      "x": 11,
      "y": 11
    },
    {
      "anim": 0,
      "id": 5,
      "locked": false,
      "open": false,
      "x": 21,
      "y": 11
    }
  ],
  "events": [
    {
      "t": 0,
      "text": "Operation underway.",
      "type": "start"
    },
    {
      "t": 0.033,
      "text": "Connecting to terminal. Hold position.",
      "type": "action"
    },
    {
      "t": 1.233,
      "text": "Access badge cloned. All locks authorized.",
      "type": "terminal",
      "x": 3.5,
      "y": 14.5
    },
    {
      "t": 1.233,
      "text": "terminal: noise 2.5",
      "type": "sound",
      "x": 3.5,
      "y": 14.5
    },
    {
      "t": 2.45,
      "text": "G01 · idle / observing",
      "type": "guard",
      "x": 5.5,
      "y": 5.298
    },
    {
      "t": 2.517,
      "text": "door: noise 3.0",
      "type": "sound",
      "x": 3.5,
      "y": 11.5
    },
    {
      "t": 2.517,
      "text": "Door opened.",
      "type": "door",
      "x": 3.5,
      "y": 11.5
    },
    {
      "t": 3.317,
      "text": "G02 · idle / observing",
      "type": "guard",
      "x": 11.705,
      "y": 9.5
    },
    {
      "t": 3.9,
      "text": "G01 · patrol",
      "type": "guard",
      "x": 5.5,
      "y": 5.298
    },
    {
      "t": 4.367,
      "text": "G02 · patrol",
      "type": "guard",
      "x": 11.705,
      "y": 9.5
    },
    {
      "t": 4.833,
      "text": "door: noise 3.0",
      "type": "sound",
      "x": 5.5,
      "y": 7.5
    },
    {
      "t": 4.833,
      "text": "Door opened.",
      "type": "door",
      "x": 5.5,
      "y": 7.5
    },
    {
      "t": 4.85,
      "text": "G01 · suspicious / movement seen",
      "type": "guard",
      "x": 5.5,
      "y": 6.372
    },
    {
      "t": 4.85,
      "text": "Smoke deployed. Vision blocked for 9 seconds.",
      "type": "gadget",
      "x": 5.491,
      "y": 8.595
    },
    {
      "t": 4.85,
      "text": "smoke: noise 4.0",
      "type": "sound",
      "x": 5.491,
      "y": 8.595
    },
    {
      "t": 4.867,
      "text": "G01 · investigate / last visual position",
      "type": "guard",
      "x": 5.5,
      "y": 6.372
    },
    {
      "t": 4.867,
      "text": "G01 investigating door",
      "type": "heard",
      "x": 5.5,
      "y": 7.5
    },
    {
      "t": 4.883,
      "text": "G01 investigating smoke",
      "type": "heard",
      "x": 5.491,
      "y": 8.595
    },
    {
      "t": 4.983,
      "text": "guard door: noise 2.0",
      "type": "sound",
      "x": 11.5,
      "y": 7.5
    },
    {
      "t": 5.717,
      "text": "Gadget cooling down.",
      "type": "hint"
    },
    {
      "t": 6.133,
      "text": "G01 · search / at source",
      "type": "guard",
      "x": 5.5,
      "y": 8.047
    },
    {
      "t": 6.867,
      "text": "Decrypting the ledger. Hold position.",
      "type": "action"
    },
    {
      "t": 7.767,
      "text": "Ledger acquired. Return to the green extraction zone.",
      "type": "objective",
      "x": 5.5,
      "y": 3.655
    },
    {
      "t": 7.767,
      "text": "ledger: noise 3.0",
      "type": "sound",
      "x": 5.5,
      "y": 3.655
    },
    {
      "t": 9.117,
      "text": "intel: noise 1.5",
      "type": "sound",
      "x": 3.509,
      "y": 2.595
    },
    {
      "t": 9.117,
      "text": "Optional intelligence acquired.",
      "type": "loot",
      "x": 3.509,
      "y": 2.595
    },
    {
      "t": 10.3,
      "text": "G02 · idle / observing",
      "type": "guard",
      "x": 11.5,
      "y": 2.711
    },
    {
      "t": 12.483,
      "text": "G02 · patrol",
      "type": "guard",
      "x": 11.5,
      "y": 2.711
    },
    {
      "t": 13.133,
      "text": "G01 · return / area clear",
      "type": "guard",
      "x": 4.17,
      "y": 10.424
    },
    {
      "t": 13.283,
      "text": "G01 · suspicious / movement seen",
      "type": "guard",
      "x": 4.339,
      "y": 10.433
    },
    {
      "t": 13.383,
      "text": "G01 · investigate / last visual position",
      "type": "guard",
      "x": 4.339,
      "y": 10.433
    },
    {
      "t": 13.383,
      "text": "G01 · search / at source",
      "type": "guard",
      "x": 4.339,
      "y": 10.433
    },
    {
      "t": 13.5,
      "text": "G01 · suspicious / movement seen",
      "type": "guard",
      "x": 4.232,
      "y": 10.442
    },
    {
      "t": 14.433,
      "text": "G01 · investigate / last visual position",
      "type": "guard",
      "x": 4.232,
      "y": 10.442
    },
    {
      "t": 14.45,
      "text": "G01 · suspicious / movement seen",
      "type": "guard",
      "x": 4.21,
      "y": 10.443
    },
    {
      "t": 14.467,
      "text": "G01 · investigate / last visual position",
      "type": "guard",
      "x": 4.21,
      "y": 10.443
    },
    {
      "t": 14.5,
      "text": "G01 · suspicious / movement seen",
      "type": "guard",
      "x": 4.166,
      "y": 10.447
    },
    {
      "t": 14.55,
      "text": "G01 · investigate / last visual position",
      "type": "guard",
      "x": 4.166,
      "y": 10.447
    },
    {
      "t": 14.567,
      "text": "G01 · suspicious / movement seen",
      "type": "guard",
      "x": 4.144,
      "y": 10.449
    },
    {
      "t": 14.65,
      "text": "G01 · investigate / last visual position",
      "type": "guard",
      "x": 4.144,
      "y": 10.449
    },
    {
      "t": 14.667,
      "text": "G01 · suspicious / movement seen",
      "type": "guard",
      "x": 4.122,
      "y": 10.45
    },
    {
      "t": 14.75,
      "text": "G02 · idle / observing",
      "type": "guard",
      "x": 11.5,
      "y": 5.299
    },
    {
      "t": 14.783,
      "text": "G01 · investigate / last visual position",
      "type": "guard",
      "x": 4.122,
      "y": 10.45
    },
    {
      "t": 14.8,
      "text": "G01 · suspicious / movement seen",
      "type": "guard",
      "x": 4.1,
      "y": 10.452
    },
    {
      "t": 14.933,
      "text": "G01 · pursuit / visual contact",
      "type": "guard",
      "x": 4.1,
      "y": 10.452
    },
    {
      "t": 14.933,
      "text": "Alarm broadcast · guard 1",
      "type": "alarm",
      "x": 3.5,
      "y": 13.788
    },
    {
      "t": 15.55,
      "text": "Extraction exposed. Break visual contact first.",
      "type": "hint"
    },
    {
      "t": 16.1,
      "text": "G02 · investigate / radio report",
      "type": "guard",
      "x": 11.5,
      "y": 5.299
    },
    {
      "t": 17.7,
      "text": "Agent intercepted. Operation compromised.",
      "type": "capture",
      "x": 3.5,
      "y": 15.391
    }
  ],
  "exit": {
    "x": 3.5,
    "y": 15.5
  },
  "fingerprint": "998045ba",
  "fps": 31.165834578030328,
  "frameTime": 0.699999988079071,
  "guards": [
    {
      "angle": 1.5708208507124812,
      "capture": 0.6500000000000004,
      "heardId": 9,
      "id": 1,
      "lastKnown": {
        "x": 3.50000075020535,
        "y": 15.391155972881135
      },
      "lost": 0,
      "path": [],
      "radio": 0,
      "repath": 0.5750000000000001,
      "route": [
        {
          "x": 5.5,
          "y": 2.5
        },
        {
          "x": 5.5,
          "y": 5.5
        },
        {
          "x": 5.5,
          "y": 9.5
        },
        {
          "x": 9.5,
          "y": 9.5
        },
        {
          "x": 5.5,
          "y": 9.5
        }
      ],
      "searchTarget": {
        "x": 3.5,
        "y": 11.5
      },
      "searchTime": 7,
      "seeing": true,
      "state": "pursuit",
      "suspicion": 1,
      "wait": -0.0006313472986220828,
      "wp": 2,
      "x": 3.5000037801642763,
      "y": 15.285520508989476
    },
    {
      "angle": 1.5707963993514038,
      "capture": 0,
      "heardId": 0,
      "id": 2,
      "lastKnown": {
        "x": 3.5000514316180227,
        "y": 13.78782264115346
      },
      "lost": 0,
      "path": [
        {
          "x": 11.5,
          "y": 8.5
        },
        {
          "x": 11.5,
          "y": 9.5
        },
        {
          "x": 11.5,
          "y": 10.5
        },
        {
          "x": 10.5,
          "y": 10.5
        },
        {
          "x": 9.5,
          "y": 10.5
        },
        {
          "x": 8.5,
          "y": 10.5
        },
        {
          "x": 7.5,
          "y": 10.5
        },
        {
          "x": 6.5,
          "y": 10.5
        },
        {
          "x": 5.5,
          "y": 10.5
        },
        {
          "x": 4.5,
          "y": 10.5
        },
        {
          "x": 3.5,
          "y": 10.5
        },
        {
          "x": 3.5,
          "y": 11.5
        },
        {
          "x": 3.5,
          "y": 12.5
        },
        {
          "x": 3.5,
          "y": 13.5
        }
      ],
      "radio": 0,
      "repath": 0.1999999999999999,
      "route": [
        {
          "x": 11.5,
          "y": 2.5
        },
        {
          "x": 11.5,
          "y": 5.5
        },
        {
          "x": 11.5,
          "y": 9.5
        },
        {
          "x": 15.5,
          "y": 9.5
        },
        {
          "x": 11.5,
          "y": 9.5
        }
      ],
      "searchTime": 9,
      "seeing": false,
      "state": "investigate",
      "suspicion": 0,
      "wait": 0.427397707096923,
      "wp": 2,
      "x": 11.500000000299664,
      "y": 7.436961819209732
    }
  ],
  "historyCount": 1,
  "keys": [],
  "objective": {
    "collected": true,
    "x": 5.5,
    "y": 3.5
  },
  "paused": true,
  "phase": "lost",
  "player": {
    "angle": 1.57080321927554,
    "exposure": 1,
    "health": 100,
    "key": true,
    "noise": 0,
    "objective": true,
    "path": [],
    "run": false,
    "x": 3.50000075020535,
    "y": 15.391155972881135
  },
  "preset": "dockside",
  "replay": null,
  "result": {
    "alarms": 1,
    "detections": 1,
    "loot": 1,
    "rank": "—",
    "score": 0,
    "time": 17.7,
    "won": false
  },
  "securityOff": false,
  "seed": "DOCK-031",
  "selected": 0,
  "smokes": [],
  "sounds": [
    {
      "age": 2.3499999999999965,
      "id": 28,
      "intensity": 1.15,
      "owner": "player",
      "ttl": 2.4,
      "type": "footstep",
      "x": 3.500004334295286,
      "y": 14.87115597289348
    }
  ],
  "storageOK": true,
  "terminals": [
    {
      "name": "Access terminal",
      "type": "badge",
      "used": true,
      "x": 3.5,
      "y": 14.5
    },
    {
      "name": "Security terminal",
      "type": "security",
      "used": false,
      "x": 10.5,
      "y": 3.5
    }
  ],
  "time": 17.700000000000276,
  "touchDirections": [],
  "view": {
    "height": 475,
    "scale": 22.526315789473685,
    "width": 918,
    "x": 177.42105263157896,
    "y": 23.5
  }
}

$ agent-browser --session blackline screenshot /home/pyro/projects/naked/astra/bench/10-stealth-heist/evidence/screenshots/05-attempt-state.png
✓ Screenshot saved to /home/pyro/projects/naked/astra/bench/10-stealth-heist/evidence/screenshots/05-attempt-state.png

$ agent-browser --session blackline find role button click --name 'Retry seed'
✓ Done

$ agent-browser --session blackline press e
✓ Done

$ agent-browser --session blackline wait --fn BLACKLINE.snapshot().player.key
true

$ agent-browser --session blackline keydown ArrowUp
✓ Done

$ agent-browser --session blackline wait --fn BLACKLINE.snapshot().player.y<12.55
true

$ agent-browser --session blackline keyup ArrowUp
✓ Done

$ agent-browser --session blackline press e
✓ Done

$ agent-browser --session blackline eval '(()=>{const s=BLACKLINE.snapshot(),r=document.getElementById("game").getBoundingClientRect();return {x:r.x,y:r.y,v:s.view}})()'
{
  "v": {
    "height": 475,
    "scale": 22.526315789473685,
    "width": 918,
    "x": 177.42105263157896,
    "y": 23.5
  },
  "x": 35,
  "y": 222
}

$ agent-browser --session blackline mouse move 336 437
✓ Done

$ agent-browser --session blackline mouse down left
✓ Done

$ agent-browser --session blackline mouse up left
✓ Done

$ agent-browser --session blackline wait --fn Math.hypot(BLACKLINE.snapshot().player.x-5.5,BLACKLINE.snapshot().player.y-8.5)<0.2
true

$ agent-browser --session blackline eval BLACKLINE.snapshot()
{
  "action": null,
  "alarms": 0,
  "alert": 0,
  "audio": {
    "activeNodes": 0,
    "effects": 0.65,
    "enabled": true,
    "master": 0.5,
    "state": "running"
  },
  "cameras": [
    {
      "angle": 2.754288981542315,
      "base": 3.141592653589793,
      "disabled": 0,
      "phase": 3.3152712425217032,
      "seeing": false,
      "suspicion": 0,
      "x": 22.9,
      "y": 9.5
    },
    {
      "angle": 2.009563795363713,
      "base": 2.2,
      "disabled": 0,
      "phase": 1.601427550893277,
      "seeing": false,
      "suspicion": 0,
      "x": 22.5,
      "y": 2.5
    }
  ],
  "charges": [
    5,
    4,
    3
  ],
  "cooldown": 0,
  "detections": 0,
  "diagnostics": {
    "collision": false,
    "memory": false,
    "navigation": false,
    "perception": false,
    "sound": false,
    "timing": false
  },
  "difficulty": "ghost",
  "doors": [
    {
      "anim": 0,
      "id": 0,
      "locked": false,
      "open": false,
      "x": 5,
      "y": 7
    },
    {
      "anim": 0,
      "id": 1,
      "locked": false,
      "open": false,
      "x": 11,
      "y": 7
    },
    {
      "anim": 0,
      "id": 2,
      "locked": false,
      "open": false,
      "x": 20,
      "y": 7
    },
    {
      "anim": 0.9999999999576106,
      "id": 3,
      "locked": false,
      "open": true,
      "x": 3,
      "y": 11
    },
    {
      "anim": 0,
      "id": 4,
      "locked": false,
      "open": false,
      "x": 11,
      "y": 11
    },
    {
      "anim": 0,
      "id": 5,
      "locked": false,
      "open": false,
      "x": 21,
      "y": 11
    }
  ],
  "events": [
    {
      "t": 0,
      "text": "Operation underway.",
      "type": "start"
    },
    {
      "t": 0,
      "text": "Connecting to terminal. Hold position.",
      "type": "action"
    },
    {
      "t": 1.2,
      "text": "Access badge cloned. All locks authorized.",
      "type": "terminal",
      "x": 3.5,
      "y": 14.5
    },
    {
      "t": 1.2,
      "text": "terminal: noise 2.5",
      "type": "sound",
      "x": 3.5,
      "y": 14.5
    },
    {
      "t": 2.45,
      "text": "G01 · idle / observing",
      "type": "guard",
      "x": 5.5,
      "y": 5.298
    },
    {
      "t": 2.5,
      "text": "door: noise 3.0",
      "type": "sound",
      "x": 3.5,
      "y": 11.5
    },
    {
      "t": 2.5,
      "text": "Door opened.",
      "type": "door",
      "x": 3.5,
      "y": 11.5
    },
    {
      "t": 3.317,
      "text": "G02 · idle / observing",
      "type": "guard",
      "x": 11.705,
      "y": 9.5
    },
    {
      "t": 3.9,
      "text": "G01 · patrol",
      "type": "guard",
      "x": 5.5,
      "y": 5.298
    },
    {
      "t": 4.367,
      "text": "G02 · patrol",
      "type": "guard",
      "x": 11.705,
      "y": 9.5
    }
  ],
  "exit": {
    "x": 3.5,
    "y": 15.5
  },
  "fingerprint": "998045ba",
  "fps": 60.01265003797252,
  "frameTime": 0.699999988079071,
  "guards": [
    {
      "angle": 1.570692314632487,
      "capture": 0,
      "heardId": 0,
      "id": 1,
      "lastKnown": null,
      "lost": 0,
      "path": [
        {
          "x": 5.5,
          "y": 6.5
        },
        {
          "x": 5.5,
          "y": 7.5
        },
        {
          "x": 5.5,
          "y": 8.5
        },
        {
          "x": 5.5,
          "y": 9.5
        }
      ],
      "radio": 0,
      "repath": 0.39166666666666655,
      "route": [
        {
          "x": 5.5,
          "y": 2.5
        },
        {
          "x": 5.5,
          "y": 5.5
        },
        {
          "x": 5.5,
          "y": 9.5
        },
        {
          "x": 9.5,
          "y": 9.5
        },
        {
          "x": 5.5,
          "y": 9.5
        }
      ],
      "searchTime": 0,
      "seeing": false,
      "state": "patrol",
      "suspicion": 0,
      "wait": -0.0006313472986220828,
      "wp": 2,
      "x": 5.5,
      "y": 6.199166666666696
    },
    {
      "angle": 4.430431570123822,
      "capture": 0,
      "heardId": 0,
      "id": 2,
      "lastKnown": null,
      "lost": 0,
      "path": [
        {
          "x": 11.5,
          "y": 8.5
        },
        {
          "x": 11.5,
          "y": 7.5
        },
        {
          "x": 11.5,
          "y": 6.5
        },
        {
          "x": 11.5,
          "y": 5.5
        },
        {
          "x": 11.5,
          "y": 4.5
        },
        {
          "x": 11.5,
          "y": 3.5
        },
        {
          "x": 11.5,
          "y": 2.5
        }
      ],
      "radio": 0,
      "repath": 0.2999999999999999,
      "route": [
        {
          "x": 11.5,
          "y": 2.5
        },
        {
          "x": 11.5,
          "y": 5.5
        },
        {
          "x": 11.5,
          "y": 9.5
        },
        {
          "x": 15.5,
          "y": 9.5
        },
        {
          "x": 11.5,
          "y": 9.5
        }
      ],
      "searchTime": 0,
      "seeing": false,
      "state": "patrol",
      "suspicion": 0,
      "wait": -0.002779870666564887,
      "wp": 0,
      "x": 11.631866731638112,
      "y": 9.143252349454368
    }
  ],
  "historyCount": 1,
  "keys": [],
  "objective": {
    "collected": false,
    "x": 5.5,
    "y": 3.5
  },
  "paused": false,
  "phase": "active",
  "player": {
    "angle": -1.5622664293151205,
    "exposure": 0,
    "health": 100,
    "key": true,
    "noise": 0,
    "objective": false,
    "path": [
      {
        "x": 5.5,
        "y": 8.5
      }
    ],
    "run": false,
    "x": 5.498419713949707,
    "y": 8.685259872946585
  },
  "preset": "dockside",
  "replay": null,
  "result": null,
  "securityOff": false,
  "seed": "DOCK-031",
  "selected": 0,
  "smokes": [],
  "sounds": [
    {
      "age": 2.2166666666666637,
      "id": 3,
      "intensity": 1.15,
      "owner": "player",
      "ttl": 2.4,
      "type": "footstep",
      "x": 3.5,
      "y": 12.380000000000024
    },
    {
      "age": 2.1833333333333305,
      "id": 4,
      "intensity": 3,
      "owner": "player",
      "ttl": 2.4,
      "type": "door",
      "x": 3.5,
      "y": 11.5
    },
    {
      "age": 1.5833333333333326,
      "id": 5,
      "intensity": 1.15,
      "owner": "player",
      "ttl": 2.4,
      "type": "footstep",
      "x": 3.5,
      "y": 10.993333333333368
    },
    {
      "age": 0.9833333333333348,
      "id": 6,
      "intensity": 1.15,
      "owner": "player",
      "ttl": 2.4,
      "type": "footstep",
      "x": 4.66516976425915,
      "y": 10.507471281544351
    },
    {
      "age": 0.3833333333333333,
      "id": 7,
      "intensity": 1.15,
      "owner": "player",
      "ttl": 2.4,
      "type": "footstep",
      "x": 5.482195632842992,
      "y": 9.681479339867636
    }
  ],
  "storageOK": true,
  "terminals": [
    {
      "name": "Access terminal",
      "type": "badge",
      "used": true,
      "x": 3.5,
      "y": 14.5
    },
    {
      "name": "Security terminal",
      "type": "security",
      "used": false,
      "x": 10.5,
      "y": 3.5
    }
  ],
  "time": 4.683333333333322,
  "touchDirections": [],
  "view": {
    "height": 475,
    "scale": 22.526315789473685,
    "width": 918,
    "x": 177.42105263157896,
    "y": 23.5
  }
}

$ agent-browser --session blackline press e
✓ Done

$ agent-browser --session blackline press 2
✓ Done

$ agent-browser --session blackline press q
✓ Done

$ agent-browser --session blackline eval '(()=>{const s=BLACKLINE.snapshot(),r=document.getElementById("game").getBoundingClientRect();return {x:r.x,y:r.y,v:s.view}})()'
{
  "v": {
    "height": 475,
    "scale": 22.526315789473685,
    "width": 918,
    "x": 177.42105263157896,
    "y": 23.5
  },
  "x": 35,
  "y": 222
}

$ agent-browser --session blackline mouse move 336 392
✓ Done

$ agent-browser --session blackline mouse down left
✓ Done

$ agent-browser --session blackline mouse up left
✓ Done

$ agent-browser --session blackline wait --fn Math.hypot(BLACKLINE.snapshot().player.x-5.5,BLACKLINE.snapshot().player.y-6.5)<0.2
true

$ agent-browser --session blackline wait --fn BLACKLINE.snapshot().cooldown===0
true

$ agent-browser --session blackline press 1
✓ Done

$ agent-browser --session blackline eval '(()=>{const s=BLACKLINE.snapshot(),r=document.getElementById("game").getBoundingClientRect();return {x:r.x,y:r.y,v:s.view}})()'
{
  "v": {
    "height": 475,
    "scale": 22.526315789473685,
    "width": 918,
    "x": 177.42105263157896,
    "y": 23.5
  },
  "x": 35,
  "y": 222
}

$ agent-browser --session blackline mouse move 246 392
✓ Done

$ agent-browser --session blackline press q
✓ Done

$ agent-browser --session blackline wait --fn BLACKLINE.snapshot().guards.some(g=>g.state==="investigate")
true

$ agent-browser --session blackline eval BLACKLINE.snapshot()
{
  "action": null,
  "alarms": 0,
  "alert": 20,
  "audio": {
    "activeNodes": 0,
    "effects": 0.65,
    "enabled": true,
    "master": 0.5,
    "state": "running"
  },
  "cameras": [
    {
      "angle": 2.9223037089343764,
      "base": 3.141592653589793,
      "disabled": 0,
      "phase": 3.3152712425217032,
      "seeing": false,
      "suspicion": 0,
      "x": 22.9,
      "y": 9.5
    },
    {
      "angle": 1.8310253559470075,
      "base": 2.2,
      "disabled": 0,
      "phase": 1.601427550893277,
      "seeing": false,
      "suspicion": 0,
      "x": 22.5,
      "y": 2.5
    }
  ],
  "charges": [
    4,
    3,
    3
  ],
  "cooldown": 1.1,
  "detections": 0,
  "diagnostics": {
    "collision": false,
    "memory": false,
    "navigation": false,
    "perception": false,
    "sound": false,
    "timing": false
  },
  "difficulty": "ghost",
  "doors": [
    {
      "anim": 0.999997611465434,
      "id": 0,
      "locked": false,
      "open": true,
      "x": 5,
      "y": 7
    },
    {
      "anim": 0.99994700770683,
      "id": 1,
      "locked": false,
      "open": true,
      "x": 11,
      "y": 7
    },
    {
      "anim": 0,
      "id": 2,
      "locked": false,
      "open": false,
      "x": 20,
      "y": 7
    },
    {
      "anim": 0.9999999999999998,
      "id": 3,
      "locked": false,
      "open": true,
      "x": 3,
      "y": 11
    },
    {
      "anim": 0,
      "id": 4,
      "locked": false,
      "open": false,
      "x": 11,
      "y": 11
    },
    {
      "anim": 0,
      "id": 5,
      "locked": false,
      "open": false,
      "x": 21,
      "y": 11
    }
  ],
  "events": [
    {
      "t": 0,
      "text": "Operation underway.",
      "type": "start"
    },
    {
      "t": 0,
      "text": "Connecting to terminal. Hold position.",
      "type": "action"
    },
    {
      "t": 1.2,
      "text": "Access badge cloned. All locks authorized.",
      "type": "terminal",
      "x": 3.5,
      "y": 14.5
    },
    {
      "t": 1.2,
      "text": "terminal: noise 2.5",
      "type": "sound",
      "x": 3.5,
      "y": 14.5
    },
    {
      "t": 2.45,
      "text": "G01 · idle / observing",
      "type": "guard",
      "x": 5.5,
      "y": 5.298
    },
    {
      "t": 2.5,
      "text": "door: noise 3.0",
      "type": "sound",
      "x": 3.5,
      "y": 11.5
    },
    {
      "t": 2.5,
      "text": "Door opened.",
      "type": "door",
      "x": 3.5,
      "y": 11.5
    },
    {
      "t": 3.317,
      "text": "G02 · idle / observing",
      "type": "guard",
      "x": 11.705,
      "y": 9.5
    },
    {
      "t": 3.9,
      "text": "G01 · patrol",
      "type": "guard",
      "x": 5.5,
      "y": 5.298
    },
    {
      "t": 4.367,
      "text": "G02 · patrol",
      "type": "guard",
      "x": 11.705,
      "y": 9.5
    },
    {
      "t": 4.7,
      "text": "door: noise 3.0",
      "type": "sound",
      "x": 5.5,
      "y": 7.5
    },
    {
      "t": 4.7,
      "text": "Door opened.",
      "type": "door",
      "x": 5.5,
      "y": 7.5
    },
    {
      "t": 4.7,
      "text": "Smoke deployed. Vision blocked for 9 seconds.",
      "type": "gadget",
      "x": 5.499,
      "y": 8.642
    },
    {
      "t": 4.7,
      "text": "smoke: noise 4.0",
      "type": "sound",
      "x": 5.499,
      "y": 8.642
    },
    {
      "t": 4.717,
      "text": "G01 · investigate / door heard",
      "type": "guard",
      "x": 5.5,
      "y": 6.218
    },
    {
      "t": 4.717,
      "text": "G01 investigating door",
      "type": "heard",
      "x": 5.5,
      "y": 7.5
    },
    {
      "t": 4.733,
      "text": "G01 investigating smoke",
      "type": "heard",
      "x": 5.499,
      "y": 8.642
    },
    {
      "t": 4.983,
      "text": "guard door: noise 2.0",
      "type": "sound",
      "x": 11.5,
      "y": 7.5
    },
    {
      "t": 5.883,
      "text": "Distraction thrown.",
      "type": "gadget",
      "x": 1.491,
      "y": 6.504
    },
    {
      "t": 5.883,
      "text": "distraction: noise 10.0",
      "type": "sound",
      "x": 1.491,
      "y": 6.504
    }
  ],
  "exit": {
    "x": 3.5,
    "y": 15.5
  },
  "fingerprint": "998045ba",
  "fps": 59.992126430190616,
  "frameTime": 0.699999988079071,
  "guards": [
    {
      "angle": 1.5707963259334137,
      "capture": 0,
      "heardId": 9,
      "id": 1,
      "lastKnown": {
        "x": 5.498789338358199,
        "y": 8.641928116051965
      },
      "lost": 0,
      "path": [
        {
          "x": 5.5,
          "y": 8.5
        }
      ],
      "radio": 0,
      "repath": 0.5750000000000001,
      "route": [
        {
          "x": 5.5,
          "y": 2.5
        },
        {
          "x": 5.5,
          "y": 5.5
        },
        {
          "x": 5.5,
          "y": 9.5
        },
        {
          "x": 9.5,
          "y": 9.5
        },
        {
          "x": 5.5,
          "y": 9.5
        }
      ],
      "searchTime": 6,
      "seeing": false,
      "state": "investigate",
      "suspicion": 0,
      "wait": -0.0006313472986220828,
      "wp": 2,
      "x": 5.5,
      "y": 7.783291666666686
    },
    {
      "angle": 4.66223756196197,
      "capture": 0,
      "heardId": 0,
      "id": 2,
      "lastKnown": null,
      "lost": 0,
      "path": [
        {
          "x": 11.5,
          "y": 7.5
        },
        {
          "x": 11.5,
          "y": 6.5
        },
        {
          "x": 11.5,
          "y": 5.5
        },
        {
          "x": 11.5,
          "y": 4.5
        },
        {
          "x": 11.5,
          "y": 3.5
        },
        {
          "x": 11.5,
          "y": 2.5
        }
      ],
      "radio": 0,
      "repath": 0.2999999999999999,
      "route": [
        {
          "x": 11.5,
          "y": 2.5
        },
        {
          "x": 11.5,
          "y": 5.5
        },
        {
          "x": 11.5,
          "y": 9.5
        },
        {
          "x": 15.5,
          "y": 9.5
        },
        {
          "x": 11.5,
          "y": 9.5
        }
      ],
      "searchTime": 0,
      "seeing": false,
      "state": "patrol",
      "suspicion": 0,
      "wait": -0.002779870666564887,
      "wp": 0,
      "x": 11.513607613861064,
      "y": 7.771214750812545
    }
  ],
  "historyCount": 1,
  "keys": [],
  "objective": {
    "collected": false,
    "x": 5.5,
    "y": 3.5
  },
  "paused": false,
  "phase": "active",
  "player": {
    "angle": -1.5707255118332626,
    "exposure": 0,
    "health": 100,
    "key": true,
    "noise": 10,
    "objective": false,
    "path": [],
    "run": false,
    "x": 5.499992545781993,
    "y": 6.605263320384248
  },
  "preset": "dockside",
  "replay": null,
  "result": null,
  "securityOff": false,
  "seed": "DOCK-031",
  "selected": 0,
  "smokes": [
    {
      "maxTtl": 9,
      "radius": 1.85,
      "ttl": 7.816666666666619,
      "x": 5.498789338358199,
      "y": 8.641928116051965
    }
  ],
  "sounds": [
    {
      "age": 2.1833333333333305,
      "id": 6,
      "intensity": 1.15,
      "owner": "player",
      "ttl": 2.4,
      "type": "footstep",
      "x": 4.66516976425915,
      "y": 10.507471281544351
    },
    {
      "age": 1.5833333333333326,
      "id": 7,
      "intensity": 1.15,
      "owner": "player",
      "ttl": 2.4,
      "type": "footstep",
      "x": 5.482195632842992,
      "y": 9.681479339867636
    },
    {
      "age": 1.183333333333334,
      "id": 8,
      "intensity": 3,
      "owner": "player",
      "ttl": 2.4,
      "type": "door",
      "x": 5.5,
      "y": 7.5
    },
    {
      "age": 1.183333333333334,
      "id": 9,
      "intensity": 4,
      "owner": "player",
      "ttl": 2.4,
      "type": "smoke",
      "x": 5.498789338358199,
      "y": 8.641928116051965
    },
    {
      "age": 0.9500000000000012,
      "id": 10,
      "intensity": 1.15,
      "owner": "player",
      "ttl": 2.4,
      "type": "footstep",
      "x": 5.4995238777727575,
      "y": 8.12192983217213
    },
    {
      "age": 0.9000000000000011,
      "id": 11,
      "intensity": 2,
      "owner": "guard",
      "ttl": 2.4,
      "type": "guard door",
      "x": 11.5,
      "y": 7.5
    },
    {
      "age": 0,
      "id": 12,
      "intensity": 10,
      "owner": "player",
      "ttl": 4,
      "type": "distraction",
      "x": 1.490654205607476,
      "y": 6.503504672897195
    }
  ],
  "storageOK": true,
  "terminals": [
    {
      "name": "Access terminal",
      "type": "badge",
      "used": true,
      "x": 3.5,
      "y": 14.5
    },
    {
      "name": "Security terminal",
      "type": "security",
      "used": false,
      "x": 10.5,
      "y": 3.5
    }
  ],
  "time": 5.883333333333318,
  "touchDirections": [],
  "view": {
    "height": 475,
    "scale": 22.526315789473685,
    "width": 918,
    "x": 177.42105263157896,
    "y": 23.5
  }
}

$ agent-browser --session blackline screenshot /home/pyro/projects/naked/astra/bench/10-stealth-heist/evidence/screenshots/06-distraction.png
✓ Screenshot saved to /home/pyro/projects/naked/astra/bench/10-stealth-heist/evidence/screenshots/06-distraction.png

$ agent-browser --session blackline eval '(()=>{const s=BLACKLINE.snapshot(),r=document.getElementById("game").getBoundingClientRect();return {x:r.x,y:r.y,v:s.view}})()'
{
  "v": {
    "height": 475,
    "scale": 22.526315789473685,
    "width": 918,
    "x": 177.42105263157896,
    "y": 23.5
  },
  "x": 35,
  "y": 222
}

$ agent-browser --session blackline mouse move 336 324
✓ Done

$ agent-browser --session blackline mouse down left
✓ Done

$ agent-browser --session blackline mouse up left
✓ Done

$ agent-browser --session blackline wait --fn Math.hypot(BLACKLINE.snapshot().player.x-5.5,BLACKLINE.snapshot().player.y-3.5)<0.2
true

$ agent-browser --session blackline press e
✓ Done

$ agent-browser --session blackline wait --fn BLACKLINE.snapshot().player.objective
true

$ agent-browser --session blackline eval '(()=>{const s=BLACKLINE.snapshot(),r=document.getElementById("game").getBoundingClientRect();return {x:r.x,y:r.y,v:s.view}})()'
{
  "v": {
    "height": 475,
    "scale": 22.526315789473685,
    "width": 918,
    "x": 177.42105263157896,
    "y": 23.5
  },
  "x": 35,
  "y": 222
}

$ agent-browser --session blackline mouse move 291 302
✓ Done

$ agent-browser --session blackline mouse down left
✓ Done

$ agent-browser --session blackline mouse up left
✓ Done

$ agent-browser --session blackline wait --fn Math.hypot(BLACKLINE.snapshot().player.x-3.5,BLACKLINE.snapshot().player.y-2.5)<0.2
true

$ agent-browser --session blackline press e
✓ Done

$ agent-browser --session blackline eval '(()=>{const s=BLACKLINE.snapshot(),r=document.getElementById("game").getBoundingClientRect();return {x:r.x,y:r.y,v:s.view}})()'
{
  "v": {
    "height": 475,
    "scale": 22.526315789473685,
    "width": 918,
    "x": 177.42105263157896,
    "y": 23.5
  },
  "x": 35,
  "y": 222
}

$ agent-browser --session blackline mouse move 336 437
✓ Done

$ agent-browser --session blackline mouse down left
✓ Done

$ agent-browser --session blackline mouse up left
✓ Done

$ agent-browser --session blackline wait --fn Math.hypot(BLACKLINE.snapshot().player.x-5.5,BLACKLINE.snapshot().player.y-8.5)<0.2
true

$ agent-browser --session blackline eval '(()=>{const s=BLACKLINE.snapshot(),r=document.getElementById("game").getBoundingClientRect();return {x:r.x,y:r.y,v:s.view}})()'
{
  "v": {
    "height": 475,
    "scale": 22.526315789473685,
    "width": 918,
    "x": 177.42105263157896,
    "y": 23.5
  },
  "x": 35,
  "y": 222
}

$ agent-browser --session blackline mouse move 291 595
✓ Done

$ agent-browser --session blackline mouse down left
✓ Done

$ agent-browser --session blackline mouse up left
✓ Done

$ agent-browser --session blackline wait --fn Math.hypot(BLACKLINE.snapshot().player.x-3.5,BLACKLINE.snapshot().player.y-15.5)<0.2
true

$ agent-browser --session blackline press 2
✓ Done

$ agent-browser --session blackline press q
✓ Done

$ agent-browser --session blackline wait --fn BLACKLINE.snapshot().guards.every(g=>!g.seeing)
true

$ agent-browser --session blackline press e
✓ Done

$ agent-browser --session blackline wait --fn BLACKLINE.snapshot().phase==="won"
true

$ agent-browser --session blackline eval BLACKLINE.snapshot()
{
  "action": null,
  "alarms": 1,
  "alert": 86.99999999999903,
  "audio": {
    "activeNodes": 0,
    "effects": 0.65,
    "enabled": true,
    "master": 0.5,
    "state": "running"
  },
  "cameras": [
    {
      "angle": 2.9273430449991102,
      "base": 3.141592653589793,
      "disabled": 0,
      "phase": 3.3152712425217032,
      "seeing": false,
      "suspicion": 0,
      "x": 22.9,
      "y": 9.5
    },
    {
      "angle": 2.63344488336248,
      "base": 2.2,
      "disabled": 0,
      "phase": 1.601427550893277,
      "seeing": false,
      "suspicion": 0,
      "x": 22.5,
      "y": 2.5
    }
  ],
  "charges": [
    4,
    2,
    3
  ],
  "cooldown": 1.0833333333333337,
  "detections": 1,
  "diagnostics": {
    "collision": false,
    "memory": false,
    "navigation": false,
    "perception": false,
    "sound": false,
    "timing": false
  },
  "difficulty": "ghost",
  "doors": [
    {
      "anim": 0.9999999999999998,
      "id": 0,
      "locked": false,
      "open": true,
      "x": 5,
      "y": 7
    },
    {
      "anim": 0.9999999999999998,
      "id": 1,
      "locked": false,
      "open": true,
      "x": 11,
      "y": 7
    },
    {
      "anim": 0,
      "id": 2,
      "locked": false,
      "open": false,
      "x": 20,
      "y": 7
    },
    {
      "anim": 0.9999999999999998,
      "id": 3,
      "locked": false,
      "open": true,
      "x": 3,
      "y": 11
    },
    {
      "anim": 0,
      "id": 4,
      "locked": false,
      "open": false,
      "x": 11,
      "y": 11
    },
    {
      "anim": 0,
      "id": 5,
      "locked": false,
      "open": false,
      "x": 21,
      "y": 11
    }
  ],
  "events": [
    {
      "t": 0,
      "text": "Operation underway.",
      "type": "start"
    },
    {
      "t": 0,
      "text": "Connecting to terminal. Hold position.",
      "type": "action"
    },
    {
      "t": 1.2,
      "text": "Access badge cloned. All locks authorized.",
      "type": "terminal",
      "x": 3.5,
      "y": 14.5
    },
    {
      "t": 1.2,
      "text": "terminal: noise 2.5",
      "type": "sound",
      "x": 3.5,
      "y": 14.5
    },
    {
      "t": 2.45,
      "text": "G01 · idle / observing",
      "type": "guard",
      "x": 5.5,
      "y": 5.298
    },
    {
      "t": 2.5,
      "text": "door: noise 3.0",
      "type": "sound",
      "x": 3.5,
      "y": 11.5
    },
    {
      "t": 2.5,
      "text": "Door opened.",
      "type": "door",
      "x": 3.5,
      "y": 11.5
    },
    {
      "t": 3.317,
      "text": "G02 · idle / observing",
      "type": "guard",
      "x": 11.705,
      "y": 9.5
    },
    {
      "t": 3.9,
      "text": "G01 · patrol",
      "type": "guard",
      "x": 5.5,
      "y": 5.298
    },
    {
      "t": 4.367,
      "text": "G02 · patrol",
      "type": "guard",
      "x": 11.705,
      "y": 9.5
    },
    {
      "t": 4.7,
      "text": "door: noise 3.0",
      "type": "sound",
      "x": 5.5,
      "y": 7.5
    },
    {
      "t": 4.7,
      "text": "Door opened.",
      "type": "door",
      "x": 5.5,
      "y": 7.5
    },
    {
      "t": 4.7,
      "text": "Smoke deployed. Vision blocked for 9 seconds.",
      "type": "gadget",
      "x": 5.499,
      "y": 8.642
    },
    {
      "t": 4.7,
      "text": "smoke: noise 4.0",
      "type": "sound",
      "x": 5.499,
      "y": 8.642
    },
    {
      "t": 4.717,
      "text": "G01 · investigate / door heard",
      "type": "guard",
      "x": 5.5,
      "y": 6.218
    },
    {
      "t": 4.717,
      "text": "G01 investigating door",
      "type": "heard",
      "x": 5.5,
      "y": 7.5
    },
    {
      "t": 4.733,
      "text": "G01 investigating smoke",
      "type": "heard",
      "x": 5.499,
      "y": 8.642
    },
    {
      "t": 4.983,
      "text": "guard door: noise 2.0",
      "type": "sound",
      "x": 11.5,
      "y": 7.5
    },
    {
      "t": 5.883,
      "text": "Distraction thrown.",
      "type": "gadget",
      "x": 1.491,
      "y": 6.504
    },
    {
      "t": 5.883,
      "text": "distraction: noise 10.0",
      "type": "sound",
      "x": 1.491,
      "y": 6.504
    },
    {
      "t": 5.9,
      "text": "G01 investigating distraction",
      "type": "heard",
      "x": 1.491,
      "y": 6.504
    },
    {
      "t": 7.183,
      "text": "Decrypting the ledger. Hold position.",
      "type": "action"
    },
    {
      "t": 7.483,
      "text": "G01 · suspicious / movement seen",
      "type": "guard",
      "x": 5.5,
      "y": 6.902
    },
    {
      "t": 8.083,
      "text": "Ledger acquired. Return to the green extraction zone.",
      "type": "objective",
      "x": 5.5,
      "y": 3.659
    },
    {
      "t": 8.083,
      "text": "ledger: noise 3.0",
      "type": "sound",
      "x": 5.5,
      "y": 3.659
    },
    {
      "t": 8.75,
      "text": "G01 · investigate / last visual position",
      "type": "guard",
      "x": 5.5,
      "y": 6.902
    },
    {
      "t": 8.767,
      "text": "G01 · suspicious / movement seen",
      "type": "guard",
      "x": 5.48,
      "y": 6.893
    },
    {
      "t": 9.2,
      "text": "G01 · pursuit / visual contact",
      "type": "guard",
      "x": 5.48,
      "y": 6.893
    },
    {
      "t": 9.2,
      "text": "Alarm broadcast · guard 1",
      "type": "alarm",
      "x": 3.518,
      "y": 2.682
    },
    {
      "t": 9.267,
      "text": "intel: noise 1.5",
      "type": "sound",
      "x": 3.509,
      "y": 2.595
    },
    {
      "t": 9.267,
      "text": "Optional intelligence acquired.",
      "type": "loot",
      "x": 3.509,
      "y": 2.595
    },
    {
      "t": 10.1,
      "text": "G02 · investigate / radio report",
      "type": "guard",
      "x": 11.5,
      "y": 2.941
    },
    {
      "t": 10.717,
      "text": "G01 · search / contact lost",
      "type": "guard",
      "x": 3.52,
      "y": 5.085
    },
    {
      "t": 15.683,
      "text": "Smoke deployed. Vision blocked for 9 seconds.",
      "type": "gadget",
      "x": 3.5,
      "y": 15.391
    },
    {
      "t": 15.683,
      "text": "smoke: noise 4.0",
      "type": "sound",
      "x": 3.5,
      "y": 15.391
    },
    {
      "t": 15.7,
      "text": "Ledger secured. Extraction complete.",
      "type": "extraction",
      "x": 3.5,
      "y": 15.391
    }
  ],
  "exit": {
    "x": 3.5,
    "y": 15.5
  },
  "fingerprint": "998045ba",
  "fps": 60.004828129623974,
  "frameTime": 1,
  "guards": [
    {
      "angle": -1.4929837994710151,
      "capture": 0,
      "heardId": 12,
      "id": 1,
      "lastKnown": {
        "x": 3.552609227553758,
        "y": 2.591297380706524
      },
      "lost": 1.4166666666666663,
      "path": [
        {
          "x": 4.5,
          "y": 1.5
        }
      ],
      "radio": 0,
      "repath": 0.5750000000000001,
      "route": [
        {
          "x": 5.5,
          "y": 2.5
        },
        {
          "x": 5.5,
          "y": 5.5
        },
        {
          "x": 5.5,
          "y": 9.5
        },
        {
          "x": 9.5,
          "y": 9.5
        },
        {
          "x": 5.5,
          "y": 9.5
        }
      ],
      "searchTarget": {
        "x": 4.5,
        "y": 1.5
      },
      "searchTime": 5.579249057918668,
      "seeing": false,
      "state": "search",
      "suspicion": 0,
      "wait": -0.0006313472986220828,
      "wp": 2,
      "x": 4.4643068131087835,
      "y": 2.8982065803156085
    },
    {
      "angle": 3.1374231110194137,
      "capture": 0,
      "heardId": 0,
      "id": 2,
      "lastKnown": {
        "x": 3.518037026146499,
        "y": 2.68169680401151
      },
      "lost": 0,
      "path": [
        {
          "x": 8.5,
          "y": 8.5
        },
        {
          "x": 7.5,
          "y": 8.5
        },
        {
          "x": 6.5,
          "y": 8.5
        },
        {
          "x": 5.5,
          "y": 8.5
        },
        {
          "x": 5.5,
          "y": 7.5
        },
        {
          "x": 5.5,
          "y": 6.5
        },
        {
          "x": 4.5,
          "y": 6.5
        },
        {
          "x": 3.5,
          "y": 6.5
        },
        {
          "x": 3.5,
          "y": 5.5
        },
        {
          "x": 3.5,
          "y": 4.5
        },
        {
          "x": 3.5,
          "y": 3.5
        },
        {
          "x": 3.5,
          "y": 2.5
        }
      ],
      "radio": 0,
      "repath": 0.39999999999999986,
      "route": [
        {
          "x": 11.5,
          "y": 2.5
        },
        {
          "x": 11.5,
          "y": 5.5
        },
        {
          "x": 11.5,
          "y": 9.5
        },
        {
          "x": 15.5,
          "y": 9.5
        },
        {
          "x": 11.5,
          "y": 9.5
        }
      ],
      "searchTime": 9,
      "seeing": false,
      "state": "investigate",
      "suspicion": 0,
      "wait": -0.002779870666564887,
      "wp": 0,
      "x": 9.522018386171911,
      "y": 8.496960717943633
    }
  ],
  "historyCount": 1,
  "keys": [],
  "objective": {
    "collected": true,
    "x": 5.5,
    "y": 3.5
  },
  "paused": false,
  "phase": "won",
  "player": {
    "angle": 1.5708032192443042,
    "exposure": 0,
    "health": 100,
    "key": true,
    "noise": 3.933333333333333,
    "objective": true,
    "path": [],
    "run": false,
    "x": 3.500000750201595,
    "y": 15.391156024385356
  },
  "preset": "dockside",
  "replay": null,
  "result": {
    "alarms": 1,
    "detections": 1,
    "loot": 1,
    "rank": "B",
    "score": 1503,
    "time": 15.7,
    "won": true
  },
  "securityOff": false,
  "seed": "DOCK-031",
  "selected": 1,
  "smokes": [
    {
      "maxTtl": 9,
      "radius": 1.85,
      "ttl": 8.983333333333333,
      "x": 3.500000750201595,
      "y": 15.391156024385356
    }
  ],
  "sounds": [
    {
      "age": 2.033333333333331,
      "id": 26,
      "intensity": 1.15,
      "owner": "player",
      "ttl": 2.4,
      "type": "footstep",
      "x": 3.90278605950064,
      "y": 10.495896698495322
    },
    {
      "age": 1.4333333333333331,
      "id": 27,
      "intensity": 1.15,
      "owner": "player",
      "ttl": 2.4,
      "type": "footstep",
      "x": 3.506484870948185,
      "y": 11.751180702336129
    },
    {
      "age": 0.8333333333333343,
      "id": 28,
      "intensity": 1.15,
      "owner": "player",
      "ttl": 2.4,
      "type": "footstep",
      "x": 3.500147109368727,
      "y": 13.311156053304382
    },
    {
      "age": 0.2333333333333333,
      "id": 29,
      "intensity": 1.15,
      "owner": "player",
      "ttl": 2.4,
      "type": "footstep",
      "x": 3.500004334275288,
      "y": 14.871156024397704
    },
    {
      "age": 0.016666666666666666,
      "id": 30,
      "intensity": 4,
      "owner": "player",
      "ttl": 2.4,
      "type": "smoke",
      "x": 3.500000750201595,
      "y": 15.391156024385356
    }
  ],
  "storageOK": true,
  "terminals": [
    {
      "name": "Access terminal",
      "type": "badge",
      "used": true,
      "x": 3.5,
      "y": 14.5
    },
    {
      "name": "Security terminal",
      "type": "security",
      "used": false,
      "x": 10.5,
      "y": 3.5
    }
  ],
  "time": 15.70000000000036,
  "touchDirections": [],
  "view": {
    "height": 475,
    "scale": 22.526315789473685,
    "width": 918,
    "x": 177.42105263157896,
    "y": 23.5
  }
}

$ agent-browser --session blackline screenshot /home/pyro/projects/naked/astra/bench/10-stealth-heist/evidence/screenshots/07-extraction-success.png
✓ Screenshot saved to /home/pyro/projects/naked/astra/bench/10-stealth-heist/evidence/screenshots/07-extraction-success.png

$ agent-browser --session blackline eval BLACKLINE.record()
{
  "format": "blackline-operation",
  "mission": {
    "difficulty": "ghost",
    "fingerprint": "998045ba",
    "preset": "dockside",
    "seed": "DOCK-031"
  },
  "run": {
    "elapsed": 15.70000000000036,
    "events": [
      {
        "t": 0,
        "text": "Operation underway.",
        "type": "start"
      },
      {
        "t": 0,
        "text": "Connecting to terminal. Hold position.",
        "type": "action"
      },
      {
        "t": 1.2,
        "text": "Access badge cloned. All locks authorized.",
        "type": "terminal",
        "x": 3.5,
        "y": 14.5
      },
      {
        "t": 1.2,
        "text": "terminal: noise 2.5",
        "type": "sound",
        "x": 3.5,
        "y": 14.5
      },
      {
        "t": 2.45,
        "text": "G01 · idle / observing",
        "type": "guard",
        "x": 5.5,
        "y": 5.298
      },
      {
        "t": 2.5,
        "text": "door: noise 3.0",
        "type": "sound",
        "x": 3.5,
        "y": 11.5
      },
      {
        "t": 2.5,
        "text": "Door opened.",
        "type": "door",
        "x": 3.5,
        "y": 11.5
      },
      {
        "t": 3.317,
        "text": "G02 · idle / observing",
        "type": "guard",
        "x": 11.705,
        "y": 9.5
      },
      {
        "t": 3.9,
        "text": "G01 · patrol",
        "type": "guard",
        "x": 5.5,
        "y": 5.298
      },
      {
        "t": 4.367,
        "text": "G02 · patrol",
        "type": "guard",
        "x": 11.705,
        "y": 9.5
      },
      {
        "t": 4.7,
        "text": "door: noise 3.0",
        "type": "sound",
        "x": 5.5,
        "y": 7.5
      },
      {
        "t": 4.7,
        "text": "Door opened.",
        "type": "door",
        "x": 5.5,
        "y": 7.5
      },
      {
        "t": 4.7,
        "text": "Smoke deployed. Vision blocked for 9 seconds.",
        "type": "gadget",
        "x": 5.499,
        "y": 8.642
      },
      {
        "t": 4.7,
        "text": "smoke: noise 4.0",
        "type": "sound",
        "x": 5.499,
        "y": 8.642
      },
      {
        "t": 4.717,
        "text": "G01 · investigate / door heard",
        "type": "guard",
        "x": 5.5,
        "y": 6.218
      },
      {
        "t": 4.717,
        "text": "G01 investigating door",
        "type": "heard",
        "x": 5.5,
        "y": 7.5
      },
      {
        "t": 4.733,
        "text": "G01 investigating smoke",
        "type": "heard",
        "x": 5.499,
        "y": 8.642
      },
      {
        "t": 4.983,
        "text": "guard door: noise 2.0",
        "type": "sound",
        "x": 11.5,
        "y": 7.5
      },
      {
        "t": 5.883,
        "text": "Distraction thrown.",
        "type": "gadget",
        "x": 1.491,
        "y": 6.504
      },
      {
        "t": 5.883,
        "text": "distraction: noise 10.0",
        "type": "sound",
        "x": 1.491,
        "y": 6.504
      },
      {
        "t": 5.9,
        "text": "G01 investigating distraction",
        "type": "heard",
        "x": 1.491,
        "y": 6.504
      },
      {
        "t": 7.183,
        "text": "Decrypting the ledger. Hold position.",
        "type": "action"
      },
      {
        "t": 7.483,
        "text": "G01 · suspicious / movement seen",
        "type": "guard",
        "x": 5.5,
        "y": 6.902
      },
      {
        "t": 8.083,
        "text": "Ledger acquired. Return to the green extraction zone.",
        "type": "objective",
        "x": 5.5,
        "y": 3.659
      },
      {
        "t": 8.083,
        "text": "ledger: noise 3.0",
        "type": "sound",
        "x": 5.5,
        "y": 3.659
      },
      {
        "t": 8.75,
        "text": "G01 · investigate / last visual position",
        "type": "guard",
        "x": 5.5,
        "y": 6.902
      },
      {
        "t": 8.767,
        "text": "G01 · suspicious / movement seen",
        "type": "guard",
        "x": 5.48,
        "y": 6.893
      },
      {
        "t": 9.2,
        "text": "G01 · pursuit / visual contact",
        "type": "guard",
        "x": 5.48,
        "y": 6.893
      },
      {
        "t": 9.2,
        "text": "Alarm broadcast · guard 1",
        "type": "alarm",
        "x": 3.518,
        "y": 2.682
      },
      {
        "t": 9.267,
        "text": "intel: noise 1.5",
        "type": "sound",
        "x": 3.509,
        "y": 2.595
      },
      {
        "t": 9.267,
        "text": "Optional intelligence acquired.",
        "type": "loot",
        "x": 3.509,
        "y": 2.595
      },
      {
        "t": 10.1,
        "text": "G02 · investigate / radio report",
        "type": "guard",
        "x": 11.5,
        "y": 2.941
      },
      {
        "t": 10.717,
        "text": "G01 · search / contact lost",
        "type": "guard",
        "x": 3.52,
        "y": 5.085
      },
      {
        "t": 15.683,
        "text": "Smoke deployed. Vision blocked for 9 seconds.",
        "type": "gadget",
        "x": 3.5,
        "y": 15.391
      },
      {
        "t": 15.683,
        "text": "smoke: noise 4.0",
        "type": "sound",
        "x": 3.5,
        "y": 15.391
      },
      {
        "t": 15.7,
        "text": "Ledger secured. Extraction complete.",
        "type": "extraction",
        "x": 3.5,
        "y": 15.391
      }
    ],
    "result": {
      "alarms": 1,
      "detections": 1,
      "loot": 1,
      "rank": "B",
      "score": 1503,
      "time": 15.7,
      "won": true
    },
    "trace": [
      {
        "a": -1.571,
        "alert": 0,
        "doors": "000000",
        "guards": [
          {
            "a": 1.57,
            "s": "patrol",
            "x": 5.5,
            "y": 2.5
          },
          {
            "a": 3.14,
            "s": "patrol",
            "x": 15.5,
            "y": 9.5
          }
        ],
        "objective": false,
        "t": 0,
        "x": 3.5,
        "y": 15.5
      },
      {
        "a": -1.571,
        "alert": 0,
        "doors": "000000",
        "guards": [
          {
            "a": 1.57,
            "s": "patrol",
            "x": 5.5,
            "y": 3.09
          },
          {
            "a": 3.14,
            "s": "patrol",
            "x": 14.91,
            "y": 9.5
          }
        ],
        "objective": false,
        "t": 0.52,
        "x": 3.5,
        "y": 15.5
      },
      {
        "a": -1.571,
        "alert": 0,
        "doors": "000000",
        "guards": [
          {
            "a": 1.57,
            "s": "patrol",
            "x": 5.5,
            "y": 3.69
          },
          {
            "a": 3.14,
            "s": "patrol",
            "x": 14.31,
            "y": 9.5
          }
        ],
        "objective": false,
        "t": 1.03,
        "x": 3.5,
        "y": 15.5
      },
      {
        "a": -1.571,
        "alert": 0,
        "doors": "000000",
        "guards": [
          {
            "a": 1.57,
            "s": "patrol",
            "x": 5.5,
            "y": 4.28
          },
          {
            "a": 3.14,
            "s": "patrol",
            "x": 13.72,
            "y": 9.5
          }
        ],
        "objective": false,
        "t": 1.55,
        "x": 3.5,
        "y": 14.763
      },
      {
        "a": -1.571,
        "alert": 0,
        "doors": "000000",
        "guards": [
          {
            "a": 1.57,
            "s": "patrol",
            "x": 5.5,
            "y": 4.88
          },
          {
            "a": 3.14,
            "s": "patrol",
            "x": 13.12,
            "y": 9.5
          }
        ],
        "objective": false,
        "t": 2.07,
        "x": 3.5,
        "y": 13.42
      },
      {
        "a": -1.571,
        "alert": 0,
        "doors": "000100",
        "guards": [
          {
            "a": 1.58,
            "s": "idle",
            "x": 5.5,
            "y": 5.3
          },
          {
            "a": 3.14,
            "s": "patrol",
            "x": 12.53,
            "y": 9.5
          }
        ],
        "objective": false,
        "t": 2.58,
        "x": 3.5,
        "y": 12.337
      },
      {
        "a": -1.571,
        "alert": 0,
        "doors": "000100",
        "guards": [
          {
            "a": 1.55,
            "s": "idle",
            "x": 5.5,
            "y": 5.3
          },
          {
            "a": 3.14,
            "s": "patrol",
            "x": 11.93,
            "y": 9.5
          }
        ],
        "objective": false,
        "t": 3.1,
        "x": 3.5,
        "y": 10.993
      },
      {
        "a": -0.009,
        "alert": 0,
        "doors": "000100",
        "guards": [
          {
            "a": 1.44,
            "s": "idle",
            "x": 5.5,
            "y": 5.3
          },
          {
            "a": 3.02,
            "s": "idle",
            "x": 11.7,
            "y": 9.5
          }
        ],
        "objective": false,
        "t": 3.62,
        "x": 4.449,
        "y": 10.509
      },
      {
        "a": -1.473,
        "alert": 0,
        "doors": "000100",
        "guards": [
          {
            "a": 1.55,
            "s": "patrol",
            "x": 5.5,
            "y": 5.57
          },
          {
            "a": 2.83,
            "s": "idle",
            "x": 11.7,
            "y": 9.5
          }
        ],
        "objective": false,
        "t": 4.13,
        "x": 5.44,
        "y": 10.113
      },
      {
        "a": -1.562,
        "alert": 0,
        "doors": "000100",
        "guards": [
          {
            "a": 1.57,
            "s": "patrol",
            "x": 5.5,
            "y": 6.16
          },
          {
            "a": 4.4,
            "s": "patrol",
            "x": 11.64,
            "y": 9.18
          }
        ],
        "objective": false,
        "t": 4.65,
        "x": 5.498,
        "y": 8.772
      },
      {
        "a": -1.571,
        "alert": 20,
        "doors": "110100",
        "guards": [
          {
            "a": 1.57,
            "s": "investigate",
            "x": 5.5,
            "y": 6.84
          },
          {
            "a": 4.64,
            "s": "patrol",
            "x": 11.55,
            "y": 8.59
          }
        ],
        "objective": false,
        "t": 5.17,
        "x": 5.5,
        "y": 7.515
      },
      {
        "a": -1.571,
        "alert": 20,
        "doors": "110100",
        "guards": [
          {
            "a": 1.57,
            "s": "investigate",
            "x": 5.5,
            "y": 7.52
          },
          {
            "a": 4.66,
            "s": "patrol",
            "x": 11.53,
            "y": 8
          }
        ],
        "objective": false,
        "t": 5.68,
        "x": 5.5,
        "y": 6.605
      },
      {
        "a": -1.571,
        "alert": 20,
        "doors": "110100",
        "guards": [
          {
            "a": 1.57,
            "s": "investigate",
            "x": 5.5,
            "y": 8.2
          },
          {
            "a": 4.7,
            "s": "patrol",
            "x": 11.5,
            "y": 7.41
          }
        ],
        "objective": false,
        "t": 6.2,
        "x": 5.5,
        "y": 6.215
      },
      {
        "a": -1.571,
        "alert": 20,
        "doors": "110100",
        "guards": [
          {
            "a": -1.48,
            "s": "investigate",
            "x": 5.5,
            "y": 7.89
          },
          {
            "a": 4.71,
            "s": "patrol",
            "x": 11.5,
            "y": 6.81
          }
        ],
        "objective": false,
        "t": 6.72,
        "x": 5.5,
        "y": 4.872
      },
      {
        "a": -1.571,
        "alert": 20,
        "doors": "110100",
        "guards": [
          {
            "a": -1.57,
            "s": "investigate",
            "x": 5.5,
            "y": 7.21
          },
          {
            "a": 4.71,
            "s": "patrol",
            "x": 11.5,
            "y": 6.22
          }
        ],
        "objective": false,
        "t": 7.23,
        "x": 5.5,
        "y": 3.659
      },
      {
        "a": -1.571,
        "alert": 19,
        "doors": "110100",
        "guards": [
          {
            "a": -1.57,
            "s": "suspicious",
            "x": 5.5,
            "y": 6.9
          },
          {
            "a": 4.71,
            "s": "patrol",
            "x": 11.5,
            "y": 5.62
          }
        ],
        "objective": false,
        "t": 7.75,
        "x": 5.5,
        "y": 3.659
      },
      {
        "a": -3.027,
        "alert": 18,
        "doors": "110100",
        "guards": [
          {
            "a": -1.66,
            "s": "suspicious",
            "x": 5.5,
            "y": 6.9
          },
          {
            "a": 4.71,
            "s": "patrol",
            "x": 11.5,
            "y": 5.03
          }
        ],
        "objective": true,
        "t": 8.27,
        "x": 5.199,
        "y": 3.581
      },
      {
        "a": -3.131,
        "alert": 20,
        "doors": "110100",
        "guards": [
          {
            "a": -2.02,
            "s": "suspicious",
            "x": 5.48,
            "y": 6.89
          },
          {
            "a": 4.71,
            "s": "patrol",
            "x": 11.5,
            "y": 4.44
          }
        ],
        "objective": true,
        "t": 8.78,
        "x": 3.859,
        "y": 3.504
      },
      {
        "a": -0.096,
        "alert": 100,
        "doors": "110100",
        "guards": [
          {
            "a": -2.52,
            "s": "pursuit",
            "x": 5.24,
            "y": 6.8
          },
          {
            "a": 4.71,
            "s": "patrol",
            "x": 11.5,
            "y": 3.84
          }
        ],
        "objective": true,
        "t": 9.3,
        "x": 3.553,
        "y": 2.591
      },
      {
        "a": -0.008,
        "alert": 100,
        "doors": "110100",
        "guards": [
          {
            "a": -3.05,
            "s": "pursuit",
            "x": 4.19,
            "y": 6.52
          },
          {
            "a": 4.71,
            "s": "patrol",
            "x": 11.5,
            "y": 3.25
          }
        ],
        "objective": true,
        "t": 9.82,
        "x": 4.892,
        "y": 2.505
      },
      {
        "a": 1.483,
        "alert": 100,
        "doors": "110100",
        "guards": [
          {
            "a": -1.8,
            "s": "pursuit",
            "x": 3.55,
            "y": 5.91
          },
          {
            "a": 1.85,
            "s": "investigate",
            "x": 11.5,
            "y": 3.27
          }
        ],
        "objective": true,
        "t": 10.33,
        "x": 5.484,
        "y": 3.321
      },
      {
        "a": 1.57,
        "alert": 100,
        "doors": "110100",
        "guards": [
          {
            "a": -1.61,
            "s": "search",
            "x": 3.52,
            "y": 4.95
          },
          {
            "a": 1.57,
            "s": "investigate",
            "x": 11.5,
            "y": 3.96
          }
        ],
        "objective": true,
        "t": 10.85,
        "x": 5.499,
        "y": 4.664
      },
      {
        "a": 1.571,
        "alert": 98,
        "doors": "110100",
        "guards": [
          {
            "a": -2.74,
            "s": "search",
            "x": 3.35,
            "y": 4.61
          },
          {
            "a": 1.57,
            "s": "investigate",
            "x": 11.5,
            "y": 4.64
          }
        ],
        "objective": true,
        "t": 11.37,
        "x": 5.5,
        "y": 6.007
      },
      {
        "a": 1.571,
        "alert": 97,
        "doors": "110100",
        "guards": [
          {
            "a": -3.02,
            "s": "search",
            "x": 2.88,
            "y": 4.55
          },
          {
            "a": 1.57,
            "s": "investigate",
            "x": 11.5,
            "y": 5.32
          }
        ],
        "objective": true,
        "t": 11.88,
        "x": 5.5,
        "y": 7.35
      },
      {
        "a": 1.571,
        "alert": 96,
        "doors": "110100",
        "guards": [
          {
            "a": -0.38,
            "s": "search",
            "x": 2.82,
            "y": 4.51
          },
          {
            "a": 1.57,
            "s": "investigate",
            "x": 11.5,
            "y": 6.01
          }
        ],
        "objective": true,
        "t": 12.4,
        "x": 5.5,
        "y": 8.694
      },
      {
        "a": 1.571,
        "alert": 94,
        "doors": "110100",
        "guards": [
          {
            "a": -0.01,
            "s": "search",
            "x": 3.3,
            "y": 4.51
          },
          {
            "a": 1.57,
            "s": "investigate",
            "x": 11.5,
            "y": 6.69
          }
        ],
        "objective": true,
        "t": 12.92,
        "x": 5.5,
        "y": 10.037
      },
      {
        "a": 3.131,
        "alert": 93,
        "doors": "110100",
        "guards": [
          {
            "a": 0,
            "s": "search",
            "x": 3.77,
            "y": 4.5
          },
          {
            "a": 1.57,
            "s": "investigate",
            "x": 11.5,
            "y": 7.37
          }
        ],
        "objective": true,
        "t": 13.43,
        "x": 4.509,
        "y": 10.49
      },
      {
        "a": 1.67,
        "alert": 92,
        "doors": "110100",
        "guards": [
          {
            "a": -0.2,
            "s": "search",
            "x": 4.24,
            "y": 4.49
          },
          {
            "a": 1.57,
            "s": "investigate",
            "x": 11.5,
            "y": 8.06
          }
        ],
        "objective": true,
        "t": 13.95,
        "x": 3.557,
        "y": 10.93
      },
      {
        "a": 1.579,
        "alert": 90,
        "doors": "110100",
        "guards": [
          {
            "a": -1.3,
            "s": "search",
            "x": 4.36,
            "y": 4.03
          },
          {
            "a": 2.92,
            "s": "investigate",
            "x": 11.15,
            "y": 8.43
          }
        ],
        "objective": true,
        "t": 14.47,
        "x": 3.502,
        "y": 12.271
      },
      {
        "a": 1.571,
        "alert": 89,
        "doors": "110100",
        "guards": [
          {
            "a": -1.48,
            "s": "search",
            "x": 4.41,
            "y": 3.56
          },
          {
            "a": 3.1,
            "s": "investigate",
            "x": 10.47,
            "y": 8.49
          }
        ],
        "objective": true,
        "t": 14.98,
        "x": 3.5,
        "y": 13.614
      },
      {
        "a": 1.571,
        "alert": 88,
        "doors": "110100",
        "guards": [
          {
            "a": -1.48,
            "s": "search",
            "x": 4.45,
            "y": 3.08
          },
          {
            "a": 3.13,
            "s": "investigate",
            "x": 9.79,
            "y": 8.5
          }
        ],
        "objective": true,
        "t": 15.5,
        "x": 3.5,
        "y": 14.958
      },
      {
        "a": 1.571,
        "alert": 87,
        "doors": "110100",
        "guards": [
          {
            "a": -1.49,
            "s": "search",
            "x": 4.46,
            "y": 2.9
          },
          {
            "a": 3.14,
            "s": "investigate",
            "x": 9.52,
            "y": 8.5
          }
        ],
        "objective": true,
        "t": 15.7,
        "x": 3.5,
        "y": 15.391
      }
    ]
  },
  "version": 1
}

$ agent-browser --session blackline wait --fn 'document.querySelector("#dialogTitle")?.textContent==="Gone before dawn."'
true

$ agent-browser --session blackline screenshot /home/pyro/projects/naked/astra/bench/10-stealth-heist/evidence/screenshots/07-extraction-success.png
✓ Screenshot saved to /home/pyro/projects/naked/astra/bench/10-stealth-heist/evidence/screenshots/07-extraction-success.png

$ agent-browser --session blackline find role button click --name 'View timeline'
✓ Done

$ agent-browser --session blackline find role button click --name 'Play timeline'
✓ Done

$ agent-browser --session blackline wait --fn BLACKLINE.snapshot().replay.index>2
true

$ agent-browser --session blackline find role button click --name 'Pause timeline'
✓ Done

$ agent-browser --session blackline eval BLACKLINE.snapshot()
{
  "action": null,
  "alarms": 1,
  "alert": 86.99999999999903,
  "audio": {
    "activeNodes": 0,
    "effects": 0.65,
    "enabled": true,
    "master": 0.5,
    "state": "running"
  },
  "cameras": [
    {
      "angle": 2.9273430449991102,
      "base": 3.141592653589793,
      "disabled": 0,
      "phase": 3.3152712425217032,
      "seeing": false,
      "suspicion": 0,
      "x": 22.9,
      "y": 9.5
    },
    {
      "angle": 2.63344488336248,
      "base": 2.2,
      "disabled": 0,
      "phase": 1.601427550893277,
      "seeing": false,
      "suspicion": 0,
      "x": 22.5,
      "y": 2.5
    }
  ],
  "charges": [
    4,
    2,
    3
  ],
  "cooldown": 1.0833333333333337,
  "detections": 1,
  "diagnostics": {
    "collision": false,
    "memory": false,
    "navigation": false,
    "perception": false,
    "sound": false,
    "timing": false
  },
  "difficulty": "ghost",
  "doors": [
    {
      "anim": 0.9999999999999998,
      "id": 0,
      "locked": false,
      "open": true,
      "x": 5,
      "y": 7
    },
    {
      "anim": 0.9999999999999998,
      "id": 1,
      "locked": false,
      "open": true,
      "x": 11,
      "y": 7
    },
    {
      "anim": 0,
      "id": 2,
      "locked": false,
      "open": false,
      "x": 20,
      "y": 7
    },
    {
      "anim": 0.9999999999999998,
      "id": 3,
      "locked": false,
      "open": true,
      "x": 3,
      "y": 11
    },
    {
      "anim": 0,
      "id": 4,
      "locked": false,
      "open": false,
      "x": 11,
      "y": 11
    },
    {
      "anim": 0,
      "id": 5,
      "locked": false,
      "open": false,
      "x": 21,
      "y": 11
    }
  ],
  "events": [
    {
      "t": 0,
      "text": "Operation underway.",
      "type": "start"
    },
    {
      "t": 0,
      "text": "Connecting to terminal. Hold position.",
      "type": "action"
    },
    {
      "t": 1.2,
      "text": "Access badge cloned. All locks authorized.",
      "type": "terminal",
      "x": 3.5,
      "y": 14.5
    },
    {
      "t": 1.2,
      "text": "terminal: noise 2.5",
      "type": "sound",
      "x": 3.5,
      "y": 14.5
    },
    {
      "t": 2.45,
      "text": "G01 · idle / observing",
      "type": "guard",
      "x": 5.5,
      "y": 5.298
    },
    {
      "t": 2.5,
      "text": "door: noise 3.0",
      "type": "sound",
      "x": 3.5,
      "y": 11.5
    },
    {
      "t": 2.5,
      "text": "Door opened.",
      "type": "door",
      "x": 3.5,
      "y": 11.5
    },
    {
      "t": 3.317,
      "text": "G02 · idle / observing",
      "type": "guard",
      "x": 11.705,
      "y": 9.5
    },
    {
      "t": 3.9,
      "text": "G01 · patrol",
      "type": "guard",
      "x": 5.5,
      "y": 5.298
    },
    {
      "t": 4.367,
      "text": "G02 · patrol",
      "type": "guard",
      "x": 11.705,
      "y": 9.5
    },
    {
      "t": 4.7,
      "text": "door: noise 3.0",
      "type": "sound",
      "x": 5.5,
      "y": 7.5
    },
    {
      "t": 4.7,
      "text": "Door opened.",
      "type": "door",
      "x": 5.5,
      "y": 7.5
    },
    {
      "t": 4.7,
      "text": "Smoke deployed. Vision blocked for 9 seconds.",
      "type": "gadget",
      "x": 5.499,
      "y": 8.642
    },
    {
      "t": 4.7,
      "text": "smoke: noise 4.0",
      "type": "sound",
      "x": 5.499,
      "y": 8.642
    },
    {
      "t": 4.717,
      "text": "G01 · investigate / door heard",
      "type": "guard",
      "x": 5.5,
      "y": 6.218
    },
    {
      "t": 4.717,
      "text": "G01 investigating door",
      "type": "heard",
      "x": 5.5,
      "y": 7.5
    },
    {
      "t": 4.733,
      "text": "G01 investigating smoke",
      "type": "heard",
      "x": 5.499,
      "y": 8.642
    },
    {
      "t": 4.983,
      "text": "guard door: noise 2.0",
      "type": "sound",
      "x": 11.5,
      "y": 7.5
    },
    {
      "t": 5.883,
      "text": "Distraction thrown.",
      "type": "gadget",
      "x": 1.491,
      "y": 6.504
    },
    {
      "t": 5.883,
      "text": "distraction: noise 10.0",
      "type": "sound",
      "x": 1.491,
      "y": 6.504
    },
    {
      "t": 5.9,
      "text": "G01 investigating distraction",
      "type": "heard",
      "x": 1.491,
      "y": 6.504
    },
    {
      "t": 7.183,
      "text": "Decrypting the ledger. Hold position.",
      "type": "action"
    },
    {
      "t": 7.483,
      "text": "G01 · suspicious / movement seen",
      "type": "guard",
      "x": 5.5,
      "y": 6.902
    },
    {
      "t": 8.083,
      "text": "Ledger acquired. Return to the green extraction zone.",
      "type": "objective",
      "x": 5.5,
      "y": 3.659
    },
    {
      "t": 8.083,
      "text": "ledger: noise 3.0",
      "type": "sound",
      "x": 5.5,
      "y": 3.659
    },
    {
      "t": 8.75,
      "text": "G01 · investigate / last visual position",
      "type": "guard",
      "x": 5.5,
      "y": 6.902
    },
    {
      "t": 8.767,
      "text": "G01 · suspicious / movement seen",
      "type": "guard",
      "x": 5.48,
      "y": 6.893
    },
    {
      "t": 9.2,
      "text": "G01 · pursuit / visual contact",
      "type": "guard",
      "x": 5.48,
      "y": 6.893
    },
    {
      "t": 9.2,
      "text": "Alarm broadcast · guard 1",
      "type": "alarm",
      "x": 3.518,
      "y": 2.682
    },
    {
      "t": 9.267,
      "text": "intel: noise 1.5",
      "type": "sound",
      "x": 3.509,
      "y": 2.595
    },
    {
      "t": 9.267,
      "text": "Optional intelligence acquired.",
      "type": "loot",
      "x": 3.509,
      "y": 2.595
    },
    {
      "t": 10.1,
      "text": "G02 · investigate / radio report",
      "type": "guard",
      "x": 11.5,
      "y": 2.941
    },
    {
      "t": 10.717,
      "text": "G01 · search / contact lost",
      "type": "guard",
      "x": 3.52,
      "y": 5.085
    },
    {
      "t": 15.683,
      "text": "Smoke deployed. Vision blocked for 9 seconds.",
      "type": "gadget",
      "x": 3.5,
      "y": 15.391
    },
    {
      "t": 15.683,
      "text": "smoke: noise 4.0",
      "type": "sound",
      "x": 3.5,
      "y": 15.391
    },
    {
      "t": 15.7,
      "text": "Ledger secured. Extraction complete.",
      "type": "extraction",
      "x": 3.5,
      "y": 15.391
    }
  ],
  "exit": {
    "x": 3.5,
    "y": 15.5
  },
  "fingerprint": "998045ba",
  "fps": 32.59458022832269,
  "frameTime": 0.800000011920929,
  "guards": [
    {
      "angle": -1.4929837994710151,
      "capture": 0,
      "heardId": 12,
      "id": 1,
      "lastKnown": {
        "x": 3.552609227553758,
        "y": 2.591297380706524
      },
      "lost": 1.4166666666666663,
      "path": [
        {
          "x": 4.5,
          "y": 1.5
        }
      ],
      "radio": 0,
      "repath": 0.5750000000000001,
      "route": [
        {
          "x": 5.5,
          "y": 2.5
        },
        {
          "x": 5.5,
          "y": 5.5
        },
        {
          "x": 5.5,
          "y": 9.5
        },
        {
          "x": 9.5,
          "y": 9.5
        },
        {
          "x": 5.5,
          "y": 9.5
        }
      ],
      "searchTarget": {
        "x": 4.5,
        "y": 1.5
      },
      "searchTime": 5.579249057918668,
      "seeing": false,
      "state": "search",
      "suspicion": 0,
      "wait": -0.0006313472986220828,
      "wp": 2,
      "x": 4.4643068131087835,
      "y": 2.8982065803156085
    },
    {
      "angle": 3.1374231110194137,
      "capture": 0,
      "heardId": 0,
      "id": 2,
      "lastKnown": {
        "x": 3.518037026146499,
        "y": 2.68169680401151
      },
      "lost": 0,
      "path": [
        {
          "x": 8.5,
          "y": 8.5
        },
        {
          "x": 7.5,
          "y": 8.5
        },
        {
          "x": 6.5,
          "y": 8.5
        },
        {
          "x": 5.5,
          "y": 8.5
        },
        {
          "x": 5.5,
          "y": 7.5
        },
        {
          "x": 5.5,
          "y": 6.5
        },
        {
          "x": 4.5,
          "y": 6.5
        },
        {
          "x": 3.5,
          "y": 6.5
        },
        {
          "x": 3.5,
          "y": 5.5
        },
        {
          "x": 3.5,
          "y": 4.5
        },
        {
          "x": 3.5,
          "y": 3.5
        },
        {
          "x": 3.5,
          "y": 2.5
        }
      ],
      "radio": 0,
      "repath": 0.39999999999999986,
      "route": [
        {
          "x": 11.5,
          "y": 2.5
        },
        {
          "x": 11.5,
          "y": 5.5
        },
        {
          "x": 11.5,
          "y": 9.5
        },
        {
          "x": 15.5,
          "y": 9.5
        },
        {
          "x": 11.5,
          "y": 9.5
        }
      ],
      "searchTime": 9,
      "seeing": false,
      "state": "investigate",
      "suspicion": 0,
      "wait": -0.002779870666564887,
      "wp": 0,
      "x": 9.522018386171911,
      "y": 8.496960717943633
    }
  ],
  "historyCount": 2,
  "keys": [],
  "objective": {
    "collected": true,
    "x": 5.5,
    "y": 3.5
  },
  "paused": true,
  "phase": "won",
  "player": {
    "angle": 1.5708032192443042,
    "exposure": 0,
    "health": 100,
    "key": true,
    "noise": 3.933333333333333,
    "objective": true,
    "path": [],
    "run": false,
    "x": 3.500000750201595,
    "y": 15.391156024385356
  },
  "preset": "dockside",
  "replay": {
    "index": 3,
    "playing": false,
    "samples": 32
  },
  "result": {
    "alarms": 1,
    "detections": 1,
    "loot": 1,
    "rank": "B",
    "score": 1503,
    "time": 15.7,
    "won": true
  },
  "securityOff": false,
  "seed": "DOCK-031",
  "selected": 1,
  "smokes": [
    {
      "maxTtl": 9,
      "radius": 1.85,
      "ttl": 8.983333333333333,
      "x": 3.500000750201595,
      "y": 15.391156024385356
    }
  ],
  "sounds": [
    {
      "age": 2.033333333333331,
      "id": 26,
      "intensity": 1.15,
      "owner": "player",
      "ttl": 2.4,
      "type": "footstep",
      "x": 3.90278605950064,
      "y": 10.495896698495322
    },
    {
      "age": 1.4333333333333331,
      "id": 27,
      "intensity": 1.15,
      "owner": "player",
      "ttl": 2.4,
      "type": "footstep",
      "x": 3.506484870948185,
      "y": 11.751180702336129
    },
    {
      "age": 0.8333333333333343,
      "id": 28,
      "intensity": 1.15,
      "owner": "player",
      "ttl": 2.4,
      "type": "footstep",
      "x": 3.500147109368727,
      "y": 13.311156053304382
    },
    {
      "age": 0.2333333333333333,
      "id": 29,
      "intensity": 1.15,
      "owner": "player",
      "ttl": 2.4,
      "type": "footstep",
      "x": 3.500004334275288,
      "y": 14.871156024397704
    },
    {
      "age": 0.016666666666666666,
      "id": 30,
      "intensity": 4,
      "owner": "player",
      "ttl": 2.4,
      "type": "smoke",
      "x": 3.500000750201595,
      "y": 15.391156024385356
    }
  ],
  "storageOK": true,
  "terminals": [
    {
      "name": "Access terminal",
      "type": "badge",
      "used": true,
      "x": 3.5,
      "y": 14.5
    },
    {
      "name": "Security terminal",
      "type": "security",
      "used": false,
      "x": 10.5,
      "y": 3.5
    }
  ],
  "time": 15.70000000000036,
  "touchDirections": [],
  "view": {
    "height": 475,
    "scale": 22.526315789473685,
    "width": 918,
    "x": 177.42105263157896,
    "y": 23.5
  }
}

$ agent-browser --session blackline screenshot /home/pyro/projects/naked/astra/bench/10-stealth-heist/evidence/screenshots/08-replay.png
✓ Screenshot saved to /home/pyro/projects/naked/astra/bench/10-stealth-heist/evidence/screenshots/08-replay.png

$ agent-browser --session blackline find role button click --name 'Export JSON'
✓ Done

$ agent-browser --session blackline find role button click --name 'Back to operation'
✓ Done

$ agent-browser --session blackline find role button click --name Settings
✓ Done

$ agent-browser --session blackline find role button click --name 'Run archive'
✗ Element '[data-agent-browser-located='true']' is covered by <div.modal inside div#modalRoot> at its click point, so the input would land on that element instead. Dismiss or interact with the covering element first (it is often a dialog, banner, or sticky header).

$ agent-browser --session blackline find role button click --name Settings
✓ Done

$ agent-browser --session blackline find role button click --name 'Import JSON'
✓ Done

$ agent-browser --session blackline fill #importText {broken
✓ Done

$ agent-browser --session blackline find role button click --name 'Validate & load'
✓ Done

$ agent-browser --session blackline get text #importError
Invalid JSON. Check the file contents and try again.

$ agent-browser --session blackline eval BLACKLINE.record()
{
  "format": "blackline-operation",
  "mission": {
    "difficulty": "operative",
    "fingerprint": "7ba7477f",
    "preset": "glasshouse",
    "seed": "NIGHT-017"
  },
  "run": {
    "elapsed": 0,
    "events": [
      {
        "t": 0,
        "text": "G02 · idle / observing",
        "type": "guard",
        "x": 17.72,
        "y": 11.5
      },
      {
        "t": 0,
        "text": "G04 · idle / observing",
        "type": "guard",
        "x": 4.72,
        "y": 11.5
      },
      {
        "t": 0,
        "text": "G01 · idle / observing",
        "type": "guard",
        "x": 4.5,
        "y": 7.283
      },
      {
        "t": 0,
        "text": "G03 · idle / observing",
        "type": "guard",
        "x": 27.5,
        "y": 7.283
      },
      {
        "t": 0,
        "text": "G02 · patrol",
        "type": "guard",
        "x": 17.72,
        "y": 11.5
      },
      {
        "t": 0,
        "text": "guard door: noise 2.0",
        "type": "sound",
        "x": 17.5,
        "y": 9.5
      },
      {
        "t": 0,
        "text": "G01 · patrol",
        "type": "guard",
        "x": 4.5,
        "y": 7.283
      },
      {
        "t": 0,
        "text": "G04 · patrol",
        "type": "guard",
        "x": 4.72,
        "y": 11.5
      },
      {
        "t": 0,
        "text": "G03 · patrol",
        "type": "guard",
        "x": 27.5,
        "y": 7.283
      },
      {
        "t": 0,
        "text": "guard door: noise 2.0",
        "type": "sound",
        "x": 4.5,
        "y": 9.5
      },
      {
        "t": 0,
        "text": "guard door: noise 2.0",
        "type": "sound",
        "x": 27.5,
        "y": 9.5
      },
      {
        "t": 0,
        "text": "G01 · idle / observing",
        "type": "guard",
        "x": 4.5,
        "y": 11.297
      },
      {
        "t": 0,
        "text": "G03 · idle / observing",
        "type": "guard",
        "x": 27.5,
        "y": 11.297
      },
      {
        "t": 0,
        "text": "G01 · patrol",
        "type": "guard",
        "x": 4.5,
        "y": 11.297
      },
      {
        "t": 0,
        "text": "G02 · idle / observing",
        "type": "guard",
        "x": 17.5,
        "y": 2.7
      },
      {
        "t": 0,
        "text": "G03 · patrol",
        "type": "guard",
        "x": 27.5,
        "y": 11.297
      },
      {
        "t": 0,
        "text": "G04 · idle / observing",
        "type": "guard",
        "x": 4.5,
        "y": 2.701
      },
      {
        "t": 0,
        "text": "G02 · patrol",
        "type": "guard",
        "x": 17.5,
        "y": 2.7
      },
      {
        "t": 0,
        "text": "G01 · idle / observing",
        "type": "guard",
        "x": 8.286,
        "y": 11.5
      },
      {
        "t": 0,
        "text": "G04 · patrol",
        "type": "guard",
        "x": 4.5,
        "y": 2.701
      },
      {
        "t": 0,
        "text": "G01 · patrol",
        "type": "guard",
        "x": 8.286,
        "y": 11.5
      },
      {
        "t": 0,
        "text": "G03 · idle / observing",
        "type": "guard",
        "x": 31.285,
        "y": 11.5
      },
      {
        "t": 0,
        "text": "G03 · patrol",
        "type": "guard",
        "x": 31.285,
        "y": 11.5
      },
      {
        "t": 0,
        "text": "G02 · idle / observing",
        "type": "guard",
        "x": 17.5,
        "y": 7.297
      },
      {
        "t": 0,
        "text": "G01 · idle / observing",
        "type": "guard",
        "x": 4.716,
        "y": 11.5
      },
      {
        "t": 0,
        "text": "G04 · idle / observing",
        "type": "guard",
        "x": 4.5,
        "y": 7.298
      },
      {
        "t": 0,
        "text": "G02 · patrol",
        "type": "guard",
        "x": 17.5,
        "y": 7.297
      },
      {
        "t": 0,
        "text": "G03 · idle / observing",
        "type": "guard",
        "x": 27.715,
        "y": 11.5
      },
      {
        "t": 0,
        "text": "G01 · patrol",
        "type": "guard",
        "x": 4.716,
        "y": 11.5
      },
      {
        "t": 0,
        "text": "G04 · patrol",
        "type": "guard",
        "x": 4.5,
        "y": 7.298
      },
      {
        "t": 0,
        "text": "G03 · patrol",
        "type": "guard",
        "x": 27.715,
        "y": 11.5
      },
      {
        "t": 0,
        "text": "G02 · idle / observing",
        "type": "guard",
        "x": 17.5,
        "y": 11.287
      },
      {
        "t": 0,
        "text": "G04 · idle / observing",
        "type": "guard",
        "x": 4.5,
        "y": 11.288
      },
      {
        "t": 0,
        "text": "G02 · patrol",
        "type": "guard",
        "x": 17.5,
        "y": 11.287
      },
      {
        "t": 0,
        "text": "G04 · patrol",
        "type": "guard",
        "x": 4.5,
        "y": 11.288
      },
      {
        "t": 0,
        "text": "G01 · idle / observing",
        "type": "guard",
        "x": 4.5,
        "y": 2.699
      },
      {
        "t": 0,
        "text": "G02 · idle / observing",
        "type": "guard",
        "x": 21.284,
        "y": 11.499
      },
      {
        "t": 0,
        "text": "G04 · idle / observing",
        "type": "guard",
        "x": 8.283,
        "y": 11.5
      },
      {
        "t": 0,
        "text": "G03 · idle / observing",
        "type": "guard",
        "x": 27.5,
        "y": 2.7
      },
      {
        "t": 0,
        "text": "G01 · patrol",
        "type": "guard",
        "x": 4.5,
        "y": 2.699
      },
      {
        "t": 0,
        "text": "G03 · patrol",
        "type": "guard",
        "x": 27.5,
        "y": 2.7
      },
      {
        "t": 0,
        "text": "G02 · patrol",
        "type": "guard",
        "x": 21.284,
        "y": 11.499
      },
      {
        "t": 0,
        "text": "G04 · patrol",
        "type": "guard",
        "x": 8.283,
        "y": 11.5
      },
      {
        "t": 0,
        "text": "G02 · idle / observing",
        "type": "guard",
        "x": 17.714,
        "y": 11.5
      },
      {
        "t": 0,
        "text": "G04 · idle / observing",
        "type": "guard",
        "x": 4.713,
        "y": 11.5
      },
      {
        "t": 0,
        "text": "G01 · idle / observing",
        "type": "guard",
        "x": 4.5,
        "y": 7.296
      },
      {
        "t": 0,
        "text": "G03 · idle / observing",
        "type": "guard",
        "x": 27.5,
        "y": 7.297
      },
      {
        "t": 0,
        "text": "G02 · patrol",
        "type": "guard",
        "x": 17.714,
        "y": 11.5
      },
      {
        "t": 0,
        "text": "G04 · patrol",
        "type": "guard",
        "x": 4.713,
        "y": 11.5
      },
      {
        "t": 0,
        "text": "G01 · patrol",
        "type": "guard",
        "x": 4.5,
        "y": 7.296
      },
      {
        "t": 0,
        "text": "G03 · patrol",
        "type": "guard",
        "x": 27.5,
        "y": 7.297
      }
    ],
    "result": null,
    "trace": []
  },
  "version": 1
}

$ agent-browser --session blackline fill #importText '{"format": "blackline-operation", "mission": {"difficulty": ["operative"], "fingerprint": "7ba7477f", "preset": "glasshouse", "seed": "NIGHT-017"}, "run": {"elapsed": 0, "events": [{"t": 0, "text": "G02 \\u00b7 idle / observing", "type": "guard", "x": 17.72, "y": 11.5}, {"t": 0, "text": "G04 \\u00b7 idle / observing", "type": "guard", "x": 4.72, "y": 11.5}, {"t": 0, "text": "G01 \\u00b7 idle / observing", "type": "guard", "x": 4.5, "y": 7.283}, {"t": 0, "text": "G03 \\u00b7 idle / observing", "type": "guard", "x": 27.5, "y": 7.283}, {"t": 0, "text": "G02 \\u00b7 patrol", "type": "guard", "x": 17.72, "y": 11.5}, {"t": 0, "text": "guard door: noise 2.0", "type": "sound", "x": 17.5, "y": 9.5}, {"t": 0, "text": "G01 \\u00b7 patrol", "type": "guard", "x": 4.5, "y": 7.283}, {"t": 0, "text": "G04 \\u00b7 patrol", "type": "guard", "x": 4.72, "y": 11.5}, {"t": 0, "text": "G03 \\u00b7 patrol", "type": "guard", "x": 27.5, "y": 7.283}, {"t": 0, "text": "guard door: noise 2.0", "type": "sound", "x": 4.5, "y": 9.5}, {"t": 0, "text": "guard door: noise 2.0", "type": "sound", "x": 27.5, "y": 9.5}, {"t": 0, "text": "G01 \\u00b7 idle / observing", "type": "guard", "x": 4.5, "y": 11.297}, {"t": 0, "text": "G03 \\u00b7 idle / observing", "type": "guard", "x": 27.5, "y": 11.297}, {"t": 0, "text": "G01 \\u00b7 patrol", "type": "guard", "x": 4.5, "y": 11.297}, {"t": 0, "text": "G02 \\u00b7 idle / observing", "type": "guard", "x": 17.5, "y": 2.7}, {"t": 0, "text": "G03 \\u00b7 patrol", "type": "guard", "x": 27.5, "y": 11.297}, {"t": 0, "text": "G04 \\u00b7 idle / observing", "type": "guard", "x": 4.5, "y": 2.701}, {"t": 0, "text": "G02 \\u00b7 patrol", "type": "guard", "x": 17.5, "y": 2.7}, {"t": 0, "text": "G01 \\u00b7 idle / observing", "type": "guard", "x": 8.286, "y": 11.5}, {"t": 0, "text": "G04 \\u00b7 patrol", "type": "guard", "x": 4.5, "y": 2.701}, {"t": 0, "text": "G01 \\u00b7 patrol", "type": "guard", "x": 8.286, "y": 11.5}, {"t": 0, "text": "G03 \\u00b7 idle / observing", "type": "guard", "x": 31.285, "y": 11.5}, {"t": 0, "text": "G03 \\u00b7 patrol", "type": "guard", "x": 31.285, "y": 11.5}, {"t": 0, "text": "G02 \\u00b7 idle / observing", "type": "guard", "x": 17.5, "y": 7.297}, {"t": 0, "text": "G01 \\u00b7 idle / observing", "type": "guard", "x": 4.716, "y": 11.5}, {"t": 0, "text": "G04 \\u00b7 idle / observing", "type": "guard", "x": 4.5, "y": 7.298}, {"t": 0, "text": "G02 \\u00b7 patrol", "type": "guard", "x": 17.5, "y": 7.297}, {"t": 0, "text": "G03 \\u00b7 idle / observing", "type": "guard", "x": 27.715, "y": 11.5}, {"t": 0, "text": "G01 \\u00b7 patrol", "type": "guard", "x": 4.716, "y": 11.5}, {"t": 0, "text": "G04 \\u00b7 patrol", "type": "guard", "x": 4.5, "y": 7.298}, {"t": 0, "text": "G03 \\u00b7 patrol", "type": "guard", "x": 27.715, "y": 11.5}, {"t": 0, "text": "G02 \\u00b7 idle / observing", "type": "guard", "x": 17.5, "y": 11.287}, {"t": 0, "text": "G04 \\u00b7 idle / observing", "type": "guard", "x": 4.5, "y": 11.288}, {"t": 0, "text": "G02 \\u00b7 patrol", "type": "guard", "x": 17.5, "y": 11.287}, {"t": 0, "text": "G04 \\u00b7 patrol", "type": "guard", "x": 4.5, "y": 11.288}, {"t": 0, "text": "G01 \\u00b7 idle / observing", "type": "guard", "x": 4.5, "y": 2.699}, {"t": 0, "text": "G02 \\u00b7 idle / observing", "type": "guard", "x": 21.284, "y": 11.499}, {"t": 0, "text": "G04 \\u00b7 idle / observing", "type": "guard", "x": 8.283, "y": 11.5}, {"t": 0, "text": "G03 \\u00b7 idle / observing", "type": "guard", "x": 27.5, "y": 2.7}, {"t": 0, "text": "G01 \\u00b7 patrol", "type": "guard", "x": 4.5, "y": 2.699}, {"t": 0, "text": "G03 \\u00b7 patrol", "type": "guard", "x": 27.5, "y": 2.7}, {"t": 0, "text": "G02 \\u00b7 patrol", "type": "guard", "x": 21.284, "y": 11.499}, {"t": 0, "text": "G04 \\u00b7 patrol", "type": "guard", "x": 8.283, "y": 11.5}, {"t": 0, "text": "G02 \\u00b7 idle / observing", "type": "guard", "x": 17.714, "y": 11.5}, {"t": 0, "text": "G04 \\u00b7 idle / observing", "type": "guard", "x": 4.713, "y": 11.5}, {"t": 0, "text": "G01 \\u00b7 idle / observing", "type": "guard", "x": 4.5, "y": 7.296}, {"t": 0, "text": "G03 \\u00b7 idle / observing", "type": "guard", "x": 27.5, "y": 7.297}, {"t": 0, "text": "G02 \\u00b7 patrol", "type": "guard", "x": 17.714, "y": 11.5}, {"t": 0, "text": "G04 \\u00b7 patrol", "type": "guard", "x": 4.713, "y": 11.5}, {"t": 0, "text": "G01 \\u00b7 patrol", "type": "guard", "x": 4.5, "y": 7.296}, {"t": 0, "text": "G03 \\u00b7 patrol", "type": "guard", "x": 27.5, "y": 7.297}], "result": null, "trace": []}, "version": 1}'
✓ Done

$ agent-browser --session blackline find role button click --name 'Validate & load'
✓ Done

$ agent-browser --session blackline get text #importError
Invalid seed, mission preset, or difficulty.

$ agent-browser --session blackline screenshot /home/pyro/projects/naked/astra/bench/10-stealth-heist/evidence/screenshots/10-import-error.png
✓ Screenshot saved to /home/pyro/projects/naked/astra/bench/10-stealth-heist/evidence/screenshots/10-import-error.png

$ agent-browser --session blackline eval BLACKLINE.snapshot()
{
  "action": null,
  "alarms": 0,
  "alert": 0,
  "audio": {
    "activeNodes": 0,
    "effects": 0.65,
    "enabled": false,
    "master": 0.5,
    "state": "not-created"
  },
  "cameras": [
    {
      "angle": 3.5842310349521123,
      "base": 3.141592653589793,
      "disabled": 0,
      "phase": 1.308784379158169,
      "seeing": false,
      "suspicion": 0,
      "x": 32.9,
      "y": 11.5
    },
    {
      "angle": 2.5333158348426843,
      "base": 2.2,
      "disabled": 0,
      "phase": 0.2728239018470049,
      "seeing": false,
      "suspicion": 0,
      "x": 32.5,
      "y": 2.5
    }
  ],
  "charges": [
    3,
    2,
    2
  ],
  "cooldown": 0,
  "detections": 0,
  "diagnostics": {
    "collision": false,
    "memory": false,
    "navigation": false,
    "perception": false,
    "sound": false,
    "timing": false
  },
  "difficulty": "operative",
  "doors": [
    {
      "anim": 0.9999999999999998,
      "id": 0,
      "locked": false,
      "open": true,
      "x": 4,
      "y": 9
    },
    {
      "anim": 0.9999999999999998,
      "id": 1,
      "locked": false,
      "open": true,
      "x": 17,
      "y": 9
    },
    {
      "anim": 0.9999999999999998,
      "id": 2,
      "locked": true,
      "open": true,
      "x": 27,
      "y": 9
    },
    {
      "anim": 0,
      "id": 3,
      "locked": false,
      "open": false,
      "x": 5,
      "y": 13
    },
    {
      "anim": 0,
      "id": 4,
      "locked": false,
      "open": false,
      "x": 16,
      "y": 13
    },
    {
      "anim": 0,
      "id": 5,
      "locked": false,
      "open": false,
      "x": 28,
      "y": 13
    }
  ],
  "events": [
    {
      "t": 0,
      "text": "G02 · idle / observing",
      "type": "guard",
      "x": 17.72,
      "y": 11.5
    },
    {
      "t": 0,
      "text": "G04 · idle / observing",
      "type": "guard",
      "x": 4.72,
      "y": 11.5
    },
    {
      "t": 0,
      "text": "G01 · idle / observing",
      "type": "guard",
      "x": 4.5,
      "y": 7.283
    },
    {
      "t": 0,
      "text": "G03 · idle / observing",
      "type": "guard",
      "x": 27.5,
      "y": 7.283
    },
    {
      "t": 0,
      "text": "G02 · patrol",
      "type": "guard",
      "x": 17.72,
      "y": 11.5
    },
    {
      "t": 0,
      "text": "guard door: noise 2.0",
      "type": "sound",
      "x": 17.5,
      "y": 9.5
    },
    {
      "t": 0,
      "text": "G01 · patrol",
      "type": "guard",
      "x": 4.5,
      "y": 7.283
    },
    {
      "t": 0,
      "text": "G04 · patrol",
      "type": "guard",
      "x": 4.72,
      "y": 11.5
    },
    {
      "t": 0,
      "text": "G03 · patrol",
      "type": "guard",
      "x": 27.5,
      "y": 7.283
    },
    {
      "t": 0,
      "text": "guard door: noise 2.0",
      "type": "sound",
      "x": 4.5,
      "y": 9.5
    },
    {
      "t": 0,
      "text": "guard door: noise 2.0",
      "type": "sound",
      "x": 27.5,
      "y": 9.5
    },
    {
      "t": 0,
      "text": "G01 · idle / observing",
      "type": "guard",
      "x": 4.5,
      "y": 11.297
    },
    {
      "t": 0,
      "text": "G03 · idle / observing",
      "type": "guard",
      "x": 27.5,
      "y": 11.297
    },
    {
      "t": 0,
      "text": "G01 · patrol",
      "type": "guard",
      "x": 4.5,
      "y": 11.297
    },
    {
      "t": 0,
      "text": "G02 · idle / observing",
      "type": "guard",
      "x": 17.5,
      "y": 2.7
    },
    {
      "t": 0,
      "text": "G03 · patrol",
      "type": "guard",
      "x": 27.5,
      "y": 11.297
    },
    {
      "t": 0,
      "text": "G04 · idle / observing",
      "type": "guard",
      "x": 4.5,
      "y": 2.701
    },
    {
      "t": 0,
      "text": "G02 · patrol",
      "type": "guard",
      "x": 17.5,
      "y": 2.7
    },
    {
      "t": 0,
      "text": "G01 · idle / observing",
      "type": "guard",
      "x": 8.286,
      "y": 11.5
    },
    {
      "t": 0,
      "text": "G04 · patrol",
      "type": "guard",
      "x": 4.5,
      "y": 2.701
    },
    {
      "t": 0,
      "text": "G01 · patrol",
      "type": "guard",
      "x": 8.286,
      "y": 11.5
    },
    {
      "t": 0,
      "text": "G03 · idle / observing",
      "type": "guard",
      "x": 31.285,
      "y": 11.5
    },
    {
      "t": 0,
      "text": "G03 · patrol",
      "type": "guard",
      "x": 31.285,
      "y": 11.5
    },
    {
      "t": 0,
      "text": "G02 · idle / observing",
      "type": "guard",
      "x": 17.5,
      "y": 7.297
    },
    {
      "t": 0,
      "text": "G01 · idle / observing",
      "type": "guard",
      "x": 4.716,
      "y": 11.5
    },
    {
      "t": 0,
      "text": "G04 · idle / observing",
      "type": "guard",
      "x": 4.5,
      "y": 7.298
    },
    {
      "t": 0,
      "text": "G02 · patrol",
      "type": "guard",
      "x": 17.5,
      "y": 7.297
    },
    {
      "t": 0,
      "text": "G03 · idle / observing",
      "type": "guard",
      "x": 27.715,
      "y": 11.5
    },
    {
      "t": 0,
      "text": "G01 · patrol",
      "type": "guard",
      "x": 4.716,
      "y": 11.5
    },
    {
      "t": 0,
      "text": "G04 · patrol",
      "type": "guard",
      "x": 4.5,
      "y": 7.298
    },
    {
      "t": 0,
      "text": "G03 · patrol",
      "type": "guard",
      "x": 27.715,
      "y": 11.5
    },
    {
      "t": 0,
      "text": "G02 · idle / observing",
      "type": "guard",
      "x": 17.5,
      "y": 11.287
    },
    {
      "t": 0,
      "text": "G04 · idle / observing",
      "type": "guard",
      "x": 4.5,
      "y": 11.288
    },
    {
      "t": 0,
      "text": "G02 · patrol",
      "type": "guard",
      "x": 17.5,
      "y": 11.287
    },
    {
      "t": 0,
      "text": "G04 · patrol",
      "type": "guard",
      "x": 4.5,
      "y": 11.288
    },
    {
      "t": 0,
      "text": "G01 · idle / observing",
      "type": "guard",
      "x": 4.5,
      "y": 2.699
    },
    {
      "t": 0,
      "text": "G02 · idle / observing",
      "type": "guard",
      "x": 21.284,
      "y": 11.499
    },
    {
      "t": 0,
      "text": "G04 · idle / observing",
      "type": "guard",
      "x": 8.283,
      "y": 11.5
    },
    {
      "t": 0,
      "text": "G03 · idle / observing",
      "type": "guard",
      "x": 27.5,
      "y": 2.7
    },
    {
      "t": 0,
      "text": "G01 · patrol",
      "type": "guard",
      "x": 4.5,
      "y": 2.699
    },
    {
      "t": 0,
      "text": "G03 · patrol",
      "type": "guard",
      "x": 27.5,
      "y": 2.7
    },
    {
      "t": 0,
      "text": "G02 · patrol",
      "type": "guard",
      "x": 21.284,
      "y": 11.499
    },
    {
      "t": 0,
      "text": "G04 · patrol",
      "type": "guard",
      "x": 8.283,
      "y": 11.5
    },
    {
      "t": 0,
      "text": "G02 · idle / observing",
      "type": "guard",
      "x": 17.714,
      "y": 11.5
    },
    {
      "t": 0,
      "text": "G04 · idle / observing",
      "type": "guard",
      "x": 4.713,
      "y": 11.5
    },
    {
      "t": 0,
      "text": "G01 · idle / observing",
      "type": "guard",
      "x": 4.5,
      "y": 7.296
    },
    {
      "t": 0,
      "text": "G03 · idle / observing",
      "type": "guard",
      "x": 27.5,
      "y": 7.297
    },
    {
      "t": 0,
      "text": "G02 · patrol",
      "type": "guard",
      "x": 17.714,
      "y": 11.5
    },
    {
      "t": 0,
      "text": "G04 · patrol",
      "type": "guard",
      "x": 4.713,
      "y": 11.5
    },
    {
      "t": 0,
      "text": "G01 · patrol",
      "type": "guard",
      "x": 4.5,
      "y": 7.296
    },
    {
      "t": 0,
      "text": "G03 · patrol",
      "type": "guard",
      "x": 27.5,
      "y": 7.297
    }
  ],
  "exit": {
    "x": 3.5,
    "y": 19.5
  },
  "fingerprint": "7ba7477f",
  "fps": 52.161748793897715,
  "frameTime": 0.7999999821186066,
  "guards": [
    {
      "angle": 1.570796307089365,
      "capture": 0,
      "heardId": 0,
      "id": 1,
      "lastKnown": null,
      "lost": 0,
      "path": [
        {
          "x": 4.5,
          "y": 10.5
        },
        {
          "x": 4.5,
          "y": 11.5
        }
      ],
      "radio": 0,
      "repath": 0.04166666666666663,
      "route": [
        {
          "x": 4.5,
          "y": 2.5
        },
        {
          "x": 4.5,
          "y": 7.5
        },
        {
          "x": 4.5,
          "y": 11.5
        },
        {
          "x": 8.5,
          "y": 11.5
        },
        {
          "x": 4.5,
          "y": 11.5
        }
      ],
      "searchTime": 0,
      "seeing": false,
      "state": "patrol",
      "suspicion": 0,
      "wait": -0.004635300355343607,
      "wp": 2,
      "x": 4.500000000000045,
      "y": 9.69908474908067
    },
    {
      "angle": 4.709647443930782,
      "capture": 0,
      "heardId": 0,
      "id": 2,
      "lastKnown": null,
      "lost": 0,
      "path": [
        {
          "x": 17.5,
          "y": 7.5
        },
        {
          "x": 17.5,
          "y": 6.5
        },
        {
          "x": 17.5,
          "y": 5.5
        },
        {
          "x": 17.5,
          "y": 4.5
        },
        {
          "x": 17.5,
          "y": 3.5
        },
        {
          "x": 17.5,
          "y": 2.5
        }
      ],
      "radio": 0,
      "repath": 0.3666666666666666,
      "route": [
        {
          "x": 17.5,
          "y": 2.5
        },
        {
          "x": 17.5,
          "y": 7.5
        },
        {
          "x": 17.5,
          "y": 11.5
        },
        {
          "x": 21.5,
          "y": 11.5
        },
        {
          "x": 17.5,
          "y": 11.5
        }
      ],
      "searchTime": 0,
      "seeing": false,
      "state": "patrol",
      "suspicion": 0,
      "wait": -0.004331618105062173,
      "wp": 0,
      "x": 17.500847091157667,
      "y": 7.809140963747915
    },
    {
      "angle": 1.5707963599752874,
      "capture": 0,
      "heardId": 0,
      "id": 3,
      "lastKnown": null,
      "lost": 0,
      "path": [
        {
          "x": 27.5,
          "y": 10.5
        },
        {
          "x": 27.5,
          "y": 11.5
        }
      ],
      "radio": 0,
      "repath": 0.24166666666666636,
      "route": [
        {
          "x": 27.5,
          "y": 2.5
        },
        {
          "x": 27.5,
          "y": 7.5
        },
        {
          "x": 27.5,
          "y": 11.5
        },
        {
          "x": 31.5,
          "y": 11.5
        },
        {
          "x": 27.5,
          "y": 11.5
        }
      ],
      "searchTime": 0,
      "seeing": false,
      "state": "patrol",
      "suspicion": 0,
      "wait": -0.0123393289822475,
      "wp": 2,
      "x": 27.500000000000053,
      "y": 9.630157555086964
    },
    {
      "angle": 4.711469077200617,
      "capture": 0,
      "heardId": 0,
      "id": 4,
      "lastKnown": null,
      "lost": 0,
      "path": [
        {
          "x": 4.5,
          "y": 7.5
        },
        {
          "x": 4.5,
          "y": 6.5
        },
        {
          "x": 4.5,
          "y": 5.5
        },
        {
          "x": 4.5,
          "y": 4.5
        },
        {
          "x": 4.5,
          "y": 3.5
        },
        {
          "x": 4.5,
          "y": 2.5
        }
      ],
      "radio": 0,
      "repath": 0.34999999999999964,
      "route": [
        {
          "x": 4.5,
          "y": 2.5
        },
        {
          "x": 4.5,
          "y": 7.5
        },
        {
          "x": 4.5,
          "y": 11.5
        },
        {
          "x": 8.5,
          "y": 11.5
        },
        {
          "x": 4.5,
          "y": 11.5
        }
      ],
      "searchTime": 0,
      "seeing": false,
      "state": "patrol",
      "suspicion": 0,
      "wait": -0.016121904365719652,
      "wp": 0,
      "x": 4.500672235568385,
      "y": 8.346908949413244
    }
  ],
  "historyCount": 2,
  "keys": [],
  "objective": {
    "collected": false,
    "x": 30.5,
    "y": 3.5
  },
  "paused": true,
  "phase": "briefing",
  "player": {
    "angle": -1.5707963267948966,
    "exposure": 0,
    "health": 100,
    "key": false,
    "noise": 0,
    "objective": false,
    "path": [],
    "run": false,
    "x": 3.5,
    "y": 19.5
  },
  "preset": "glasshouse",
  "replay": null,
  "result": null,
  "securityOff": false,
  "seed": "NIGHT-017",
  "selected": 0,
  "smokes": [],
  "sounds": [],
  "storageOK": true,
  "terminals": [
    {
      "name": "Access terminal",
      "type": "badge",
      "used": false,
      "x": 3.5,
      "y": 18.5
    },
    {
      "name": "Security terminal",
      "type": "security",
      "used": false,
      "x": 13.5,
      "y": 3.5
    }
  ],
  "time": 0,
  "touchDirections": [],
  "view": {
    "height": 475,
    "scale": 18.60869565217391,
    "width": 918,
    "x": 133.3478260869565,
    "y": 23.5
  }
}

$ agent-browser --session blackline upload #importFile /home/pyro/projects/naked/astra/bench/10-stealth-heist/evidence/exported-operation.json
✓ Done

$ agent-browser --session blackline wait --fn document.getElementById("importText").value.includes("blackline-operation")
true

$ agent-browser --session blackline find role button click --name 'Validate & load'
✓ Done

$ agent-browser --session blackline wait --fn BLACKLINE.snapshot().replay!==null
true

$ agent-browser --session blackline focus #replaySlider
✓ Done

$ agent-browser --session blackline press End
✓ Done

$ agent-browser --session blackline wait --fn BLACKLINE.snapshot().replay.index===BLACKLINE.snapshot().replay.samples-1
true

$ agent-browser --session blackline screenshot /home/pyro/projects/naked/astra/bench/10-stealth-heist/evidence/screenshots/11-imported-replay-end.png
✓ Screenshot saved to /home/pyro/projects/naked/astra/bench/10-stealth-heist/evidence/screenshots/11-imported-replay-end.png

$ agent-browser --session blackline eval BLACKLINE.snapshot()
{
  "action": null,
  "alarms": 0,
  "alert": 0,
  "audio": {
    "activeNodes": 0,
    "effects": 0.65,
    "enabled": false,
    "master": 0.5,
    "state": "not-created"
  },
  "cameras": [
    {
      "angle": 3.141592653589793,
      "base": 3.141592653589793,
      "disabled": 0,
      "phase": 3.3152712425217032,
      "suspicion": 0,
      "x": 22.9,
      "y": 9.5
    },
    {
      "angle": 2.2,
      "base": 2.2,
      "disabled": 0,
      "phase": 1.601427550893277,
      "suspicion": 0,
      "x": 22.5,
      "y": 2.5
    }
  ],
  "charges": [
    5,
    4,
    3
  ],
  "cooldown": 0,
  "detections": 0,
  "diagnostics": {
    "collision": false,
    "memory": false,
    "navigation": false,
    "perception": false,
    "sound": false,
    "timing": false
  },
  "difficulty": "ghost",
  "doors": [
    {
      "anim": 0,
      "id": 0,
      "locked": true,
      "open": false,
      "x": 5,
      "y": 7
    },
    {
      "anim": 0,
      "id": 1,
      "locked": false,
      "open": false,
      "x": 11,
      "y": 7
    },
    {
      "anim": 0,
      "id": 2,
      "locked": false,
      "open": false,
      "x": 20,
      "y": 7
    },
    {
      "anim": 0,
      "id": 3,
      "locked": false,
      "open": false,
      "x": 3,
      "y": 11
    },
    {
      "anim": 0,
      "id": 4,
      "locked": false,
      "open": false,
      "x": 11,
      "y": 11
    },
    {
      "anim": 0,
      "id": 5,
      "locked": false,
      "open": false,
      "x": 21,
      "y": 11
    }
  ],
  "events": [],
  "exit": {
    "x": 3.5,
    "y": 15.5
  },
  "fingerprint": "998045ba",
  "fps": 46.651545319506994,
  "frameTime": 0.5,
  "guards": [
    {
      "angle": 1.5707963267948966,
      "capture": 0,
      "heardId": 0,
      "id": 1,
      "lastKnown": null,
      "lost": 0,
      "path": [],
      "radio": 0,
      "repath": 0,
      "route": [
        {
          "x": 5.5,
          "y": 2.5
        },
        {
          "x": 5.5,
          "y": 5.5
        },
        {
          "x": 5.5,
          "y": 9.5
        },
        {
          "x": 9.5,
          "y": 9.5
        },
        {
          "x": 5.5,
          "y": 9.5
        }
      ],
      "searchTime": 0,
      "seeing": false,
      "state": "patrol",
      "suspicion": 0,
      "wait": 0,
      "wp": 1,
      "x": 5.5,
      "y": 2.5
    },
    {
      "angle": 3.141592653589793,
      "capture": 0,
      "heardId": 0,
      "id": 2,
      "lastKnown": null,
      "lost": 0,
      "path": [],
      "radio": 0,
      "repath": 0,
      "route": [
        {
          "x": 11.5,
          "y": 2.5
        },
        {
          "x": 11.5,
          "y": 5.5
        },
        {
          "x": 11.5,
          "y": 9.5
        },
        {
          "x": 15.5,
          "y": 9.5
        },
        {
          "x": 11.5,
          "y": 9.5
        }
      ],
      "searchTime": 0,
      "seeing": false,
      "state": "patrol",
      "suspicion": 0,
      "wait": 0,
      "wp": 4,
      "x": 15.5,
      "y": 9.5
    }
  ],
  "historyCount": 2,
  "keys": [],
  "objective": {
    "collected": false,
    "x": 5.5,
    "y": 3.5
  },
  "paused": true,
  "phase": "briefing",
  "player": {
    "angle": -1.5707963267948966,
    "exposure": 0,
    "health": 100,
    "key": false,
    "noise": 0,
    "objective": false,
    "path": [],
    "run": false,
    "x": 3.5,
    "y": 15.5
  },
  "preset": "dockside",
  "replay": {
    "index": 31,
    "playing": false,
    "samples": 32
  },
  "result": null,
  "securityOff": false,
  "seed": "DOCK-031",
  "selected": 0,
  "smokes": [],
  "sounds": [],
  "storageOK": true,
  "terminals": [
    {
      "name": "Access terminal",
      "type": "badge",
      "used": false,
      "x": 3.5,
      "y": 14.5
    },
    {
      "name": "Security terminal",
      "type": "security",
      "used": false,
      "x": 10.5,
      "y": 3.5
    }
  ],
  "time": 0,
  "touchDirections": [],
  "view": {
    "height": 475,
    "scale": 22.526315789473685,
    "width": 918,
    "x": 177.42105263157896,
    "y": 23.5
  }
}

$ agent-browser --session blackline find role button click --name 'Back to operation'
✓ Done

$ agent-browser --session blackline console

$ agent-browser --session blackline errors

$ agent-browser --session blackline find role button click --name Infiltrate
✓ Done

$ agent-browser --session blackline press e
✓ Done

$ agent-browser --session blackline wait --fn BLACKLINE.snapshot().player.key
true

$ agent-browser --session blackline keydown ArrowUp
✓ Done

$ agent-browser --session blackline wait --fn BLACKLINE.snapshot().player.y<12.55
true

$ agent-browser --session blackline keyup ArrowUp
✓ Done

$ agent-browser --session blackline press e
✓ Done

$ agent-browser --session blackline eval '(()=>{const s=BLACKLINE.snapshot(),r=document.getElementById("game").getBoundingClientRect();return {x:r.x,y:r.y,v:s.view}})()'
{
  "v": {
    "height": 475,
    "scale": 22.526315789473685,
    "width": 918,
    "x": 177.42105263157896,
    "y": 23.5
  },
  "x": 35,
  "y": 222
}

$ agent-browser --session blackline mouse move 336 437
✓ Done

$ agent-browser --session blackline mouse down left
✓ Done

$ agent-browser --session blackline mouse up left
✓ Done

$ agent-browser --session blackline wait --fn Math.hypot(BLACKLINE.snapshot().player.x-5.5,BLACKLINE.snapshot().player.y-8.5)<0.2
true

$ agent-browser --session blackline eval BLACKLINE.snapshot()
{
  "action": null,
  "alarms": 0,
  "alert": 0,
  "audio": {
    "activeNodes": 0,
    "effects": 0.65,
    "enabled": true,
    "master": 0.5,
    "state": "running"
  },
  "cameras": [
    {
      "angle": 2.7525611886245973,
      "base": 3.141592653589793,
      "disabled": 0,
      "phase": 3.3152712425217032,
      "seeing": false,
      "suspicion": 0,
      "x": 22.9,
      "y": 9.5
    },
    {
      "angle": 2.0124995407340123,
      "base": 2.2,
      "disabled": 0,
      "phase": 1.601427550893277,
      "seeing": false,
      "suspicion": 0,
      "x": 22.5,
      "y": 2.5
    }
  ],
  "charges": [
    5,
    4,
    3
  ],
  "cooldown": 0,
  "detections": 0,
  "diagnostics": {
    "collision": false,
    "memory": false,
    "navigation": false,
    "perception": false,
    "sound": false,
    "timing": false
  },
  "difficulty": "ghost",
  "doors": [
    {
      "anim": 0,
      "id": 0,
      "locked": false,
      "open": false,
      "x": 5,
      "y": 7
    },
    {
      "anim": 0,
      "id": 1,
      "locked": false,
      "open": false,
      "x": 11,
      "y": 7
    },
    {
      "anim": 0,
      "id": 2,
      "locked": false,
      "open": false,
      "x": 20,
      "y": 7
    },
    {
      "anim": 0.9999999999576106,
      "id": 3,
      "locked": false,
      "open": true,
      "x": 3,
      "y": 11
    },
    {
      "anim": 0,
      "id": 4,
      "locked": false,
      "open": false,
      "x": 11,
      "y": 11
    },
    {
      "anim": 0,
      "id": 5,
      "locked": false,
      "open": false,
      "x": 21,
      "y": 11
    }
  ],
  "events": [
    {
      "t": 0,
      "text": "Operation underway.",
      "type": "start"
    },
    {
      "t": 0,
      "text": "Connecting to terminal. Hold position.",
      "type": "action"
    },
    {
      "t": 1.2,
      "text": "Access badge cloned. All locks authorized.",
      "type": "terminal",
      "x": 3.5,
      "y": 14.5
    },
    {
      "t": 1.2,
      "text": "terminal: noise 2.5",
      "type": "sound",
      "x": 3.5,
      "y": 14.5
    },
    {
      "t": 2.45,
      "text": "G01 · idle / observing",
      "type": "guard",
      "x": 5.5,
      "y": 5.298
    },
    {
      "t": 2.483,
      "text": "door: noise 3.0",
      "type": "sound",
      "x": 3.5,
      "y": 11.5
    },
    {
      "t": 2.483,
      "text": "Door opened.",
      "type": "door",
      "x": 3.5,
      "y": 11.5
    },
    {
      "t": 3.317,
      "text": "G02 · idle / observing",
      "type": "guard",
      "x": 11.705,
      "y": 9.5
    },
    {
      "t": 3.9,
      "text": "G01 · patrol",
      "type": "guard",
      "x": 5.5,
      "y": 5.298
    },
    {
      "t": 4.367,
      "text": "G02 · patrol",
      "type": "guard",
      "x": 11.705,
      "y": 9.5
    }
  ],
  "exit": {
    "x": 3.5,
    "y": 15.5
  },
  "fingerprint": "998045ba",
  "fps": 59.999734264035965,
  "frameTime": 0.7000000178813934,
  "guards": [
    {
      "angle": 1.5706739595450028,
      "capture": 0,
      "heardId": 0,
      "id": 1,
      "lastKnown": null,
      "lost": 0,
      "path": [
        {
          "x": 5.5,
          "y": 6.5
        },
        {
          "x": 5.5,
          "y": 7.5
        },
        {
          "x": 5.5,
          "y": 8.5
        },
        {
          "x": 5.5,
          "y": 9.5
        }
      ],
      "radio": 0,
      "repath": 0.4083333333333332,
      "route": [
        {
          "x": 5.5,
          "y": 2.5
        },
        {
          "x": 5.5,
          "y": 5.5
        },
        {
          "x": 5.5,
          "y": 9.5
        },
        {
          "x": 9.5,
          "y": 9.5
        },
        {
          "x": 5.5,
          "y": 9.5
        }
      ],
      "searchTime": 0,
      "seeing": false,
      "state": "patrol",
      "suspicion": 0,
      "wait": -0.0006313472986220828,
      "wp": 2,
      "x": 5.5,
      "y": 6.180000000000029
    },
    {
      "angle": 4.416356485410048,
      "capture": 0,
      "heardId": 0,
      "id": 2,
      "lastKnown": null,
      "lost": 0,
      "path": [
        {
          "x": 11.5,
          "y": 8.5
        },
        {
          "x": 11.5,
          "y": 7.5
        },
        {
          "x": 11.5,
          "y": 6.5
        },
        {
          "x": 11.5,
          "y": 5.5
        },
        {
          "x": 11.5,
          "y": 4.5
        },
        {
          "x": 11.5,
          "y": 3.5
        },
        {
          "x": 11.5,
          "y": 2.5
        }
      ],
      "radio": 0,
      "repath": 0.31666666666666654,
      "route": [
        {
          "x": 11.5,
          "y": 2.5
        },
        {
          "x": 11.5,
          "y": 5.5
        },
        {
          "x": 11.5,
          "y": 9.5
        },
        {
          "x": 15.5,
          "y": 9.5
        },
        {
          "x": 11.5,
          "y": 9.5
        }
      ],
      "searchTime": 0,
      "seeing": false,
      "state": "patrol",
      "suspicion": 0,
      "wait": -0.002779870666564887,
      "wp": 0,
      "x": 11.635715851025576,
      "y": 9.162028541588349
    }
  ],
  "historyCount": 2,
  "keys": [],
  "objective": {
    "collected": false,
    "x": 5.5,
    "y": 3.5
  },
  "paused": false,
  "phase": "active",
  "player": {
    "angle": -1.5622664293151225,
    "exposure": 0,
    "health": 100,
    "key": true,
    "noise": 0,
    "objective": false,
    "path": [
      {
        "x": 5.5,
        "y": 8.5
      }
    ],
    "run": false,
    "x": 5.498789338358199,
    "y": 8.641928116051965
  },
  "preset": "dockside",
  "replay": null,
  "result": null,
  "securityOff": false,
  "seed": "DOCK-031",
  "selected": 0,
  "smokes": [],
  "sounds": [
    {
      "age": 2.2166666666666637,
      "id": 3,
      "intensity": 1.15,
      "owner": "player",
      "ttl": 2.4,
      "type": "footstep",
      "x": 3.5,
      "y": 12.380000000000024
    },
    {
      "age": 2.1833333333333305,
      "id": 4,
      "intensity": 3,
      "owner": "player",
      "ttl": 2.4,
      "type": "door",
      "x": 3.5,
      "y": 11.5
    },
    {
      "age": 1.5999999999999992,
      "id": 5,
      "intensity": 1.15,
      "owner": "player",
      "ttl": 2.4,
      "type": "footstep",
      "x": 3.5,
      "y": 10.993333333333368
    },
    {
      "age": 1.000000000000001,
      "id": 6,
      "intensity": 1.15,
      "owner": "player",
      "ttl": 2.4,
      "type": "footstep",
      "x": 4.66516976425915,
      "y": 10.507471281544351
    },
    {
      "age": 0.4,
      "id": 7,
      "intensity": 1.15,
      "owner": "player",
      "ttl": 2.4,
      "type": "footstep",
      "x": 5.482195632842992,
      "y": 9.681479339867636
    }
  ],
  "storageOK": true,
  "terminals": [
    {
      "name": "Access terminal",
      "type": "badge",
      "used": true,
      "x": 3.5,
      "y": 14.5
    },
    {
      "name": "Security terminal",
      "type": "security",
      "used": false,
      "x": 10.5,
      "y": 3.5
    }
  ],
  "time": 4.666666666666655,
  "touchDirections": [],
  "view": {
    "height": 475,
    "scale": 22.526315789473685,
    "width": 918,
    "x": 177.42105263157896,
    "y": 23.5
  }
}

$ agent-browser --session blackline press e
✓ Done

$ agent-browser --session blackline wait --fn BLACKLINE.snapshot().guards.some(g=>g.seeing)
true

$ agent-browser --session blackline eval BLACKLINE.snapshot()
{
  "action": null,
  "alarms": 0,
  "alert": 0,
  "audio": {
    "activeNodes": 0,
    "effects": 0.65,
    "enabled": true,
    "master": 0.5,
    "state": "running"
  },
  "cameras": [
    {
      "angle": 2.7632108874789103,
      "base": 3.141592653589793,
      "disabled": 0,
      "phase": 3.3152712425217032,
      "seeing": false,
      "suspicion": 0,
      "x": 22.9,
      "y": 9.5
    },
    {
      "angle": 1.9950278994192263,
      "base": 2.2,
      "disabled": 0,
      "phase": 1.601427550893277,
      "seeing": false,
      "suspicion": 0,
      "x": 22.5,
      "y": 2.5
    }
  ],
  "charges": [
    5,
    4,
    3
  ],
  "cooldown": 0,
  "detections": 0,
  "diagnostics": {
    "collision": false,
    "memory": false,
    "navigation": false,
    "perception": false,
    "sound": false,
    "timing": false
  },
  "difficulty": "ghost",
  "doors": [
    {
      "anim": 0.6651020233196159,
      "id": 0,
      "locked": false,
      "open": true,
      "x": 5,
      "y": 7
    },
    {
      "anim": 0,
      "id": 1,
      "locked": false,
      "open": false,
      "x": 11,
      "y": 7
    },
    {
      "anim": 0,
      "id": 2,
      "locked": false,
      "open": false,
      "x": 20,
      "y": 7
    },
    {
      "anim": 0.9999999999858038,
      "id": 3,
      "locked": false,
      "open": true,
      "x": 3,
      "y": 11
    },
    {
      "anim": 0,
      "id": 4,
      "locked": false,
      "open": false,
      "x": 11,
      "y": 11
    },
    {
      "anim": 0,
      "id": 5,
      "locked": false,
      "open": false,
      "x": 21,
      "y": 11
    }
  ],
  "events": [
    {
      "t": 0,
      "text": "Operation underway.",
      "type": "start"
    },
    {
      "t": 0,
      "text": "Connecting to terminal. Hold position.",
      "type": "action"
    },
    {
      "t": 1.2,
      "text": "Access badge cloned. All locks authorized.",
      "type": "terminal",
      "x": 3.5,
      "y": 14.5
    },
    {
      "t": 1.2,
      "text": "terminal: noise 2.5",
      "type": "sound",
      "x": 3.5,
      "y": 14.5
    },
    {
      "t": 2.45,
      "text": "G01 · idle / observing",
      "type": "guard",
      "x": 5.5,
      "y": 5.298
    },
    {
      "t": 2.483,
      "text": "door: noise 3.0",
      "type": "sound",
      "x": 3.5,
      "y": 11.5
    },
    {
      "t": 2.483,
      "text": "Door opened.",
      "type": "door",
      "x": 3.5,
      "y": 11.5
    },
    {
      "t": 3.317,
      "text": "G02 · idle / observing",
      "type": "guard",
      "x": 11.705,
      "y": 9.5
    },
    {
      "t": 3.9,
      "text": "G01 · patrol",
      "type": "guard",
      "x": 5.5,
      "y": 5.298
    },
    {
      "t": 4.367,
      "text": "G02 · patrol",
      "type": "guard",
      "x": 11.705,
      "y": 9.5
    },
    {
      "t": 4.667,
      "text": "door: noise 3.0",
      "type": "sound",
      "x": 5.5,
      "y": 7.5
    },
    {
      "t": 4.667,
      "text": "Door opened.",
      "type": "door",
      "x": 5.5,
      "y": 7.5
    },
    {
      "t": 4.683,
      "text": "G01 · suspicious / movement seen",
      "type": "guard",
      "x": 5.5,
      "y": 6.18
    }
  ],
  "exit": {
    "x": 3.5,
    "y": 15.5
  },
  "fingerprint": "998045ba",
  "fps": 59.99950837205297,
  "frameTime": 0.800000011920929,
  "guards": [
    {
      "angle": 1.571288080204072,
      "capture": 0,
      "heardId": 0,
      "id": 1,
      "lastKnown": {
        "x": 5.498789338358199,
        "y": 8.641928116051965
      },
      "lost": 0,
      "path": [],
      "radio": 0,
      "repath": -0.08333333333333333,
      "route": [
        {
          "x": 5.5,
          "y": 2.5
        },
        {
          "x": 5.5,
          "y": 5.5
        },
        {
          "x": 5.5,
          "y": 9.5
        },
        {
          "x": 9.5,
          "y": 9.5
        },
        {
          "x": 5.5,
          "y": 9.5
        }
      ],
      "searchTime": 0,
      "seeing": true,
      "state": "suspicious",
      "suspicion": 0.0589,
      "wait": -0.0006313472986220828,
      "wp": 2,
      "x": 5.5,
      "y": 6.180000000000029
    },
    {
      "angle": 4.474800974287339,
      "capture": 0,
      "heardId": 0,
      "id": 2,
      "lastKnown": null,
      "lost": 0,
      "path": [
        {
          "x": 11.5,
          "y": 8.5
        },
        {
          "x": 11.5,
          "y": 7.5
        },
        {
          "x": 11.5,
          "y": 6.5
        },
        {
          "x": 11.5,
          "y": 5.5
        },
        {
          "x": 11.5,
          "y": 4.5
        },
        {
          "x": 11.5,
          "y": 3.5
        },
        {
          "x": 11.5,
          "y": 2.5
        }
      ],
      "radio": 0,
      "repath": 0.21666666666666656,
      "route": [
        {
          "x": 11.5,
          "y": 2.5
        },
        {
          "x": 11.5,
          "y": 5.5
        },
        {
          "x": 11.5,
          "y": 9.5
        },
        {
          "x": 15.5,
          "y": 9.5
        },
        {
          "x": 11.5,
          "y": 9.5
        }
      ],
      "searchTime": 0,
      "seeing": false,
      "state": "patrol",
      "suspicion": 0,
      "wait": -0.002779870666564887,
      "wp": 0,
      "x": 11.612621134700786,
      "y": 9.049371388784463
    }
  ],
  "historyCount": 2,
  "keys": [],
  "objective": {
    "collected": false,
    "x": 5.5,
    "y": 3.5
  },
  "paused": false,
  "phase": "active",
  "player": {
    "angle": -1.5622664293151225,
    "exposure": 0.0589,
    "health": 100,
    "key": true,
    "noise": 2.5999999999999988,
    "objective": false,
    "path": [],
    "run": false,
    "x": 5.498789338358199,
    "y": 8.641928116051965
  },
  "preset": "dockside",
  "replay": null,
  "result": null,
  "securityOff": false,
  "seed": "DOCK-031",
  "selected": 0,
  "smokes": [],
  "sounds": [
    {
      "age": 2.3166666666666633,
      "id": 3,
      "intensity": 1.15,
      "owner": "player",
      "ttl": 2.4,
      "type": "footstep",
      "x": 3.5,
      "y": 12.380000000000024
    },
    {
      "age": 2.28333333333333,
      "id": 4,
      "intensity": 3,
      "owner": "player",
      "ttl": 2.4,
      "type": "door",
      "x": 3.5,
      "y": 11.5
    },
    {
      "age": 1.6999999999999988,
      "id": 5,
      "intensity": 1.15,
      "owner": "player",
      "ttl": 2.4,
      "type": "footstep",
      "x": 3.5,
      "y": 10.993333333333368
    },
    {
      "age": 1.100000000000001,
      "id": 6,
      "intensity": 1.15,
      "owner": "player",
      "ttl": 2.4,
      "type": "footstep",
      "x": 4.66516976425915,
      "y": 10.507471281544351
    },
    {
      "age": 0.49999999999999994,
      "id": 7,
      "intensity": 1.15,
      "owner": "player",
      "ttl": 2.4,
      "type": "footstep",
      "x": 5.482195632842992,
      "y": 9.681479339867636
    },
    {
      "age": 0.1,
      "id": 8,
      "intensity": 3,
      "owner": "player",
      "ttl": 2.4,
      "type": "door",
      "x": 5.5,
      "y": 7.5
    }
  ],
  "storageOK": true,
  "terminals": [
    {
      "name": "Access terminal",
      "type": "badge",
      "used": true,
      "x": 3.5,
      "y": 14.5
    },
    {
      "name": "Security terminal",
      "type": "security",
      "used": false,
      "x": 10.5,
      "y": 3.5
    }
  ],
  "time": 4.766666666666655,
  "touchDirections": [],
  "view": {
    "height": 475,
    "scale": 22.526315789473685,
    "width": 918,
    "x": 177.42105263157896,
    "y": 23.5
  }
}

$ agent-browser --session blackline wait --fn BLACKLINE.snapshot().guards.some(g=>g.state==="pursuit")
true

$ agent-browser --session blackline eval BLACKLINE.snapshot()
{
  "action": null,
  "alarms": 1,
  "alert": 100,
  "audio": {
    "activeNodes": 1,
    "effects": 0.65,
    "enabled": true,
    "master": 0.5,
    "state": "running"
  },
  "cameras": [
    {
      "angle": 3.017604809770821,
      "base": 3.141592653589793,
      "disabled": 0,
      "phase": 3.3152712425217032,
      "seeing": false,
      "suspicion": 0,
      "x": 22.9,
      "y": 9.5
    },
    {
      "angle": 1.779225000895739,
      "base": 2.2,
      "disabled": 0,
      "phase": 1.601427550893277,
      "seeing": false,
      "suspicion": 0,
      "x": 22.5,
      "y": 2.5
    }
  ],
  "charges": [
    5,
    4,
    3
  ],
  "cooldown": 0,
  "detections": 1,
  "diagnostics": {
    "collision": false,
    "memory": false,
    "navigation": false,
    "perception": false,
    "sound": false,
    "timing": false
  },
  "difficulty": "ghost",
  "doors": [
    {
      "anim": 0.9999999951474596,
      "id": 0,
      "locked": false,
      "open": true,
      "x": 5,
      "y": 7
    },
    {
      "anim": 0.999999844971038,
      "id": 1,
      "locked": false,
      "open": true,
      "x": 11,
      "y": 7
    },
    {
      "anim": 0,
      "id": 2,
      "locked": false,
      "open": false,
      "x": 20,
      "y": 7
    },
    {
      "anim": 0.9999999999999998,
      "id": 3,
      "locked": false,
      "open": true,
      "x": 3,
      "y": 11
    },
    {
      "anim": 0,
      "id": 4,
      "locked": false,
      "open": false,
      "x": 11,
      "y": 11
    },
    {
      "anim": 0,
      "id": 5,
      "locked": false,
      "open": false,
      "x": 21,
      "y": 11
    }
  ],
  "events": [
    {
      "t": 0,
      "text": "Operation underway.",
      "type": "start"
    },
    {
      "t": 0,
      "text": "Connecting to terminal. Hold position.",
      "type": "action"
    },
    {
      "t": 1.2,
      "text": "Access badge cloned. All locks authorized.",
      "type": "terminal",
      "x": 3.5,
      "y": 14.5
    },
    {
      "t": 1.2,
      "text": "terminal: noise 2.5",
      "type": "sound",
      "x": 3.5,
      "y": 14.5
    },
    {
      "t": 2.45,
      "text": "G01 · idle / observing",
      "type": "guard",
      "x": 5.5,
      "y": 5.298
    },
    {
      "t": 2.483,
      "text": "door: noise 3.0",
      "type": "sound",
      "x": 3.5,
      "y": 11.5
    },
    {
      "t": 2.483,
      "text": "Door opened.",
      "type": "door",
      "x": 3.5,
      "y": 11.5
    },
    {
      "t": 3.317,
      "text": "G02 · idle / observing",
      "type": "guard",
      "x": 11.705,
      "y": 9.5
    },
    {
      "t": 3.9,
      "text": "G01 · patrol",
      "type": "guard",
      "x": 5.5,
      "y": 5.298
    },
    {
      "t": 4.367,
      "text": "G02 · patrol",
      "type": "guard",
      "x": 11.705,
      "y": 9.5
    },
    {
      "t": 4.667,
      "text": "door: noise 3.0",
      "type": "sound",
      "x": 5.5,
      "y": 7.5
    },
    {
      "t": 4.667,
      "text": "Door opened.",
      "type": "door",
      "x": 5.5,
      "y": 7.5
    },
    {
      "t": 4.683,
      "text": "G01 · suspicious / movement seen",
      "type": "guard",
      "x": 5.5,
      "y": 6.18
    },
    {
      "t": 4.983,
      "text": "guard door: noise 2.0",
      "type": "sound",
      "x": 11.5,
      "y": 7.5
    },
    {
      "t": 6.367,
      "text": "G01 · pursuit / visual contact",
      "type": "guard",
      "x": 5.5,
      "y": 6.18
    },
    {
      "t": 6.367,
      "text": "Alarm broadcast · guard 1",
      "type": "alarm",
      "x": 5.499,
      "y": 8.642
    }
  ],
  "exit": {
    "x": 3.5,
    "y": 15.5
  },
  "fingerprint": "998045ba",
  "fps": 60.00428035558961,
  "frameTime": 0.699999988079071,
  "guards": [
    {
      "angle": 1.571053025147945,
      "capture": 0,
      "heardId": 0,
      "id": 1,
      "lastKnown": {
        "x": 5.498789338358199,
        "y": 8.641928116051965
      },
      "lost": 0,
      "path": [
        {
          "x": 5.5,
          "y": 7.5
        },
        {
          "x": 5.5,
          "y": 8.5
        },
        {
          "x": 5.498789338358199,
          "y": 8.641928116051965
        }
      ],
      "radio": 0,
      "repath": 0.5249999999999999,
      "route": [
        {
          "x": 5.5,
          "y": 2.5
        },
        {
          "x": 5.5,
          "y": 5.5
        },
        {
          "x": 5.5,
          "y": 9.5
        },
        {
          "x": 9.5,
          "y": 9.5
        },
        {
          "x": 5.5,
          "y": 9.5
        }
      ],
      "searchTime": 0,
      "seeing": true,
      "state": "pursuit",
      "suspicion": 1,
      "wait": -0.0006313472986220828,
      "wp": 2,
      "x": 5.5,
      "y": 6.330000000000028
    },
    {
      "angle": 4.706183340579966,
      "capture": 0,
      "heardId": 0,
      "id": 2,
      "lastKnown": null,
      "lost": 0,
      "path": [
        {
          "x": 11.5,
          "y": 6.5
        },
        {
          "x": 11.5,
          "y": 5.5
        },
        {
          "x": 11.5,
          "y": 4.5
        },
        {
          "x": 11.5,
          "y": 3.5
        },
        {
          "x": 11.5,
          "y": 2.5
        }
      ],
      "radio": 0,
      "repath": 0.3666666666666666,
      "route": [
        {
          "x": 11.5,
          "y": 2.5
        },
        {
          "x": 11.5,
          "y": 5.5
        },
        {
          "x": 11.5,
          "y": 9.5
        },
        {
          "x": 15.5,
          "y": 9.5
        },
        {
          "x": 11.5,
          "y": 9.5
        }
      ],
      "searchTime": 0,
      "seeing": false,
      "state": "patrol",
      "suspicion": 0,
      "wait": -0.002779870666564887,
      "wp": 0,
      "x": 11.503486836483209,
      "y": 7.158080504819408
    }
  ],
  "historyCount": 2,
  "keys": [],
  "objective": {
    "collected": false,
    "x": 5.5,
    "y": 3.5
  },
  "paused": false,
  "phase": "active",
  "player": {
    "angle": -1.5622664293151225,
    "exposure": 1,
    "health": 100,
    "key": true,
    "noise": 0,
    "objective": false,
    "path": [],
    "run": false,
    "x": 5.498789338358199,
    "y": 8.641928116051965
  },
  "preset": "dockside",
  "replay": null,
  "result": null,
  "securityOff": false,
  "seed": "DOCK-031",
  "selected": 0,
  "smokes": [],
  "sounds": [
    {
      "age": 2.1499999999999972,
      "id": 7,
      "intensity": 1.15,
      "owner": "player",
      "ttl": 2.4,
      "type": "footstep",
      "x": 5.482195632842992,
      "y": 9.681479339867636
    },
    {
      "age": 1.749999999999999,
      "id": 8,
      "intensity": 3,
      "owner": "player",
      "ttl": 2.4,
      "type": "door",
      "x": 5.5,
      "y": 7.5
    },
    {
      "age": 1.4333333333333331,
      "id": 9,
      "intensity": 2,
      "owner": "guard",
      "ttl": 2.4,
      "type": "guard door",
      "x": 11.5,
      "y": 7.5
    }
  ],
  "storageOK": true,
  "terminals": [
    {
      "name": "Access terminal",
      "type": "badge",
      "used": true,
      "x": 3.5,
      "y": 14.5
    },
    {
      "name": "Security terminal",
      "type": "security",
      "used": false,
      "x": 10.5,
      "y": 3.5
    }
  ],
  "time": 6.416666666666649,
  "touchDirections": [],
  "view": {
    "height": 475,
    "scale": 22.526315789473685,
    "width": 918,
    "x": 177.42105263157896,
    "y": 23.5
  }
}

$ agent-browser --session blackline screenshot /home/pyro/projects/naked/astra/bench/10-stealth-heist/evidence/screenshots/12-guard-pursuit.png
✓ Screenshot saved to /home/pyro/projects/naked/astra/bench/10-stealth-heist/evidence/screenshots/12-guard-pursuit.png

$ agent-browser --session blackline keydown Shift
✓ Done

$ agent-browser --session blackline eval '(()=>{const s=BLACKLINE.snapshot(),r=document.getElementById("game").getBoundingClientRect();return {x:r.x,y:r.y,v:s.view}})()'
{
  "v": {
    "height": 475,
    "scale": 22.526315789473685,
    "width": 918,
    "x": 177.42105263157896,
    "y": 23.5
  },
  "x": 35,
  "y": 222
}

$ agent-browser --session blackline mouse move 291 527
✓ Done

$ agent-browser --session blackline mouse down left
✓ Done

$ agent-browser --session blackline mouse up left
✓ Done

$ agent-browser --session blackline wait --fn Math.hypot(BLACKLINE.snapshot().player.x-3.5,BLACKLINE.snapshot().player.y-12.5)<0.2
true

$ agent-browser --session blackline keyup Shift
✓ Done

$ agent-browser --session blackline press e
✓ Done

$ agent-browser --session blackline eval '(()=>{const s=BLACKLINE.snapshot(),r=document.getElementById("game").getBoundingClientRect();return {x:r.x,y:r.y,v:s.view}})()'
{
  "v": {
    "height": 475,
    "scale": 22.526315789473685,
    "width": 918,
    "x": 177.42105263157896,
    "y": 23.5
  },
  "x": 35,
  "y": 222
}

$ agent-browser --session blackline mouse move 359 617
✓ Done

$ agent-browser --session blackline mouse down left
✓ Done

$ agent-browser --session blackline mouse up left
✓ Done

$ agent-browser --session blackline wait --fn BLACKLINE.snapshot().guards.some(g=>g.state==="search")
true

$ agent-browser --session blackline press Escape
✓ Done

$ agent-browser --session blackline eval BLACKLINE.snapshot()
{
  "action": null,
  "alarms": 1,
  "alert": 99.78333333333332,
  "audio": {
    "activeNodes": 0,
    "effects": 0.65,
    "enabled": true,
    "master": 0.5,
    "state": "running"
  },
  "cameras": [
    {
      "angle": 3.447696020648344,
      "base": 3.141592653589793,
      "disabled": 0,
      "phase": 3.3152712425217032,
      "seeing": false,
      "suspicion": 0,
      "x": 22.9,
      "y": 9.5
    },
    {
      "angle": 1.8165022381382996,
      "base": 2.2,
      "disabled": 0,
      "phase": 1.601427550893277,
      "seeing": false,
      "suspicion": 0,
      "x": 22.5,
      "y": 2.5
    }
  ],
  "charges": [
    5,
    4,
    3
  ],
  "cooldown": 0,
  "detections": 1,
  "diagnostics": {
    "collision": false,
    "memory": false,
    "navigation": false,
    "perception": false,
    "sound": false,
    "timing": false
  },
  "difficulty": "ghost",
  "doors": [
    {
      "anim": 0.9999999999999998,
      "id": 0,
      "locked": false,
      "open": true,
      "x": 5,
      "y": 7
    },
    {
      "anim": 0.9999999999999998,
      "id": 1,
      "locked": false,
      "open": true,
      "x": 11,
      "y": 7
    },
    {
      "anim": 0,
      "id": 2,
      "locked": false,
      "open": false,
      "x": 20,
      "y": 7
    },
    {
      "anim": 0.0000915706825976436,
      "id": 3,
      "locked": false,
      "open": false,
      "x": 3,
      "y": 11
    },
    {
      "anim": 0,
      "id": 4,
      "locked": false,
      "open": false,
      "x": 11,
      "y": 11
    },
    {
      "anim": 0,
      "id": 5,
      "locked": false,
      "open": false,
      "x": 21,
      "y": 11
    }
  ],
  "events": [
    {
      "t": 0,
      "text": "Operation underway.",
      "type": "start"
    },
    {
      "t": 0,
      "text": "Connecting to terminal. Hold position.",
      "type": "action"
    },
    {
      "t": 1.2,
      "text": "Access badge cloned. All locks authorized.",
      "type": "terminal",
      "x": 3.5,
      "y": 14.5
    },
    {
      "t": 1.2,
      "text": "terminal: noise 2.5",
      "type": "sound",
      "x": 3.5,
      "y": 14.5
    },
    {
      "t": 2.45,
      "text": "G01 · idle / observing",
      "type": "guard",
      "x": 5.5,
      "y": 5.298
    },
    {
      "t": 2.483,
      "text": "door: noise 3.0",
      "type": "sound",
      "x": 3.5,
      "y": 11.5
    },
    {
      "t": 2.483,
      "text": "Door opened.",
      "type": "door",
      "x": 3.5,
      "y": 11.5
    },
    {
      "t": 3.317,
      "text": "G02 · idle / observing",
      "type": "guard",
      "x": 11.705,
      "y": 9.5
    },
    {
      "t": 3.9,
      "text": "G01 · patrol",
      "type": "guard",
      "x": 5.5,
      "y": 5.298
    },
    {
      "t": 4.367,
      "text": "G02 · patrol",
      "type": "guard",
      "x": 11.705,
      "y": 9.5
    },
    {
      "t": 4.667,
      "text": "door: noise 3.0",
      "type": "sound",
      "x": 5.5,
      "y": 7.5
    },
    {
      "t": 4.667,
      "text": "Door opened.",
      "type": "door",
      "x": 5.5,
      "y": 7.5
    },
    {
      "t": 4.683,
      "text": "G01 · suspicious / movement seen",
      "type": "guard",
      "x": 5.5,
      "y": 6.18
    },
    {
      "t": 4.983,
      "text": "guard door: noise 2.0",
      "type": "sound",
      "x": 11.5,
      "y": 7.5
    },
    {
      "t": 6.367,
      "text": "G01 · pursuit / visual contact",
      "type": "guard",
      "x": 5.5,
      "y": 6.18
    },
    {
      "t": 6.367,
      "text": "Alarm broadcast · guard 1",
      "type": "alarm",
      "x": 5.499,
      "y": 8.642
    },
    {
      "t": 7.267,
      "text": "G02 · investigate / radio report",
      "type": "guard",
      "x": 11.501,
      "y": 6.2
    },
    {
      "t": 7.95,
      "text": "door: noise 3.0",
      "type": "sound",
      "x": 3.5,
      "y": 11.5
    },
    {
      "t": 7.95,
      "text": "Door closed.",
      "type": "door",
      "x": 3.5,
      "y": 11.5
    },
    {
      "t": 8.733,
      "text": "G01 · search / contact lost",
      "type": "guard",
      "x": 4.589,
      "y": 10.466
    },
    {
      "t": 8.733,
      "text": "G01 · investigate / footstep heard",
      "type": "guard",
      "x": 4.589,
      "y": 10.466
    },
    {
      "t": 8.733,
      "text": "G01 investigating footstep",
      "type": "heard",
      "x": 4.377,
      "y": 10.495
    },
    {
      "t": 8.733,
      "text": "G01 · search / at source",
      "type": "guard",
      "x": 4.589,
      "y": 10.466
    }
  ],
  "exit": {
    "x": 3.5,
    "y": 15.5
  },
  "fingerprint": "998045ba",
  "fps": 59.99467717257211,
  "frameTime": 0.7999999821186066,
  "guards": [
    {
      "angle": 2.95422911091224,
      "capture": 0,
      "heardId": 12,
      "id": 1,
      "lastKnown": {
        "x": 4.376513360155047,
        "y": 10.495309408138343
      },
      "lost": 1.4166666666666663,
      "path": [
        {
          "x": 3.5,
          "y": 10.5
        },
        {
          "x": 3.5,
          "y": 11.5
        },
        {
          "x": 3.5,
          "y": 12.5
        }
      ],
      "radio": 0,
      "repath": 0.5083333333333332,
      "route": [
        {
          "x": 5.5,
          "y": 2.5
        },
        {
          "x": 5.5,
          "y": 5.5
        },
        {
          "x": 5.5,
          "y": 9.5
        },
        {
          "x": 9.5,
          "y": 9.5
        },
        {
          "x": 5.5,
          "y": 9.5
        }
      ],
      "searchTarget": {
        "x": 3.5,
        "y": 12.5
      },
      "searchTime": 6.916666666666667,
      "seeing": false,
      "state": "search",
      "suspicion": 0.6143333333333363,
      "wait": -0.0006313472986220828,
      "wp": 2,
      "x": 4.51271517376647,
      "y": 10.468229815438985
    },
    {
      "angle": 1.5708556281798625,
      "capture": 0,
      "heardId": 0,
      "id": 2,
      "lastKnown": {
        "x": 5.498789338358199,
        "y": 8.641928116051965
      },
      "lost": 0,
      "path": [
        {
          "x": 11.5,
          "y": 8.5
        },
        {
          "x": 10.5,
          "y": 8.5
        },
        {
          "x": 9.5,
          "y": 8.5
        },
        {
          "x": 8.5,
          "y": 8.5
        },
        {
          "x": 7.5,
          "y": 8.5
        },
        {
          "x": 6.5,
          "y": 8.5
        },
        {
          "x": 5.5,
          "y": 8.5
        }
      ],
      "radio": 0,
      "repath": 0.26666666666666655,
      "route": [
        {
          "x": 11.5,
          "y": 2.5
        },
        {
          "x": 11.5,
          "y": 5.5
        },
        {
          "x": 11.5,
          "y": 9.5
        },
        {
          "x": 15.5,
          "y": 9.5
        },
        {
          "x": 11.5,
          "y": 9.5
        }
      ],
      "searchTime": 9,
      "seeing": false,
      "state": "investigate",
      "suspicion": 0,
      "wait": -0.002779870666564887,
      "wp": 0,
      "x": 11.500014401492452,
      "y": 8.24962794263605
    }
  ],
  "historyCount": 2,
  "keys": [],
  "objective": {
    "collected": false,
    "x": 5.5,
    "y": 3.5
  },
  "paused": true,
  "phase": "active",
  "player": {
    "angle": 0.0003699669954942095,
    "exposure": 0,
    "health": 100,
    "key": true,
    "noise": 1.7666666666666693,
    "objective": false,
    "path": [],
    "run": false,
    "x": 5.665697748196874,
    "y": 12.499691335688484
  },
  "preset": "dockside",
  "replay": null,
  "result": null,
  "securityOff": false,
  "seed": "DOCK-031",
  "selected": 0,
  "smokes": [],
  "sounds": [
    {
      "age": 2.1833333333333305,
      "id": 10,
      "intensity": 6.5,
      "owner": "player",
      "ttl": 2.4,
      "type": "footstep",
      "x": 5.499429072911359,
      "y": 8.566930844503585
    },
    {
      "age": 1.8499999999999983,
      "id": 11,
      "intensity": 6.5,
      "owner": "player",
      "ttl": 2.4,
      "type": "footstep",
      "x": 5.499974156003282,
      "y": 10.06693068886248
    },
    {
      "age": 1.5166666666666662,
      "id": 12,
      "intensity": 6.5,
      "owner": "player",
      "ttl": 2.4,
      "type": "footstep",
      "x": 4.376513360155047,
      "y": 10.495309408138343
    },
    {
      "age": 1.183333333333334,
      "id": 13,
      "intensity": 6.5,
      "owner": "player",
      "ttl": 2.4,
      "type": "footstep",
      "x": 3.516801305705356,
      "y": 11.173830529542665
    },
    {
      "age": 0.850000000000001,
      "id": 14,
      "intensity": 3,
      "owner": "player",
      "ttl": 2.4,
      "type": "door",
      "x": 3.5,
      "y": 11.5
    },
    {
      "age": 0.5166666666666666,
      "id": 15,
      "intensity": 1.15,
      "owner": "player",
      "ttl": 2.4,
      "type": "footstep",
      "x": 4.32248828366476,
      "y": 12.490859605304916
    }
  ],
  "storageOK": true,
  "terminals": [
    {
      "name": "Access terminal",
      "type": "badge",
      "used": true,
      "x": 3.5,
      "y": 14.5
    },
    {
      "name": "Security terminal",
      "type": "security",
      "used": false,
      "x": 10.5,
      "y": 3.5
    }
  ],
  "time": 8.800000000000017,
  "touchDirections": [],
  "view": {
    "height": 475,
    "scale": 22.526315789473685,
    "width": 918,
    "x": 177.42105263157896,
    "y": 23.5
  }
}

$ agent-browser --session blackline screenshot /home/pyro/projects/naked/astra/bench/10-stealth-heist/evidence/screenshots/13-search-after-los-break.png
✓ Screenshot saved to /home/pyro/projects/naked/astra/bench/10-stealth-heist/evidence/screenshots/13-search-after-los-break.png

$ agent-browser --session blackline find role button click --name Diagnostics
✓ Done

$ agent-browser --session blackline check [data-diagnostic="navigation"]
✓ Done

$ agent-browser --session blackline check [data-diagnostic="perception"]
✓ Done

$ agent-browser --session blackline check [data-diagnostic="memory"]
✓ Done

$ agent-browser --session blackline check [data-diagnostic="sound"]
✓ Done

$ agent-browser --session blackline check [data-diagnostic="collision"]
✓ Done

$ agent-browser --session blackline check [data-diagnostic="timing"]
✓ Done

$ agent-browser --session blackline find role button click --name 'Resume with overlays'
✓ Done

$ agent-browser --session blackline screenshot /home/pyro/projects/naked/astra/bench/10-stealth-heist/evidence/screenshots/14-diagnostics-search.png
✓ Screenshot saved to /home/pyro/projects/naked/astra/bench/10-stealth-heist/evidence/screenshots/14-diagnostics-search.png

$ agent-browser --session blackline eval BLACKLINE.snapshot()
{
  "action": null,
  "alarms": 1,
  "alert": 99.78333333333332,
  "audio": {
    "activeNodes": 0,
    "effects": 0.65,
    "enabled": true,
    "master": 0.5,
    "state": "running"
  },
  "cameras": [
    {
      "angle": 3.447696020648344,
      "base": 3.141592653589793,
      "disabled": 0,
      "phase": 3.3152712425217032,
      "seeing": false,
      "suspicion": 0,
      "x": 22.9,
      "y": 9.5
    },
    {
      "angle": 1.8165022381382996,
      "base": 2.2,
      "disabled": 0,
      "phase": 1.601427550893277,
      "seeing": false,
      "suspicion": 0,
      "x": 22.5,
      "y": 2.5
    }
  ],
  "charges": [
    5,
    4,
    3
  ],
  "cooldown": 0,
  "detections": 1,
  "diagnostics": {
    "collision": true,
    "memory": true,
    "navigation": true,
    "perception": true,
    "sound": true,
    "timing": true
  },
  "difficulty": "ghost",
  "doors": [
    {
      "anim": 0.9999999999999998,
      "id": 0,
      "locked": false,
      "open": true,
      "x": 5,
      "y": 7
    },
    {
      "anim": 0.9999999999999998,
      "id": 1,
      "locked": false,
      "open": true,
      "x": 11,
      "y": 7
    },
    {
      "anim": 0,
      "id": 2,
      "locked": false,
      "open": false,
      "x": 20,
      "y": 7
    },
    {
      "anim": 0.0000915706825976436,
      "id": 3,
      "locked": false,
      "open": false,
      "x": 3,
      "y": 11
    },
    {
      "anim": 0,
      "id": 4,
      "locked": false,
      "open": false,
      "x": 11,
      "y": 11
    },
    {
      "anim": 0,
      "id": 5,
      "locked": false,
      "open": false,
      "x": 21,
      "y": 11
    }
  ],
  "events": [
    {
      "t": 0,
      "text": "Operation underway.",
      "type": "start"
    },
    {
      "t": 0,
      "text": "Connecting to terminal. Hold position.",
      "type": "action"
    },
    {
      "t": 1.2,
      "text": "Access badge cloned. All locks authorized.",
      "type": "terminal",
      "x": 3.5,
      "y": 14.5
    },
    {
      "t": 1.2,
      "text": "terminal: noise 2.5",
      "type": "sound",
      "x": 3.5,
      "y": 14.5
    },
    {
      "t": 2.45,
      "text": "G01 · idle / observing",
      "type": "guard",
      "x": 5.5,
      "y": 5.298
    },
    {
      "t": 2.483,
      "text": "door: noise 3.0",
      "type": "sound",
      "x": 3.5,
      "y": 11.5
    },
    {
      "t": 2.483,
      "text": "Door opened.",
      "type": "door",
      "x": 3.5,
      "y": 11.5
    },
    {
      "t": 3.317,
      "text": "G02 · idle / observing",
      "type": "guard",
      "x": 11.705,
      "y": 9.5
    },
    {
      "t": 3.9,
      "text": "G01 · patrol",
      "type": "guard",
      "x": 5.5,
      "y": 5.298
    },
    {
      "t": 4.367,
      "text": "G02 · patrol",
      "type": "guard",
      "x": 11.705,
      "y": 9.5
    },
    {
      "t": 4.667,
      "text": "door: noise 3.0",
      "type": "sound",
      "x": 5.5,
      "y": 7.5
    },
    {
      "t": 4.667,
      "text": "Door opened.",
      "type": "door",
      "x": 5.5,
      "y": 7.5
    },
    {
      "t": 4.683,
      "text": "G01 · suspicious / movement seen",
      "type": "guard",
      "x": 5.5,
      "y": 6.18
    },
    {
      "t": 4.983,
      "text": "guard door: noise 2.0",
      "type": "sound",
      "x": 11.5,
      "y": 7.5
    },
    {
      "t": 6.367,
      "text": "G01 · pursuit / visual contact",
      "type": "guard",
      "x": 5.5,
      "y": 6.18
    },
    {
      "t": 6.367,
      "text": "Alarm broadcast · guard 1",
      "type": "alarm",
      "x": 5.499,
      "y": 8.642
    },
    {
      "t": 7.267,
      "text": "G02 · investigate / radio report",
      "type": "guard",
      "x": 11.501,
      "y": 6.2
    },
    {
      "t": 7.95,
      "text": "door: noise 3.0",
      "type": "sound",
      "x": 3.5,
      "y": 11.5
    },
    {
      "t": 7.95,
      "text": "Door closed.",
      "type": "door",
      "x": 3.5,
      "y": 11.5
    },
    {
      "t": 8.733,
      "text": "G01 · search / contact lost",
      "type": "guard",
      "x": 4.589,
      "y": 10.466
    },
    {
      "t": 8.733,
      "text": "G01 · investigate / footstep heard",
      "type": "guard",
      "x": 4.589,
      "y": 10.466
    },
    {
      "t": 8.733,
      "text": "G01 investigating footstep",
      "type": "heard",
      "x": 4.377,
      "y": 10.495
    },
    {
      "t": 8.733,
      "text": "G01 · search / at source",
      "type": "guard",
      "x": 4.589,
      "y": 10.466
    }
  ],
  "exit": {
    "x": 3.5,
    "y": 15.5
  },
  "fingerprint": "998045ba",
  "fps": 52.29868186148136,
  "frameTime": 0.699999988079071,
  "guards": [
    {
      "angle": 2.95422911091224,
      "capture": 0,
      "heardId": 12,
      "id": 1,
      "lastKnown": {
        "x": 4.376513360155047,
        "y": 10.495309408138343
      },
      "lost": 1.4166666666666663,
      "path": [
        {
          "x": 3.5,
          "y": 10.5
        },
        {
          "x": 3.5,
          "y": 11.5
        },
        {
          "x": 3.5,
          "y": 12.5
        }
      ],
      "radio": 0,
      "repath": 0.5083333333333332,
      "route": [
        {
          "x": 5.5,
          "y": 2.5
        },
        {
          "x": 5.5,
          "y": 5.5
        },
        {
          "x": 5.5,
          "y": 9.5
        },
        {
          "x": 9.5,
          "y": 9.5
        },
        {
          "x": 5.5,
          "y": 9.5
        }
      ],
      "searchTarget": {
        "x": 3.5,
        "y": 12.5
      },
      "searchTime": 6.916666666666667,
      "seeing": false,
      "state": "search",
      "suspicion": 0.6143333333333363,
      "wait": -0.0006313472986220828,
      "wp": 2,
      "x": 4.51271517376647,
      "y": 10.468229815438985
    },
    {
      "angle": 1.5708556281798625,
      "capture": 0,
      "heardId": 0,
      "id": 2,
      "lastKnown": {
        "x": 5.498789338358199,
        "y": 8.641928116051965
      },
      "lost": 0,
      "path": [
        {
          "x": 11.5,
          "y": 8.5
        },
        {
          "x": 10.5,
          "y": 8.5
        },
        {
          "x": 9.5,
          "y": 8.5
        },
        {
          "x": 8.5,
          "y": 8.5
        },
        {
          "x": 7.5,
          "y": 8.5
        },
        {
          "x": 6.5,
          "y": 8.5
        },
        {
          "x": 5.5,
          "y": 8.5
        }
      ],
      "radio": 0,
      "repath": 0.26666666666666655,
      "route": [
        {
          "x": 11.5,
          "y": 2.5
        },
        {
          "x": 11.5,
          "y": 5.5
        },
        {
          "x": 11.5,
          "y": 9.5
        },
        {
          "x": 15.5,
          "y": 9.5
        },
        {
          "x": 11.5,
          "y": 9.5
        }
      ],
      "searchTime": 9,
      "seeing": false,
      "state": "investigate",
      "suspicion": 0,
      "wait": -0.002779870666564887,
      "wp": 0,
      "x": 11.500014401492452,
      "y": 8.24962794263605
    }
  ],
  "historyCount": 2,
  "keys": [],
  "objective": {
    "collected": false,
    "x": 5.5,
    "y": 3.5
  },
  "paused": true,
  "phase": "active",
  "player": {
    "angle": 0.0003699669954942095,
    "exposure": 0,
    "health": 100,
    "key": true,
    "noise": 1.7666666666666693,
    "objective": false,
    "path": [],
    "run": false,
    "x": 5.665697748196874,
    "y": 12.499691335688484
  },
  "preset": "dockside",
  "replay": null,
  "result": null,
  "securityOff": false,
  "seed": "DOCK-031",
  "selected": 0,
  "smokes": [],
  "sounds": [
    {
      "age": 2.1833333333333305,
      "id": 10,
      "intensity": 6.5,
      "owner": "player",
      "ttl": 2.4,
      "type": "footstep",
      "x": 5.499429072911359,
      "y": 8.566930844503585
    },
    {
      "age": 1.8499999999999983,
      "id": 11,
      "intensity": 6.5,
      "owner": "player",
      "ttl": 2.4,
      "type": "footstep",
      "x": 5.499974156003282,
      "y": 10.06693068886248
    },
    {
      "age": 1.5166666666666662,
      "id": 12,
      "intensity": 6.5,
      "owner": "player",
      "ttl": 2.4,
      "type": "footstep",
      "x": 4.376513360155047,
      "y": 10.495309408138343
    },
    {
      "age": 1.183333333333334,
      "id": 13,
      "intensity": 6.5,
      "owner": "player",
      "ttl": 2.4,
      "type": "footstep",
      "x": 3.516801305705356,
      "y": 11.173830529542665
    },
    {
      "age": 0.850000000000001,
      "id": 14,
      "intensity": 3,
      "owner": "player",
      "ttl": 2.4,
      "type": "door",
      "x": 3.5,
      "y": 11.5
    },
    {
      "age": 0.5166666666666666,
      "id": 15,
      "intensity": 1.15,
      "owner": "player",
      "ttl": 2.4,
      "type": "footstep",
      "x": 4.32248828366476,
      "y": 12.490859605304916
    }
  ],
  "storageOK": true,
  "terminals": [
    {
      "name": "Access terminal",
      "type": "badge",
      "used": true,
      "x": 3.5,
      "y": 14.5
    },
    {
      "name": "Security terminal",
      "type": "security",
      "used": false,
      "x": 10.5,
      "y": 3.5
    }
  ],
  "time": 8.800000000000017,
  "touchDirections": [],
  "view": {
    "height": 475,
    "scale": 22.526315789473685,
    "width": 918,
    "x": 177.42105263157896,
    "y": 23.5
  }
}

$ agent-browser --session blackline find role button click --name 'Resume operation'
✓ Done

$ agent-browser --session blackline eval '(()=>{const s=BLACKLINE.snapshot(),r=document.getElementById("game").getBoundingClientRect();return {x:r.x,y:r.y,v:s.view}})()'
{
  "v": {
    "height": 475,
    "scale": 22.526315789473685,
    "width": 918,
    "x": 177.42105263157896,
    "y": 23.5
  },
  "x": 35,
  "y": 222
}

$ agent-browser --session blackline mouse move 359 617
✓ Done

$ agent-browser --session blackline mouse down left
✓ Done

$ agent-browser --session blackline mouse up left
✓ Done

$ agent-browser --session blackline wait --fn Math.hypot(BLACKLINE.snapshot().player.x-6.5,BLACKLINE.snapshot().player.y-16.5)<0.2
true

$ agent-browser --session blackline screenshot /home/pyro/projects/naked/astra/bench/10-stealth-heist/evidence/screenshots/15-live-diagnostics.png
✓ Screenshot saved to /home/pyro/projects/naked/astra/bench/10-stealth-heist/evidence/screenshots/15-live-diagnostics.png

$ agent-browser --session blackline wait --fn BLACKLINE.snapshot().guards.some(g=>g.state==="return")
true

$ agent-browser --session blackline press Escape
✓ Done

$ agent-browser --session blackline eval BLACKLINE.snapshot()
{
  "action": null,
  "alarms": 1,
  "alert": 79.02666666666511,
  "audio": {
    "activeNodes": 0,
    "effects": 0.65,
    "enabled": true,
    "master": 0.5,
    "state": "running"
  },
  "cameras": [
    {
      "angle": 2.77025344901142,
      "base": 3.141592653589793,
      "disabled": 0,
      "phase": 3.3152712425217032,
      "seeing": false,
      "suspicion": 0,
      "x": 22.9,
      "y": 9.5
    },
    {
      "angle": 2.521655849575131,
      "base": 2.2,
      "disabled": 0,
      "phase": 1.601427550893277,
      "seeing": false,
      "suspicion": 0,
      "x": 22.5,
      "y": 2.5
    }
  ],
  "charges": [
    5,
    4,
    3
  ],
  "cooldown": 0,
  "detections": 1,
  "diagnostics": {
    "collision": true,
    "memory": true,
    "navigation": true,
    "perception": true,
    "sound": true,
    "timing": true
  },
  "difficulty": "ghost",
  "doors": [
    {
      "anim": 0.9999999999999998,
      "id": 0,
      "locked": false,
      "open": true,
      "x": 5,
      "y": 7
    },
    {
      "anim": 0.9999999999999998,
      "id": 1,
      "locked": false,
      "open": true,
      "x": 11,
      "y": 7
    },
    {
      "anim": 0,
      "id": 2,
      "locked": false,
      "open": false,
      "x": 20,
      "y": 7
    },
    {
      "anim": 0.9999999999999998,
      "id": 3,
      "locked": false,
      "open": true,
      "x": 3,
      "y": 11
    },
    {
      "anim": 0,
      "id": 4,
      "locked": false,
      "open": false,
      "x": 11,
      "y": 11
    },
    {
      "anim": 0,
      "id": 5,
      "locked": false,
      "open": false,
      "x": 21,
      "y": 11
    }
  ],
  "events": [
    {
      "t": 0,
      "text": "Operation underway.",
      "type": "start"
    },
    {
      "t": 0,
      "text": "Connecting to terminal. Hold position.",
      "type": "action"
    },
    {
      "t": 1.2,
      "text": "Access badge cloned. All locks authorized.",
      "type": "terminal",
      "x": 3.5,
      "y": 14.5
    },
    {
      "t": 1.2,
      "text": "terminal: noise 2.5",
      "type": "sound",
      "x": 3.5,
      "y": 14.5
    },
    {
      "t": 2.45,
      "text": "G01 · idle / observing",
      "type": "guard",
      "x": 5.5,
      "y": 5.298
    },
    {
      "t": 2.483,
      "text": "door: noise 3.0",
      "type": "sound",
      "x": 3.5,
      "y": 11.5
    },
    {
      "t": 2.483,
      "text": "Door opened.",
      "type": "door",
      "x": 3.5,
      "y": 11.5
    },
    {
      "t": 3.317,
      "text": "G02 · idle / observing",
      "type": "guard",
      "x": 11.705,
      "y": 9.5
    },
    {
      "t": 3.9,
      "text": "G01 · patrol",
      "type": "guard",
      "x": 5.5,
      "y": 5.298
    },
    {
      "t": 4.367,
      "text": "G02 · patrol",
      "type": "guard",
      "x": 11.705,
      "y": 9.5
    },
    {
      "t": 4.667,
      "text": "door: noise 3.0",
      "type": "sound",
      "x": 5.5,
      "y": 7.5
    },
    {
      "t": 4.667,
      "text": "Door opened.",
      "type": "door",
      "x": 5.5,
      "y": 7.5
    },
    {
      "t": 4.683,
      "text": "G01 · suspicious / movement seen",
      "type": "guard",
      "x": 5.5,
      "y": 6.18
    },
    {
      "t": 4.983,
      "text": "guard door: noise 2.0",
      "type": "sound",
      "x": 11.5,
      "y": 7.5
    },
    {
      "t": 6.367,
      "text": "G01 · pursuit / visual contact",
      "type": "guard",
      "x": 5.5,
      "y": 6.18
    },
    {
      "t": 6.367,
      "text": "Alarm broadcast · guard 1",
      "type": "alarm",
      "x": 5.499,
      "y": 8.642
    },
    {
      "t": 7.267,
      "text": "G02 · investigate / radio report",
      "type": "guard",
      "x": 11.501,
      "y": 6.2
    },
    {
      "t": 7.95,
      "text": "door: noise 3.0",
      "type": "sound",
      "x": 3.5,
      "y": 11.5
    },
    {
      "t": 7.95,
      "text": "Door closed.",
      "type": "door",
      "x": 3.5,
      "y": 11.5
    },
    {
      "t": 8.733,
      "text": "G01 · search / contact lost",
      "type": "guard",
      "x": 4.589,
      "y": 10.466
    },
    {
      "t": 8.733,
      "text": "G01 · investigate / footstep heard",
      "type": "guard",
      "x": 4.589,
      "y": 10.466
    },
    {
      "t": 8.733,
      "text": "G01 investigating footstep",
      "type": "heard",
      "x": 4.377,
      "y": 10.495
    },
    {
      "t": 8.733,
      "text": "G01 · search / at source",
      "type": "guard",
      "x": 4.589,
      "y": 10.466
    },
    {
      "t": 9.133,
      "text": "G01 · investigate / footstep heard",
      "type": "guard",
      "x": 4.222,
      "y": 10.477
    },
    {
      "t": 9.133,
      "text": "G01 investigating footstep",
      "type": "heard",
      "x": 3.517,
      "y": 11.174
    },
    {
      "t": 9.583,
      "text": "guard door: noise 2.0",
      "type": "sound",
      "x": 3.5,
      "y": 11.5
    },
    {
      "t": 9.7,
      "text": "G01 · search / at source",
      "type": "guard",
      "x": 3.607,
      "y": 10.649
    },
    {
      "t": 13.067,
      "text": "G02 · search / at source",
      "type": "guard",
      "x": 6.018,
      "y": 8.5
    },
    {
      "t": 16.7,
      "text": "G01 · return / area clear",
      "type": "guard",
      "x": 5.059,
      "y": 10.537
    }
  ],
  "exit": {
    "x": 3.5,
    "y": 15.5
  },
  "fingerprint": "998045ba",
  "fps": 60.00783903882256,
  "frameTime": 0.5999999940395355,
  "guards": [
    {
      "angle": -0.7600401470694269,
      "capture": 0,
      "heardId": 13,
      "id": 1,
      "lastKnown": null,
      "lost": 1.4166666666666663,
      "path": [
        {
          "x": 5.5,
          "y": 9.5
        }
      ],
      "radio": 0,
      "repath": 0.4916666666666666,
      "route": [
        {
          "x": 5.5,
          "y": 2.5
        },
        {
          "x": 5.5,
          "y": 5.5
        },
        {
          "x": 5.5,
          "y": 9.5
        },
        {
          "x": 9.5,
          "y": 9.5
        },
        {
          "x": 5.5,
          "y": 9.5
        }
      ],
      "searchTarget": {
        "x": 6.5,
        "y": 8.5
      },
      "searchTime": -0.0166666666666468,
      "seeing": false,
      "state": "return",
      "suspicion": 0,
      "wait": -0.0006313472986220828,
      "wp": 2,
      "x": 5.102680513999005,
      "y": 10.435084055062871
    },
    {
      "angle": 4.671343179522078,
      "capture": 0,
      "heardId": 0,
      "id": 2,
      "lastKnown": {
        "x": 5.498789338358199,
        "y": 8.641928116051965
      },
      "lost": 0,
      "path": [
        {
          "x": 5.5,
          "y": 6.5
        },
        {
          "x": 5.5,
          "y": 5.5
        }
      ],
      "radio": 0,
      "repath": 0.3666666666666666,
      "route": [
        {
          "x": 11.5,
          "y": 2.5
        },
        {
          "x": 11.5,
          "y": 5.5
        },
        {
          "x": 11.5,
          "y": 9.5
        },
        {
          "x": 15.5,
          "y": 9.5
        },
        {
          "x": 11.5,
          "y": 9.5
        }
      ],
      "searchTarget": {
        "x": 5.5,
        "y": 5.5
      },
      "searchTime": 3.26666666666668,
      "seeing": false,
      "state": "search",
      "suspicion": 0,
      "wait": -0.002779870666564887,
      "wp": 0,
      "x": 5.53667230218251,
      "y": 7.616714621803859
    }
  ],
  "historyCount": 2,
  "keys": [],
  "objective": {
    "collected": false,
    "x": 5.5,
    "y": 3.5
  },
  "paused": true,
  "phase": "active",
  "player": {
    "angle": 1.5707276086922832,
    "exposure": 0,
    "health": 100,
    "key": true,
    "noise": 0,
    "objective": false,
    "path": [],
    "run": false,
    "x": 6.499992828740414,
    "y": 16.395642351843104
  },
  "preset": "dockside",
  "replay": null,
  "result": null,
  "securityOff": false,
  "seed": "DOCK-031",
  "selected": 0,
  "smokes": [],
  "sounds": [],
  "storageOK": true,
  "terminals": [
    {
      "name": "Access terminal",
      "type": "badge",
      "used": true,
      "x": 3.5,
      "y": 14.5
    },
    {
      "name": "Security terminal",
      "type": "security",
      "used": false,
      "x": 10.5,
      "y": 3.5
    }
  ],
  "time": 16.783333333333662,
  "touchDirections": [],
  "view": {
    "height": 475,
    "scale": 22.526315789473685,
    "width": 918,
    "x": 177.42105263157896,
    "y": 23.5
  }
}

$ agent-browser --session blackline find role button click --name Diagnostics
✓ Done

$ agent-browser --session blackline find role button click --name 'Clear overlays'
✓ Done

$ agent-browser --session blackline find role button click --name 'Resume with overlays'
✓ Done

$ agent-browser --session blackline set viewport 390 844
✓ Done

$ agent-browser --session blackline screenshot /home/pyro/projects/naked/astra/bench/10-stealth-heist/evidence/screenshots/16-mobile-paused.png
✓ Screenshot saved to /home/pyro/projects/naked/astra/bench/10-stealth-heist/evidence/screenshots/16-mobile-paused.png

$ agent-browser --session blackline snapshot -i
- button "Mute synthesized audio" [ref=e1]
- button "Settings" [ref=e2]
- heading "The dockside exchange." [level=1, ref=e3]
- button "New mission" [ref=e4]
- region "Live operation" [ref=e5]
  - button "Diagnostics" [ref=e6]
  - button "Restart mission" [ref=e7]
  - button "Resume mission" [ref=e8]
  - application "Facility map. WASD or arrows to move, Shift to run, E to interact. Click a floor to move. Q uses selected gadget. Escape pauses." [ref=e10] focusable [tabindex]
  - heading "PAUSED" [level=2, ref=e19]
  - button "Resume operation →" [ref=e20]
  - button "Select distraction" [ref=e11]
  - button "Select smoke" [ref=e12]
  - button "Select EMP" [ref=e13]
  - button "Controls ↗" [ref=e9]
  - button "Move up" [ref=e21]
  - button "Move left" [ref=e22]
  - button "Move right" [ref=e23]
  - button "Move down" [ref=e24]
  - button "Toggle running" [ref=e14]
  - button "USE GADGET" [ref=e15]
  - button "E INTERACT" [ref=e16]
- heading "In. Out. Unseen." [level=2, ref=e17]
- button "Move to an interaction" [disabled, ref=e18]

$ agent-browser --session blackline find role button click --name 'Restart mission'
✓ Done

$ agent-browser --session blackline find role button click --name 'Restart now'
✓ Done

$ agent-browser --session blackline wait --fn BLACKLINE.snapshot().phase==="active"
true

$ agent-browser --session blackline eval BLACKLINE.snapshot()
{
  "action": null,
  "alarms": 0,
  "alert": 0,
  "audio": {
    "activeNodes": 1,
    "effects": 0.65,
    "enabled": true,
    "master": 0.5,
    "state": "running"
  },
  "cameras": [
    {
      "angle": 3.141592653589793,
      "base": 3.141592653589793,
      "disabled": 0,
      "phase": 3.3152712425217032,
      "suspicion": 0,
      "x": 22.9,
      "y": 9.5
    },
    {
      "angle": 2.2,
      "base": 2.2,
      "disabled": 0,
      "phase": 1.601427550893277,
      "suspicion": 0,
      "x": 22.5,
      "y": 2.5
    }
  ],
  "charges": [
    5,
    4,
    3
  ],
  "cooldown": 0,
  "detections": 0,
  "diagnostics": {
    "collision": false,
    "memory": false,
    "navigation": false,
    "perception": false,
    "sound": false,
    "timing": false
  },
  "difficulty": "ghost",
  "doors": [
    {
      "anim": 0,
      "id": 0,
      "locked": true,
      "open": false,
      "x": 5,
      "y": 7
    },
    {
      "anim": 0,
      "id": 1,
      "locked": false,
      "open": false,
      "x": 11,
      "y": 7
    },
    {
      "anim": 0,
      "id": 2,
      "locked": false,
      "open": false,
      "x": 20,
      "y": 7
    },
    {
      "anim": 0,
      "id": 3,
      "locked": false,
      "open": false,
      "x": 3,
      "y": 11
    },
    {
      "anim": 0,
      "id": 4,
      "locked": false,
      "open": false,
      "x": 11,
      "y": 11
    },
    {
      "anim": 0,
      "id": 5,
      "locked": false,
      "open": false,
      "x": 21,
      "y": 11
    }
  ],
  "events": [
    {
      "t": 0,
      "text": "Operation underway.",
      "type": "start"
    }
  ],
  "exit": {
    "x": 3.5,
    "y": 15.5
  },
  "fingerprint": "998045ba",
  "fps": 60.0025023952851,
  "frameTime": 0.5,
  "guards": [
    {
      "angle": 1.5707963267948966,
      "capture": 0,
      "heardId": 0,
      "id": 1,
      "lastKnown": null,
      "lost": 0,
      "path": [],
      "radio": 0,
      "repath": 0,
      "route": [
        {
          "x": 5.5,
          "y": 2.5
        },
        {
          "x": 5.5,
          "y": 5.5
        },
        {
          "x": 5.5,
          "y": 9.5
        },
        {
          "x": 9.5,
          "y": 9.5
        },
        {
          "x": 5.5,
          "y": 9.5
        }
      ],
      "searchTime": 0,
      "seeing": false,
      "state": "patrol",
      "suspicion": 0,
      "wait": 0,
      "wp": 1,
      "x": 5.5,
      "y": 2.5
    },
    {
      "angle": 3.141592653589793,
      "capture": 0,
      "heardId": 0,
      "id": 2,
      "lastKnown": null,
      "lost": 0,
      "path": [],
      "radio": 0,
      "repath": 0,
      "route": [
        {
          "x": 11.5,
          "y": 2.5
        },
        {
          "x": 11.5,
          "y": 5.5
        },
        {
          "x": 11.5,
          "y": 9.5
        },
        {
          "x": 15.5,
          "y": 9.5
        },
        {
          "x": 11.5,
          "y": 9.5
        }
      ],
      "searchTime": 0,
      "seeing": false,
      "state": "patrol",
      "suspicion": 0,
      "wait": 0,
      "wp": 4,
      "x": 15.5,
      "y": 9.5
    }
  ],
  "historyCount": 2,
  "keys": [],
  "objective": {
    "collected": false,
    "x": 5.5,
    "y": 3.5
  },
  "paused": false,
  "phase": "active",
  "player": {
    "angle": -1.5707963267948966,
    "exposure": 0,
    "health": 100,
    "key": false,
    "noise": 0,
    "objective": false,
    "path": [],
    "run": false,
    "x": 3.5,
    "y": 15.5
  },
  "preset": "dockside",
  "replay": null,
  "result": null,
  "securityOff": false,
  "seed": "DOCK-031",
  "selected": 0,
  "smokes": [],
  "sounds": [],
  "storageOK": true,
  "terminals": [
    {
      "name": "Access terminal",
      "type": "badge",
      "used": false,
      "x": 3.5,
      "y": 14.5
    },
    {
      "name": "Security terminal",
      "type": "security",
      "used": false,
      "x": 10.5,
      "y": 3.5
    }
  ],
  "time": 0,
  "touchDirections": [],
  "view": {
    "height": 369,
    "scale": 25,
    "width": 364,
    "x": 18,
    "y": -124
  }
}

$ agent-browser --session blackline find role button click --name 'Select smoke'
✓ Done

$ agent-browser --session blackline find role button click --name 'Restart mission'
✓ Done

$ agent-browser --session blackline find role button click --name 'Restart now'
✓ Done

$ agent-browser --session blackline eval ({selected:BLACKLINE.snapshot().selected,pressed:[...document.querySelectorAll("[data-gadget]")].map(b=>b.getAttribute("aria-pressed"))})
{
  "pressed": [
    "true",
    "false",
    "false"
  ],
  "selected": 0
}

$ agent-browser --session blackline eval BLACKLINE.snapshot()
{
  "action": null,
  "alarms": 0,
  "alert": 0,
  "audio": {
    "activeNodes": 2,
    "effects": 0.65,
    "enabled": true,
    "master": 0.5,
    "state": "running"
  },
  "cameras": [
    {
      "angle": 3.141592653589793,
      "base": 3.141592653589793,
      "disabled": 0,
      "phase": 3.3152712425217032,
      "suspicion": 0,
      "x": 22.9,
      "y": 9.5
    },
    {
      "angle": 2.2,
      "base": 2.2,
      "disabled": 0,
      "phase": 1.601427550893277,
      "suspicion": 0,
      "x": 22.5,
      "y": 2.5
    }
  ],
  "charges": [
    5,
    4,
    3
  ],
  "cooldown": 0,
  "detections": 0,
  "diagnostics": {
    "collision": false,
    "memory": false,
    "navigation": false,
    "perception": false,
    "sound": false,
    "timing": false
  },
  "difficulty": "ghost",
  "doors": [
    {
      "anim": 0,
      "id": 0,
      "locked": true,
      "open": false,
      "x": 5,
      "y": 7
    },
    {
      "anim": 0,
      "id": 1,
      "locked": false,
      "open": false,
      "x": 11,
      "y": 7
    },
    {
      "anim": 0,
      "id": 2,
      "locked": false,
      "open": false,
      "x": 20,
      "y": 7
    },
    {
      "anim": 0,
      "id": 3,
      "locked": false,
      "open": false,
      "x": 3,
      "y": 11
    },
    {
      "anim": 0,
      "id": 4,
      "locked": false,
      "open": false,
      "x": 11,
      "y": 11
    },
    {
      "anim": 0,
      "id": 5,
      "locked": false,
      "open": false,
      "x": 21,
      "y": 11
    }
  ],
  "events": [
    {
      "t": 0,
      "text": "Operation underway.",
      "type": "start"
    }
  ],
  "exit": {
    "x": 3.5,
    "y": 15.5
  },
  "fingerprint": "998045ba",
  "fps": 59.99756128390547,
  "frameTime": 0.5999999940395355,
  "guards": [
    {
      "angle": 1.5707963267948966,
      "capture": 0,
      "heardId": 0,
      "id": 1,
      "lastKnown": null,
      "lost": 0,
      "path": [],
      "radio": 0,
      "repath": 0,
      "route": [
        {
          "x": 5.5,
          "y": 2.5
        },
        {
          "x": 5.5,
          "y": 5.5
        },
        {
          "x": 5.5,
          "y": 9.5
        },
        {
          "x": 9.5,
          "y": 9.5
        },
        {
          "x": 5.5,
          "y": 9.5
        }
      ],
      "searchTime": 0,
      "seeing": false,
      "state": "patrol",
      "suspicion": 0,
      "wait": 0,
      "wp": 1,
      "x": 5.5,
      "y": 2.5
    },
    {
      "angle": 3.141592653589793,
      "capture": 0,
      "heardId": 0,
      "id": 2,
      "lastKnown": null,
      "lost": 0,
      "path": [],
      "radio": 0,
      "repath": 0,
      "route": [
        {
          "x": 11.5,
          "y": 2.5
        },
        {
          "x": 11.5,
          "y": 5.5
        },
        {
          "x": 11.5,
          "y": 9.5
        },
        {
          "x": 15.5,
          "y": 9.5
        },
        {
          "x": 11.5,
          "y": 9.5
        }
      ],
      "searchTime": 0,
      "seeing": false,
      "state": "patrol",
      "suspicion": 0,
      "wait": 0,
      "wp": 4,
      "x": 15.5,
      "y": 9.5
    }
  ],
  "historyCount": 2,
  "keys": [],
  "objective": {
    "collected": false,
    "x": 5.5,
    "y": 3.5
  },
  "paused": false,
  "phase": "active",
  "player": {
    "angle": -1.5707963267948966,
    "exposure": 0,
    "health": 100,
    "key": false,
    "noise": 0,
    "objective": false,
    "path": [],
    "run": false,
    "x": 3.5,
    "y": 15.5
  },
  "preset": "dockside",
  "replay": null,
  "result": null,
  "securityOff": false,
  "seed": "DOCK-031",
  "selected": 0,
  "smokes": [],
  "sounds": [],
  "storageOK": true,
  "terminals": [
    {
      "name": "Access terminal",
      "type": "badge",
      "used": false,
      "x": 3.5,
      "y": 14.5
    },
    {
      "name": "Security terminal",
      "type": "security",
      "used": false,
      "x": 10.5,
      "y": 3.5
    }
  ],
  "time": 0,
  "touchDirections": [],
  "view": {
    "height": 369,
    "scale": 25,
    "width": 364,
    "x": 18,
    "y": -124
  }
}

$ agent-browser --session blackline eval '(()=>{const r=document.querySelector("[data-dir=up]").getBoundingClientRect();return {x:r.x+r.width/2,y:r.y+r.height/2}})()'
{
  "x": 78.5,
  "y": 695
}

$ agent-browser --session blackline mouse move 78 695
✓ Done

$ agent-browser --session blackline mouse down left
✓ Done

$ agent-browser --session blackline wait --fn BLACKLINE.snapshot().player.y<14.65
true

$ agent-browser --session blackline mouse up left
✓ Done

$ agent-browser --session blackline eval BLACKLINE.snapshot()
{
  "action": null,
  "alarms": 0,
  "alert": 0,
  "audio": {
    "activeNodes": 0,
    "effects": 0.65,
    "enabled": true,
    "master": 0.5,
    "state": "running"
  },
  "cameras": [
    {
      "angle": 2.981408435213959,
      "base": 3.141592653589793,
      "disabled": 0,
      "phase": 3.3152712425217032,
      "seeing": false,
      "suspicion": 0,
      "x": 22.9,
      "y": 9.5
    },
    {
      "angle": 2.649640351512233,
      "base": 2.2,
      "disabled": 0,
      "phase": 1.601427550893277,
      "seeing": false,
      "suspicion": 0,
      "x": 22.5,
      "y": 2.5
    }
  ],
  "charges": [
    5,
    4,
    3
  ],
  "cooldown": 0,
  "detections": 0,
  "diagnostics": {
    "collision": false,
    "memory": false,
    "navigation": false,
    "perception": false,
    "sound": false,
    "timing": false
  },
  "difficulty": "ghost",
  "doors": [
    {
      "anim": 0,
      "id": 0,
      "locked": true,
      "open": false,
      "x": 5,
      "y": 7
    },
    {
      "anim": 0,
      "id": 1,
      "locked": false,
      "open": false,
      "x": 11,
      "y": 7
    },
    {
      "anim": 0,
      "id": 2,
      "locked": false,
      "open": false,
      "x": 20,
      "y": 7
    },
    {
      "anim": 0,
      "id": 3,
      "locked": false,
      "open": false,
      "x": 3,
      "y": 11
    },
    {
      "anim": 0,
      "id": 4,
      "locked": false,
      "open": false,
      "x": 11,
      "y": 11
    },
    {
      "anim": 0,
      "id": 5,
      "locked": false,
      "open": false,
      "x": 21,
      "y": 11
    }
  ],
  "events": [
    {
      "t": 0,
      "text": "Operation underway.",
      "type": "start"
    }
  ],
  "exit": {
    "x": 3.5,
    "y": 15.5
  },
  "fingerprint": "998045ba",
  "fps": 60.01435950296239,
  "frameTime": 0.5999999940395355,
  "guards": [
    {
      "angle": 1.5707963267948966,
      "capture": 0,
      "heardId": 0,
      "id": 1,
      "lastKnown": null,
      "lost": 0,
      "path": [
        {
          "x": 5.5,
          "y": 3.5
        },
        {
          "x": 5.5,
          "y": 4.5
        },
        {
          "x": 5.5,
          "y": 5.5
        }
      ],
      "radio": 0,
      "repath": 0.15833333333333327,
      "route": [
        {
          "x": 5.5,
          "y": 2.5
        },
        {
          "x": 5.5,
          "y": 5.5
        },
        {
          "x": 5.5,
          "y": 9.5
        },
        {
          "x": 9.5,
          "y": 9.5
        },
        {
          "x": 5.5,
          "y": 9.5
        }
      ],
      "searchTime": 0,
      "seeing": false,
      "state": "patrol",
      "suspicion": 0,
      "wait": 0,
      "wp": 1,
      "x": 5.5,
      "y": 2.9983333333333304
    },
    {
      "angle": 3.141592653589793,
      "capture": 0,
      "heardId": 0,
      "id": 2,
      "lastKnown": null,
      "lost": 0,
      "path": [
        {
          "x": 14.5,
          "y": 9.5
        },
        {
          "x": 13.5,
          "y": 9.5
        },
        {
          "x": 12.5,
          "y": 9.5
        },
        {
          "x": 11.5,
          "y": 9.5
        }
      ],
      "radio": 0,
      "repath": 0.18333333333333324,
      "route": [
        {
          "x": 11.5,
          "y": 2.5
        },
        {
          "x": 11.5,
          "y": 5.5
        },
        {
          "x": 11.5,
          "y": 9.5
        },
        {
          "x": 15.5,
          "y": 9.5
        },
        {
          "x": 11.5,
          "y": 9.5
        }
      ],
      "searchTime": 0,
      "seeing": false,
      "state": "patrol",
      "suspicion": 0,
      "wait": 0,
      "wp": 4,
      "x": 15.001666666666658,
      "y": 9.5
    }
  ],
  "historyCount": 2,
  "keys": [],
  "objective": {
    "collected": false,
    "x": 5.5,
    "y": 3.5
  },
  "paused": false,
  "phase": "active",
  "player": {
    "angle": -1.5707963267948966,
    "exposure": 0,
    "health": 100,
    "key": false,
    "noise": 0,
    "objective": false,
    "path": [],
    "run": false,
    "x": 3.5,
    "y": 14.460000000000008
  },
  "preset": "dockside",
  "replay": null,
  "result": null,
  "securityOff": false,
  "seed": "DOCK-031",
  "selected": 0,
  "smokes": [],
  "sounds": [],
  "storageOK": true,
  "terminals": [
    {
      "name": "Access terminal",
      "type": "badge",
      "used": false,
      "x": 3.5,
      "y": 14.5
    },
    {
      "name": "Security terminal",
      "type": "security",
      "used": false,
      "x": 10.5,
      "y": 3.5
    }
  ],
  "time": 0.4333333333333333,
  "touchDirections": [],
  "view": {
    "height": 369,
    "scale": 25,
    "width": 364,
    "x": 18,
    "y": -124
  }
}

$ agent-browser --session blackline keydown ArrowDown
✓ Done

$ agent-browser --session blackline wait --fn BLACKLINE.snapshot().player.y>15.3
true

$ agent-browser --session blackline keyup ArrowDown
✓ Done

$ agent-browser --session blackline press e
✓ Done

$ agent-browser --session blackline wait --fn BLACKLINE.snapshot().player.key
true

$ agent-browser --session blackline find role button click --name 'Toggle running'
✓ Done

$ agent-browser --session blackline eval document.querySelector("#touchRun").getAttribute("aria-pressed")
"true"

$ agent-browser --session blackline find role button click --name 'Toggle running'
✓ Done

$ agent-browser --session blackline keydown ArrowRight
✓ Done

$ agent-browser --session blackline wait --fn BLACKLINE.snapshot().player.x>4.2
true

$ agent-browser --session blackline keyup ArrowRight
✓ Done

$ agent-browser --session blackline screenshot /home/pyro/projects/naked/astra/bench/10-stealth-heist/evidence/screenshots/17-mobile-active.png
✓ Screenshot saved to /home/pyro/projects/naked/astra/bench/10-stealth-heist/evidence/screenshots/17-mobile-active.png

$ agent-browser --session blackline keydown ArrowLeft
✓ Done

$ agent-browser --session blackline tab new about:blank
about:blank

$ agent-browser --session blackline tab t1
✓ BLACKLINE — Stealth Operations
  file:///home/pyro/projects/naked/astra/bench/10-stealth-heist/index.html

$ agent-browser --session blackline wait --fn BLACKLINE.snapshot().paused
true

$ agent-browser --session blackline eval BLACKLINE.snapshot()
{
  "action": null,
  "alarms": 0,
  "alert": 0,
  "audio": {
    "activeNodes": 0,
    "effects": 0.65,
    "enabled": true,
    "master": 0.5,
    "state": "running"
  },
  "cameras": [
    {
      "angle": 2.7068800192080458,
      "base": 3.141592653589793,
      "disabled": 0,
      "phase": 3.3152712425217032,
      "seeing": false,
      "suspicion": 0,
      "x": 22.9,
      "y": 9.5
    },
    {
      "angle": 2.410852156785824,
      "base": 2.2,
      "disabled": 0,
      "phase": 1.601427550893277,
      "seeing": false,
      "suspicion": 0,
      "x": 22.5,
      "y": 2.5
    }
  ],
  "charges": [
    5,
    4,
    3
  ],
  "cooldown": 0,
  "detections": 0,
  "diagnostics": {
    "collision": false,
    "memory": false,
    "navigation": false,
    "perception": false,
    "sound": false,
    "timing": false
  },
  "difficulty": "ghost",
  "doors": [
    {
      "anim": 0,
      "id": 0,
      "locked": false,
      "open": false,
      "x": 5,
      "y": 7
    },
    {
      "anim": 0,
      "id": 1,
      "locked": false,
      "open": false,
      "x": 11,
      "y": 7
    },
    {
      "anim": 0,
      "id": 2,
      "locked": false,
      "open": false,
      "x": 20,
      "y": 7
    },
    {
      "anim": 0,
      "id": 3,
      "locked": false,
      "open": false,
      "x": 3,
      "y": 11
    },
    {
      "anim": 0,
      "id": 4,
      "locked": false,
      "open": false,
      "x": 11,
      "y": 11
    },
    {
      "anim": 0,
      "id": 5,
      "locked": false,
      "open": false,
      "x": 21,
      "y": 11
    }
  ],
  "events": [
    {
      "t": 0,
      "text": "Operation underway.",
      "type": "start"
    },
    {
      "t": 0.85,
      "text": "Connecting to terminal. Hold position.",
      "type": "action"
    },
    {
      "t": 2.05,
      "text": "Access badge cloned. All locks authorized.",
      "type": "terminal",
      "x": 3.5,
      "y": 14.5
    },
    {
      "t": 2.05,
      "text": "terminal: noise 2.5",
      "type": "sound",
      "x": 3.5,
      "y": 14.5
    },
    {
      "t": 2.45,
      "text": "G01 · idle / observing",
      "type": "guard",
      "x": 5.5,
      "y": 5.298
    }
  ],
  "exit": {
    "x": 3.5,
    "y": 15.5
  },
  "fingerprint": "998045ba",
  "fps": 60.00160374524388,
  "frameTime": 0.800000011920929,
  "guards": [
    {
      "angle": 1.5754994908389668,
      "capture": 0,
      "heardId": 0,
      "id": 1,
      "lastKnown": null,
      "lost": 0,
      "path": [],
      "radio": 0,
      "repath": -0.08333333333333333,
      "route": [
        {
          "x": 5.5,
          "y": 2.5
        },
        {
          "x": 5.5,
          "y": 5.5
        },
        {
          "x": 5.5,
          "y": 9.5
        },
        {
          "x": 9.5,
          "y": 9.5
        },
        {
          "x": 5.5,
          "y": 9.5
        }
      ],
      "searchTime": 0,
      "seeing": false,
      "state": "idle",
      "suspicion": 0,
      "wait": 1.3660353193680448,
      "wp": 2,
      "x": 5.5,
      "y": 5.298333333333347
    },
    {
      "angle": 3.141592653589793,
      "capture": 0,
      "heardId": 0,
      "id": 2,
      "lastKnown": null,
      "lost": 0,
      "path": [
        {
          "x": 11.5,
          "y": 9.5
        }
      ],
      "radio": 0,
      "repath": 0.4833333333333332,
      "route": [
        {
          "x": 11.5,
          "y": 2.5
        },
        {
          "x": 11.5,
          "y": 5.5
        },
        {
          "x": 11.5,
          "y": 9.5
        },
        {
          "x": 15.5,
          "y": 9.5
        },
        {
          "x": 11.5,
          "y": 9.5
        }
      ],
      "searchTime": 0,
      "seeing": false,
      "state": "patrol",
      "suspicion": 0,
      "wait": 0,
      "wp": 4,
      "x": 12.586666666666616,
      "y": 9.5
    }
  ],
  "historyCount": 2,
  "keys": [],
  "objective": {
    "collected": false,
    "x": 5.5,
    "y": 3.5
  },
  "paused": true,
  "phase": "active",
  "player": {
    "angle": 3.141592653589793,
    "exposure": 0,
    "health": 100,
    "key": true,
    "noise": 0.5666666666666655,
    "objective": false,
    "path": [],
    "run": false,
    "x": 4.279999999999999,
    "y": 15.543333333333331
  },
  "preset": "dockside",
  "replay": null,
  "result": null,
  "securityOff": false,
  "seed": "DOCK-031",
  "selected": 0,
  "smokes": [],
  "sounds": [
    {
      "age": 1.899999999999998,
      "id": 1,
      "intensity": 1.15,
      "owner": "player",
      "ttl": 2.4,
      "type": "footstep",
      "x": 3.5,
      "y": 14.980000000000004
    },
    {
      "age": 0.4833333333333333,
      "id": 2,
      "intensity": 2.5,
      "owner": "player",
      "ttl": 2.4,
      "type": "terminal",
      "x": 3.5,
      "y": 14.5
    }
  ],
  "storageOK": true,
  "terminals": [
    {
      "name": "Access terminal",
      "type": "badge",
      "used": true,
      "x": 3.5,
      "y": 14.5
    },
    {
      "name": "Security terminal",
      "type": "security",
      "used": false,
      "x": 10.5,
      "y": 3.5
    }
  ],
  "time": 2.533333333333329,
  "touchDirections": [],
  "view": {
    "height": 369,
    "scale": 25,
    "width": 364,
    "x": 18,
    "y": -124
  }
}

$ agent-browser --session blackline find role button click --name 'Resume operation'
✓ Done

$ agent-browser --session blackline press Escape
✓ Done

$ agent-browser --session blackline eval BLACKLINE.snapshot()
{
  "action": null,
  "alarms": 0,
  "alert": 0,
  "audio": {
    "activeNodes": 0,
    "effects": 0.65,
    "enabled": true,
    "master": 0.5,
    "state": "running"
  },
  "cameras": [
    {
      "angle": 2.7068800192080458,
      "base": 3.141592653589793,
      "disabled": 0,
      "phase": 3.3152712425217032,
      "seeing": false,
      "suspicion": 0,
      "x": 22.9,
      "y": 9.5
    },
    {
      "angle": 2.410852156785824,
      "base": 2.2,
      "disabled": 0,
      "phase": 1.601427550893277,
      "seeing": false,
      "suspicion": 0,
      "x": 22.5,
      "y": 2.5
    }
  ],
  "charges": [
    5,
    4,
    3
  ],
  "cooldown": 0,
  "detections": 0,
  "diagnostics": {
    "collision": false,
    "memory": false,
    "navigation": false,
    "perception": false,
    "sound": false,
    "timing": false
  },
  "difficulty": "ghost",
  "doors": [
    {
      "anim": 0,
      "id": 0,
      "locked": false,
      "open": false,
      "x": 5,
      "y": 7
    },
    {
      "anim": 0,
      "id": 1,
      "locked": false,
      "open": false,
      "x": 11,
      "y": 7
    },
    {
      "anim": 0,
      "id": 2,
      "locked": false,
      "open": false,
      "x": 20,
      "y": 7
    },
    {
      "anim": 0,
      "id": 3,
      "locked": false,
      "open": false,
      "x": 3,
      "y": 11
    },
    {
      "anim": 0,
      "id": 4,
      "locked": false,
      "open": false,
      "x": 11,
      "y": 11
    },
    {
      "anim": 0,
      "id": 5,
      "locked": false,
      "open": false,
      "x": 21,
      "y": 11
    }
  ],
  "events": [
    {
      "t": 0,
      "text": "Operation underway.",
      "type": "start"
    },
    {
      "t": 0.85,
      "text": "Connecting to terminal. Hold position.",
      "type": "action"
    },
    {
      "t": 2.05,
      "text": "Access badge cloned. All locks authorized.",
      "type": "terminal",
      "x": 3.5,
      "y": 14.5
    },
    {
      "t": 2.05,
      "text": "terminal: noise 2.5",
      "type": "sound",
      "x": 3.5,
      "y": 14.5
    },
    {
      "t": 2.45,
      "text": "G01 · idle / observing",
      "type": "guard",
      "x": 5.5,
      "y": 5.298
    }
  ],
  "exit": {
    "x": 3.5,
    "y": 15.5
  },
  "fingerprint": "998045ba",
  "fps": 58.84584074560697,
  "frameTime": 0.6000000238418579,
  "guards": [
    {
      "angle": 1.5754994908389668,
      "capture": 0,
      "heardId": 0,
      "id": 1,
      "lastKnown": null,
      "lost": 0,
      "path": [],
      "radio": 0,
      "repath": -0.08333333333333333,
      "route": [
        {
          "x": 5.5,
          "y": 2.5
        },
        {
          "x": 5.5,
          "y": 5.5
        },
        {
          "x": 5.5,
          "y": 9.5
        },
        {
          "x": 9.5,
          "y": 9.5
        },
        {
          "x": 5.5,
          "y": 9.5
        }
      ],
      "searchTime": 0,
      "seeing": false,
      "state": "idle",
      "suspicion": 0,
      "wait": 1.3660353193680448,
      "wp": 2,
      "x": 5.5,
      "y": 5.298333333333347
    },
    {
      "angle": 3.141592653589793,
      "capture": 0,
      "heardId": 0,
      "id": 2,
      "lastKnown": null,
      "lost": 0,
      "path": [
        {
          "x": 11.5,
          "y": 9.5
        }
      ],
      "radio": 0,
      "repath": 0.4833333333333332,
      "route": [
        {
          "x": 11.5,
          "y": 2.5
        },
        {
          "x": 11.5,
          "y": 5.5
        },
        {
          "x": 11.5,
          "y": 9.5
        },
        {
          "x": 15.5,
          "y": 9.5
        },
        {
          "x": 11.5,
          "y": 9.5
        }
      ],
      "searchTime": 0,
      "seeing": false,
      "state": "patrol",
      "suspicion": 0,
      "wait": 0,
      "wp": 4,
      "x": 12.586666666666616,
      "y": 9.5
    }
  ],
  "historyCount": 2,
  "keys": [],
  "objective": {
    "collected": false,
    "x": 5.5,
    "y": 3.5
  },
  "paused": true,
  "phase": "active",
  "player": {
    "angle": 3.141592653589793,
    "exposure": 0,
    "health": 100,
    "key": true,
    "noise": 0.5666666666666655,
    "objective": false,
    "path": [],
    "run": false,
    "x": 4.279999999999999,
    "y": 15.543333333333331
  },
  "preset": "dockside",
  "replay": null,
  "result": null,
  "securityOff": false,
  "seed": "DOCK-031",
  "selected": 0,
  "smokes": [],
  "sounds": [
    {
      "age": 1.899999999999998,
      "id": 1,
      "intensity": 1.15,
      "owner": "player",
      "ttl": 2.4,
      "type": "footstep",
      "x": 3.5,
      "y": 14.980000000000004
    },
    {
      "age": 0.4833333333333333,
      "id": 2,
      "intensity": 2.5,
      "owner": "player",
      "ttl": 2.4,
      "type": "terminal",
      "x": 3.5,
      "y": 14.5
    }
  ],
  "storageOK": true,
  "terminals": [
    {
      "name": "Access terminal",
      "type": "badge",
      "used": true,
      "x": 3.5,
      "y": 14.5
    },
    {
      "name": "Security terminal",
      "type": "security",
      "used": false,
      "x": 10.5,
      "y": 3.5
    }
  ],
  "time": 2.533333333333329,
  "touchDirections": [],
  "view": {
    "height": 369,
    "scale": 25,
    "width": 364,
    "x": 18,
    "y": -124
  }
}

$ agent-browser --session blackline wait 500
✓ Done

$ agent-browser --session blackline eval BLACKLINE.snapshot()
{
  "action": null,
  "alarms": 0,
  "alert": 0,
  "audio": {
    "activeNodes": 0,
    "effects": 0.65,
    "enabled": true,
    "master": 0.5,
    "state": "running"
  },
  "cameras": [
    {
      "angle": 2.7068800192080458,
      "base": 3.141592653589793,
      "disabled": 0,
      "phase": 3.3152712425217032,
      "seeing": false,
      "suspicion": 0,
      "x": 22.9,
      "y": 9.5
    },
    {
      "angle": 2.410852156785824,
      "base": 2.2,
      "disabled": 0,
      "phase": 1.601427550893277,
      "seeing": false,
      "suspicion": 0,
      "x": 22.5,
      "y": 2.5
    }
  ],
  "charges": [
    5,
    4,
    3
  ],
  "cooldown": 0,
  "detections": 0,
  "diagnostics": {
    "collision": false,
    "memory": false,
    "navigation": false,
    "perception": false,
    "sound": false,
    "timing": false
  },
  "difficulty": "ghost",
  "doors": [
    {
      "anim": 0,
      "id": 0,
      "locked": false,
      "open": false,
      "x": 5,
      "y": 7
    },
    {
      "anim": 0,
      "id": 1,
      "locked": false,
      "open": false,
      "x": 11,
      "y": 7
    },
    {
      "anim": 0,
      "id": 2,
      "locked": false,
      "open": false,
      "x": 20,
      "y": 7
    },
    {
      "anim": 0,
      "id": 3,
      "locked": false,
      "open": false,
      "x": 3,
      "y": 11
    },
    {
      "anim": 0,
      "id": 4,
      "locked": false,
      "open": false,
      "x": 11,
      "y": 11
    },
    {
      "anim": 0,
      "id": 5,
      "locked": false,
      "open": false,
      "x": 21,
      "y": 11
    }
  ],
  "events": [
    {
      "t": 0,
      "text": "Operation underway.",
      "type": "start"
    },
    {
      "t": 0.85,
      "text": "Connecting to terminal. Hold position.",
      "type": "action"
    },
    {
      "t": 2.05,
      "text": "Access badge cloned. All locks authorized.",
      "type": "terminal",
      "x": 3.5,
      "y": 14.5
    },
    {
      "t": 2.05,
      "text": "terminal: noise 2.5",
      "type": "sound",
      "x": 3.5,
      "y": 14.5
    },
    {
      "t": 2.45,
      "text": "G01 · idle / observing",
      "type": "guard",
      "x": 5.5,
      "y": 5.298
    }
  ],
  "exit": {
    "x": 3.5,
    "y": 15.5
  },
  "fingerprint": "998045ba",
  "fps": 59.685337626780374,
  "frameTime": 0.9000000059604645,
  "guards": [
    {
      "angle": 1.5754994908389668,
      "capture": 0,
      "heardId": 0,
      "id": 1,
      "lastKnown": null,
      "lost": 0,
      "path": [],
      "radio": 0,
      "repath": -0.08333333333333333,
      "route": [
        {
          "x": 5.5,
          "y": 2.5
        },
        {
          "x": 5.5,
          "y": 5.5
        },
        {
          "x": 5.5,
          "y": 9.5
        },
        {
          "x": 9.5,
          "y": 9.5
        },
        {
          "x": 5.5,
          "y": 9.5
        }
      ],
      "searchTime": 0,
      "seeing": false,
      "state": "idle",
      "suspicion": 0,
      "wait": 1.3660353193680448,
      "wp": 2,
      "x": 5.5,
      "y": 5.298333333333347
    },
    {
      "angle": 3.141592653589793,
      "capture": 0,
      "heardId": 0,
      "id": 2,
      "lastKnown": null,
      "lost": 0,
      "path": [
        {
          "x": 11.5,
          "y": 9.5
        }
      ],
      "radio": 0,
      "repath": 0.4833333333333332,
      "route": [
        {
          "x": 11.5,
          "y": 2.5
        },
        {
          "x": 11.5,
          "y": 5.5
        },
        {
          "x": 11.5,
          "y": 9.5
        },
        {
          "x": 15.5,
          "y": 9.5
        },
        {
          "x": 11.5,
          "y": 9.5
        }
      ],
      "searchTime": 0,
      "seeing": false,
      "state": "patrol",
      "suspicion": 0,
      "wait": 0,
      "wp": 4,
      "x": 12.586666666666616,
      "y": 9.5
    }
  ],
  "historyCount": 2,
  "keys": [],
  "objective": {
    "collected": false,
    "x": 5.5,
    "y": 3.5
  },
  "paused": true,
  "phase": "active",
  "player": {
    "angle": 3.141592653589793,
    "exposure": 0,
    "health": 100,
    "key": true,
    "noise": 0.5666666666666655,
    "objective": false,
    "path": [],
    "run": false,
    "x": 4.279999999999999,
    "y": 15.543333333333331
  },
  "preset": "dockside",
  "replay": null,
  "result": null,
  "securityOff": false,
  "seed": "DOCK-031",
  "selected": 0,
  "smokes": [],
  "sounds": [
    {
      "age": 1.899999999999998,
      "id": 1,
      "intensity": 1.15,
      "owner": "player",
      "ttl": 2.4,
      "type": "footstep",
      "x": 3.5,
      "y": 14.980000000000004
    },
    {
      "age": 0.4833333333333333,
      "id": 2,
      "intensity": 2.5,
      "owner": "player",
      "ttl": 2.4,
      "type": "terminal",
      "x": 3.5,
      "y": 14.5
    }
  ],
  "storageOK": true,
  "terminals": [
    {
      "name": "Access terminal",
      "type": "badge",
      "used": true,
      "x": 3.5,
      "y": 14.5
    },
    {
      "name": "Security terminal",
      "type": "security",
      "used": false,
      "x": 10.5,
      "y": 3.5
    }
  ],
  "time": 2.533333333333329,
  "touchDirections": [],
  "view": {
    "height": 369,
    "scale": 25,
    "width": 364,
    "x": 18,
    "y": -124
  }
}

$ agent-browser --session blackline eval BLACKLINE.snapshot()
{
  "action": null,
  "alarms": 0,
  "alert": 0,
  "audio": {
    "activeNodes": 0,
    "effects": 0.65,
    "enabled": true,
    "master": 0.5,
    "state": "running"
  },
  "cameras": [
    {
      "angle": 2.7068800192080458,
      "base": 3.141592653589793,
      "disabled": 0,
      "phase": 3.3152712425217032,
      "seeing": false,
      "suspicion": 0,
      "x": 22.9,
      "y": 9.5
    },
    {
      "angle": 2.410852156785824,
      "base": 2.2,
      "disabled": 0,
      "phase": 1.601427550893277,
      "seeing": false,
      "suspicion": 0,
      "x": 22.5,
      "y": 2.5
    }
  ],
  "charges": [
    5,
    4,
    3
  ],
  "cooldown": 0,
  "detections": 0,
  "diagnostics": {
    "collision": false,
    "memory": false,
    "navigation": false,
    "perception": false,
    "sound": false,
    "timing": false
  },
  "difficulty": "ghost",
  "doors": [
    {
      "anim": 0,
      "id": 0,
      "locked": false,
      "open": false,
      "x": 5,
      "y": 7
    },
    {
      "anim": 0,
      "id": 1,
      "locked": false,
      "open": false,
      "x": 11,
      "y": 7
    },
    {
      "anim": 0,
      "id": 2,
      "locked": false,
      "open": false,
      "x": 20,
      "y": 7
    },
    {
      "anim": 0,
      "id": 3,
      "locked": false,
      "open": false,
      "x": 3,
      "y": 11
    },
    {
      "anim": 0,
      "id": 4,
      "locked": false,
      "open": false,
      "x": 11,
      "y": 11
    },
    {
      "anim": 0,
      "id": 5,
      "locked": false,
      "open": false,
      "x": 21,
      "y": 11
    }
  ],
  "events": [
    {
      "t": 0,
      "text": "Operation underway.",
      "type": "start"
    },
    {
      "t": 0.85,
      "text": "Connecting to terminal. Hold position.",
      "type": "action"
    },
    {
      "t": 2.05,
      "text": "Access badge cloned. All locks authorized.",
      "type": "terminal",
      "x": 3.5,
      "y": 14.5
    },
    {
      "t": 2.05,
      "text": "terminal: noise 2.5",
      "type": "sound",
      "x": 3.5,
      "y": 14.5
    },
    {
      "t": 2.45,
      "text": "G01 · idle / observing",
      "type": "guard",
      "x": 5.5,
      "y": 5.298
    }
  ],
  "exit": {
    "x": 3.5,
    "y": 15.5
  },
  "fingerprint": "998045ba",
  "fps": 59.685337626780374,
  "frameTime": 0.9000000059604645,
  "guards": [
    {
      "angle": 1.5754994908389668,
      "capture": 0,
      "heardId": 0,
      "id": 1,
      "lastKnown": null,
      "lost": 0,
      "path": [],
      "radio": 0,
      "repath": -0.08333333333333333,
      "route": [
        {
          "x": 5.5,
          "y": 2.5
        },
        {
          "x": 5.5,
          "y": 5.5
        },
        {
          "x": 5.5,
          "y": 9.5
        },
        {
          "x": 9.5,
          "y": 9.5
        },
        {
          "x": 5.5,
          "y": 9.5
        }
      ],
      "searchTime": 0,
      "seeing": false,
      "state": "idle",
      "suspicion": 0,
      "wait": 1.3660353193680448,
      "wp": 2,
      "x": 5.5,
      "y": 5.298333333333347
    },
    {
      "angle": 3.141592653589793,
      "capture": 0,
      "heardId": 0,
      "id": 2,
      "lastKnown": null,
      "lost": 0,
      "path": [
        {
          "x": 11.5,
          "y": 9.5
        }
      ],
      "radio": 0,
      "repath": 0.4833333333333332,
      "route": [
        {
          "x": 11.5,
          "y": 2.5
        },
        {
          "x": 11.5,
          "y": 5.5
        },
        {
          "x": 11.5,
          "y": 9.5
        },
        {
          "x": 15.5,
          "y": 9.5
        },
        {
          "x": 11.5,
          "y": 9.5
        }
      ],
      "searchTime": 0,
      "seeing": false,
      "state": "patrol",
      "suspicion": 0,
      "wait": 0,
      "wp": 4,
      "x": 12.586666666666616,
      "y": 9.5
    }
  ],
  "historyCount": 2,
  "keys": [],
  "objective": {
    "collected": false,
    "x": 5.5,
    "y": 3.5
  },
  "paused": true,
  "phase": "active",
  "player": {
    "angle": 3.141592653589793,
    "exposure": 0,
    "health": 100,
    "key": true,
    "noise": 0.5666666666666655,
    "objective": false,
    "path": [],
    "run": false,
    "x": 4.279999999999999,
    "y": 15.543333333333331
  },
  "preset": "dockside",
  "replay": null,
  "result": null,
  "securityOff": false,
  "seed": "DOCK-031",
  "selected": 0,
  "smokes": [],
  "sounds": [
    {
      "age": 1.899999999999998,
      "id": 1,
      "intensity": 1.15,
      "owner": "player",
      "ttl": 2.4,
      "type": "footstep",
      "x": 3.5,
      "y": 14.980000000000004
    },
    {
      "age": 0.4833333333333333,
      "id": 2,
      "intensity": 2.5,
      "owner": "player",
      "ttl": 2.4,
      "type": "terminal",
      "x": 3.5,
      "y": 14.5
    }
  ],
  "storageOK": true,
  "terminals": [
    {
      "name": "Access terminal",
      "type": "badge",
      "used": true,
      "x": 3.5,
      "y": 14.5
    },
    {
      "name": "Security terminal",
      "type": "security",
      "used": false,
      "x": 10.5,
      "y": 3.5
    }
  ],
  "time": 2.533333333333329,
  "touchDirections": [],
  "view": {
    "height": 369,
    "scale": 25,
    "width": 364,
    "x": 18,
    "y": -124
  }
}

$ agent-browser --session blackline eval ({width:innerWidth,scrollWidth:document.documentElement.scrollWidth,scrollY})
{
  "scrollWidth": 390,
  "scrollY": 0,
  "width": 390
}

$ agent-browser --session blackline set viewport 1280 800
✓ Done

$ agent-browser --session blackline find role button click --name 'Restart mission'
✓ Done

$ agent-browser --session blackline find role button click --name 'Restart now'
✓ Done

$ agent-browser --session blackline press e
✓ Done

$ agent-browser --session blackline wait --fn BLACKLINE.snapshot().player.key
true

$ agent-browser --session blackline keydown ArrowUp
✓ Done

$ agent-browser --session blackline wait --fn BLACKLINE.snapshot().player.y<12.55
true

$ agent-browser --session blackline keyup ArrowUp
✓ Done

$ agent-browser --session blackline press e
✓ Done

$ agent-browser --session blackline keydown Shift
✓ Done

$ agent-browser --session blackline eval '(()=>{const s=BLACKLINE.snapshot(),r=document.getElementById("game").getBoundingClientRect();return {x:r.x,y:r.y,v:s.view}})()'
{
  "v": {
    "height": 475,
    "scale": 22.526315789473685,
    "width": 918,
    "x": 177.42105263157896,
    "y": 23.5
  },
  "x": 35,
  "y": 222
}

$ agent-browser --session blackline mouse move 652 482
✓ Done

$ agent-browser --session blackline mouse down left
✓ Done

$ agent-browser --session blackline mouse up left
✓ Done

$ agent-browser --session blackline wait --fn Math.hypot(BLACKLINE.snapshot().player.x-19.5,BLACKLINE.snapshot().player.y-10.5)<0.2
true

$ agent-browser --session blackline keyup Shift
✓ Done

$ agent-browser --session blackline wait --fn BLACKLINE.snapshot().cameras.some(c=>c.seeing)
true

$ agent-browser --session blackline eval BLACKLINE.snapshot()
{
  "action": null,
  "alarms": 1,
  "alert": 99.08999999999992,
  "audio": {
    "activeNodes": 0,
    "effects": 0.65,
    "enabled": true,
    "master": 0.5,
    "state": "running"
  },
  "cameras": [
    {
      "angle": 3.0363136393721435,
      "base": 3.141592653589793,
      "disabled": 0,
      "phase": 3.3152712425217032,
      "seeing": true,
      "suspicion": 0.3688999999999998,
      "x": 22.9,
      "y": 9.5
    },
    {
      "angle": 1.7717917408668509,
      "base": 2.2,
      "disabled": 0,
      "phase": 1.601427550893277,
      "seeing": false,
      "suspicion": 0,
      "x": 22.5,
      "y": 2.5
    }
  ],
  "charges": [
    5,
    4,
    3
  ],
  "cooldown": 0,
  "detections": 1,
  "diagnostics": {
    "collision": false,
    "memory": false,
    "navigation": false,
    "perception": false,
    "sound": false,
    "timing": false
  },
  "difficulty": "ghost",
  "doors": [
    {
      "anim": 0.9999999879253266,
      "id": 0,
      "locked": false,
      "open": true,
      "x": 5,
      "y": 7
    },
    {
      "anim": 0,
      "id": 1,
      "locked": false,
      "open": false,
      "x": 11,
      "y": 7
    },
    {
      "anim": 0,
      "id": 2,
      "locked": false,
      "open": false,
      "x": 20,
      "y": 7
    },
    {
      "anim": 0.9999999999999998,
      "id": 3,
      "locked": false,
      "open": true,
      "x": 3,
      "y": 11
    },
    {
      "anim": 0,
      "id": 4,
      "locked": false,
      "open": false,
      "x": 11,
      "y": 11
    },
    {
      "anim": 0,
      "id": 5,
      "locked": false,
      "open": false,
      "x": 21,
      "y": 11
    }
  ],
  "events": [
    {
      "t": 0,
      "text": "Operation underway.",
      "type": "start"
    },
    {
      "t": 0.017,
      "text": "Connecting to terminal. Hold position.",
      "type": "action"
    },
    {
      "t": 1.217,
      "text": "Access badge cloned. All locks authorized.",
      "type": "terminal",
      "x": 3.5,
      "y": 14.5
    },
    {
      "t": 1.217,
      "text": "terminal: noise 2.5",
      "type": "sound",
      "x": 3.5,
      "y": 14.5
    },
    {
      "t": 2.433,
      "text": "door: noise 3.0",
      "type": "sound",
      "x": 3.5,
      "y": 11.5
    },
    {
      "t": 2.433,
      "text": "Door opened.",
      "type": "door",
      "x": 3.5,
      "y": 11.5
    },
    {
      "t": 2.45,
      "text": "G01 · idle / observing",
      "type": "guard",
      "x": 5.5,
      "y": 5.298
    },
    {
      "t": 3.317,
      "text": "G02 · idle / observing",
      "type": "guard",
      "x": 11.705,
      "y": 9.5
    },
    {
      "t": 3.583,
      "text": "G02 · suspicious / movement seen",
      "type": "guard",
      "x": 11.705,
      "y": 9.5
    },
    {
      "t": 3.9,
      "text": "G01 · patrol",
      "type": "guard",
      "x": 5.5,
      "y": 5.298
    },
    {
      "t": 4.667,
      "text": "G02 · pursuit / visual contact",
      "type": "guard",
      "x": 11.705,
      "y": 9.5
    },
    {
      "t": 4.667,
      "text": "Alarm broadcast · guard 2",
      "type": "alarm",
      "x": 11.448,
      "y": 10.5
    },
    {
      "t": 4.85,
      "text": "guard door: noise 2.0",
      "type": "sound",
      "x": 5.5,
      "y": 7.5
    },
    {
      "t": 5.567,
      "text": "G01 · investigate / radio report",
      "type": "guard",
      "x": 5.5,
      "y": 7.196
    },
    {
      "t": 6.183,
      "text": "G02 · search / contact lost",
      "type": "guard",
      "x": 11.504,
      "y": 10.413
    },
    {
      "t": 6.183,
      "text": "G02 · investigate / footstep heard",
      "type": "guard",
      "x": 11.504,
      "y": 10.413
    },
    {
      "t": 6.183,
      "text": "G02 investigating footstep",
      "type": "heard",
      "x": 12.123,
      "y": 10.5
    },
    {
      "t": 6.2,
      "text": "G02 investigating footstep",
      "type": "heard",
      "x": 13.623,
      "y": 10.5
    }
  ],
  "exit": {
    "x": 3.5,
    "y": 15.5
  },
  "fingerprint": "998045ba",
  "fps": 59.994186736748894,
  "frameTime": 0.699999988079071,
  "guards": [
    {
      "angle": 0.874183232905948,
      "capture": 0,
      "heardId": 0,
      "id": 1,
      "lastKnown": {
        "x": 11.448368243751272,
        "y": 10.5000000000297
      },
      "lost": 0,
      "path": [
        {
          "x": 6.5,
          "y": 8.5
        },
        {
          "x": 7.5,
          "y": 8.5
        },
        {
          "x": 8.5,
          "y": 8.5
        },
        {
          "x": 9.5,
          "y": 8.5
        },
        {
          "x": 10.5,
          "y": 8.5
        },
        {
          "x": 11.5,
          "y": 8.5
        },
        {
          "x": 11.5,
          "y": 9.5
        },
        {
          "x": 11.5,
          "y": 10.5
        }
      ],
      "radio": 0,
      "repath": 0.2083333333333333,
      "route": [
        {
          "x": 5.5,
          "y": 2.5
        },
        {
          "x": 5.5,
          "y": 5.5
        },
        {
          "x": 5.5,
          "y": 9.5
        },
        {
          "x": 9.5,
          "y": 9.5
        },
        {
          "x": 5.5,
          "y": 9.5
        }
      ],
      "searchTime": 9,
      "seeing": false,
      "state": "investigate",
      "suspicion": 0,
      "wait": -0.0006313472986220828,
      "wp": 2,
      "x": 5.587600105222933,
      "y": 8.396062445320018
    },
    {
      "angle": 0.14433453587962297,
      "capture": 0,
      "heardId": 13,
      "id": 2,
      "lastKnown": {
        "x": 13.623368243751251,
        "y": 10.500000000000162
      },
      "lost": 1.4166666666666663,
      "path": [
        {
          "x": 12.5,
          "y": 10.5
        }
      ],
      "radio": 0,
      "repath": 0.26666666666666655,
      "route": [
        {
          "x": 11.5,
          "y": 2.5
        },
        {
          "x": 11.5,
          "y": 5.5
        },
        {
          "x": 11.5,
          "y": 9.5
        },
        {
          "x": 15.5,
          "y": 9.5
        },
        {
          "x": 11.5,
          "y": 9.5
        }
      ],
      "searchTime": 6,
      "seeing": false,
      "state": "investigate",
      "suspicion": 0.5450000000000035,
      "wait": 0.7972201293334359,
      "wp": 0,
      "x": 11.965143134469548,
      "y": 10.453403910896506
    }
  ],
  "historyCount": 2,
  "keys": [],
  "objective": {
    "collected": false,
    "x": 5.5,
    "y": 3.5
  },
  "paused": false,
  "phase": "active",
  "player": {
    "angle": 0,
    "exposure": 0.3688999999999998,
    "health": 100,
    "key": true,
    "noise": 5.0333333333333385,
    "objective": false,
    "path": [],
    "run": false,
    "x": 19.398368243751197,
    "y": 10.5
  },
  "preset": "dockside",
  "replay": null,
  "result": null,
  "securityOff": false,
  "seed": "DOCK-031",
  "selected": 0,
  "smokes": [],
  "sounds": [
    {
      "age": 2.366666666666663,
      "id": 9,
      "intensity": 6.5,
      "owner": "player",
      "ttl": 2.4,
      "type": "footstep",
      "x": 9.123368243751294,
      "y": 10.500000032994333
    },
    {
      "age": 2.033333333333331,
      "id": 10,
      "intensity": 6.5,
      "owner": "player",
      "ttl": 2.4,
      "type": "footstep",
      "x": 10.62336824375128,
      "y": 10.500000000504285
    },
    {
      "age": 1.6999999999999988,
      "id": 11,
      "intensity": 6.5,
      "owner": "player",
      "ttl": 2.4,
      "type": "footstep",
      "x": 12.123368243751266,
      "y": 10.500000000010637
    },
    {
      "age": 1.6666666666666656,
      "id": 12,
      "intensity": 2,
      "owner": "guard",
      "ttl": 2.4,
      "type": "guard door",
      "x": 5.5,
      "y": 7.5
    },
    {
      "age": 1.3666666666666667,
      "id": 13,
      "intensity": 6.5,
      "owner": "player",
      "ttl": 2.4,
      "type": "footstep",
      "x": 13.623368243751251,
      "y": 10.500000000000162
    },
    {
      "age": 1.0333333333333343,
      "id": 14,
      "intensity": 6.5,
      "owner": "player",
      "ttl": 2.4,
      "type": "footstep",
      "x": 15.123368243751235,
      "y": 10.500000000000004
    },
    {
      "age": 0.7000000000000005,
      "id": 15,
      "intensity": 6.5,
      "owner": "player",
      "ttl": 2.4,
      "type": "footstep",
      "x": 16.623368243751223,
      "y": 10.500000000000002
    },
    {
      "age": 0.36666666666666664,
      "id": 16,
      "intensity": 6.5,
      "owner": "player",
      "ttl": 2.4,
      "type": "footstep",
      "x": 18.12336824375121,
      "y": 10.5
    }
  ],
  "storageOK": true,
  "terminals": [
    {
      "name": "Access terminal",
      "type": "badge",
      "used": true,
      "x": 3.5,
      "y": 14.5
    },
    {
      "name": "Security terminal",
      "type": "security",
      "used": false,
      "x": 10.5,
      "y": 3.5
    }
  ],
  "time": 6.516666666666649,
  "touchDirections": [],
  "view": {
    "height": 475,
    "scale": 22.526315789473685,
    "width": 918,
    "x": 177.42105263157896,
    "y": 23.5
  }
}

$ agent-browser --session blackline press 3
✓ Done

$ agent-browser --session blackline press q
✓ Done

$ agent-browser --session blackline wait --fn BLACKLINE.snapshot().cameras.some(c=>c.disabled>10)
true

$ agent-browser --session blackline eval BLACKLINE.snapshot()
{
  "action": null,
  "alarms": 1,
  "alert": 99.0466666666666,
  "audio": {
    "activeNodes": 0,
    "effects": 0.65,
    "enabled": true,
    "master": 0.5,
    "state": "running"
  },
  "cameras": [
    {
      "angle": 3.0394507265775337,
      "base": 3.141592653589793,
      "disabled": 12,
      "phase": 3.3152712425217032,
      "seeing": true,
      "suspicion": 0.37768333333333304,
      "x": 22.9,
      "y": 9.5
    },
    {
      "angle": 1.770625956425348,
      "base": 2.2,
      "disabled": 0,
      "phase": 1.601427550893277,
      "seeing": false,
      "suspicion": 0,
      "x": 22.5,
      "y": 2.5
    }
  ],
  "charges": [
    5,
    4,
    2
  ],
  "cooldown": 1.1,
  "detections": 1,
  "diagnostics": {
    "collision": false,
    "memory": false,
    "navigation": false,
    "perception": false,
    "sound": false,
    "timing": false
  },
  "difficulty": "ghost",
  "doors": [
    {
      "anim": 0.9999999899377722,
      "id": 0,
      "locked": false,
      "open": true,
      "x": 5,
      "y": 7
    },
    {
      "anim": 0,
      "id": 1,
      "locked": false,
      "open": false,
      "x": 11,
      "y": 7
    },
    {
      "anim": 0,
      "id": 2,
      "locked": false,
      "open": true,
      "x": 20,
      "y": 7
    },
    {
      "anim": 0.9999999999999998,
      "id": 3,
      "locked": false,
      "open": true,
      "x": 3,
      "y": 11
    },
    {
      "anim": 0,
      "id": 4,
      "locked": false,
      "open": false,
      "x": 11,
      "y": 11
    },
    {
      "anim": 0,
      "id": 5,
      "locked": false,
      "open": true,
      "x": 21,
      "y": 11
    }
  ],
  "events": [
    {
      "t": 0,
      "text": "Operation underway.",
      "type": "start"
    },
    {
      "t": 0.017,
      "text": "Connecting to terminal. Hold position.",
      "type": "action"
    },
    {
      "t": 1.217,
      "text": "Access badge cloned. All locks authorized.",
      "type": "terminal",
      "x": 3.5,
      "y": 14.5
    },
    {
      "t": 1.217,
      "text": "terminal: noise 2.5",
      "type": "sound",
      "x": 3.5,
      "y": 14.5
    },
    {
      "t": 2.433,
      "text": "door: noise 3.0",
      "type": "sound",
      "x": 3.5,
      "y": 11.5
    },
    {
      "t": 2.433,
      "text": "Door opened.",
      "type": "door",
      "x": 3.5,
      "y": 11.5
    },
    {
      "t": 2.45,
      "text": "G01 · idle / observing",
      "type": "guard",
      "x": 5.5,
      "y": 5.298
    },
    {
      "t": 3.317,
      "text": "G02 · idle / observing",
      "type": "guard",
      "x": 11.705,
      "y": 9.5
    },
    {
      "t": 3.583,
      "text": "G02 · suspicious / movement seen",
      "type": "guard",
      "x": 11.705,
      "y": 9.5
    },
    {
      "t": 3.9,
      "text": "G01 · patrol",
      "type": "guard",
      "x": 5.5,
      "y": 5.298
    },
    {
      "t": 4.667,
      "text": "G02 · pursuit / visual contact",
      "type": "guard",
      "x": 11.705,
      "y": 9.5
    },
    {
      "t": 4.667,
      "text": "Alarm broadcast · guard 2",
      "type": "alarm",
      "x": 11.448,
      "y": 10.5
    },
    {
      "t": 4.85,
      "text": "guard door: noise 2.0",
      "type": "sound",
      "x": 5.5,
      "y": 7.5
    },
    {
      "t": 5.567,
      "text": "G01 · investigate / radio report",
      "type": "guard",
      "x": 5.5,
      "y": 7.196
    },
    {
      "t": 6.183,
      "text": "G02 · search / contact lost",
      "type": "guard",
      "x": 11.504,
      "y": 10.413
    },
    {
      "t": 6.183,
      "text": "G02 · investigate / footstep heard",
      "type": "guard",
      "x": 11.504,
      "y": 10.413
    },
    {
      "t": 6.183,
      "text": "G02 investigating footstep",
      "type": "heard",
      "x": 12.123,
      "y": 10.5
    },
    {
      "t": 6.2,
      "text": "G02 investigating footstep",
      "type": "heard",
      "x": 13.623,
      "y": 10.5
    },
    {
      "t": 6.533,
      "text": "EMP pulse. Nearby security disabled for 12 seconds.",
      "type": "gadget",
      "x": 19.514,
      "y": 10.499
    },
    {
      "t": 6.533,
      "text": "EMP: noise 6.0",
      "type": "sound",
      "x": 19.398,
      "y": 10.5
    }
  ],
  "exit": {
    "x": 3.5,
    "y": 15.5
  },
  "fingerprint": "998045ba",
  "fps": 60.00405782149073,
  "frameTime": 0.7000000178813934,
  "guards": [
    {
      "angle": 0.7600699033362379,
      "capture": 0,
      "heardId": 0,
      "id": 1,
      "lastKnown": {
        "x": 11.448368243751272,
        "y": 10.5000000000297
      },
      "lost": 0,
      "path": [
        {
          "x": 6.5,
          "y": 8.5
        },
        {
          "x": 7.5,
          "y": 8.5
        },
        {
          "x": 8.5,
          "y": 8.5
        },
        {
          "x": 9.5,
          "y": 8.5
        },
        {
          "x": 10.5,
          "y": 8.5
        },
        {
          "x": 11.5,
          "y": 8.5
        },
        {
          "x": 11.5,
          "y": 9.5
        },
        {
          "x": 11.5,
          "y": 10.5
        }
      ],
      "radio": 0,
      "repath": 0.1916666666666666,
      "route": [
        {
          "x": 5.5,
          "y": 2.5
        },
        {
          "x": 5.5,
          "y": 5.5
        },
        {
          "x": 5.5,
          "y": 9.5
        },
        {
          "x": 9.5,
          "y": 9.5
        },
        {
          "x": 5.5,
          "y": 9.5
        }
      ],
      "searchTime": 9,
      "seeing": false,
      "state": "investigate",
      "suspicion": 0,
      "wait": -0.0006313472986220828,
      "wp": 2,
      "x": 5.609500131528666,
      "y": 8.39855722331668
    },
    {
      "angle": 0.13571926524697236,
      "capture": 0,
      "heardId": 13,
      "id": 2,
      "lastKnown": {
        "x": 13.623368243751251,
        "y": 10.500000000000162
      },
      "lost": 1.4166666666666663,
      "path": [
        {
          "x": 12.5,
          "y": 10.5
        }
      ],
      "radio": 0,
      "repath": 0.2499999999999999,
      "route": [
        {
          "x": 11.5,
          "y": 2.5
        },
        {
          "x": 11.5,
          "y": 5.5
        },
        {
          "x": 11.5,
          "y": 9.5
        },
        {
          "x": 15.5,
          "y": 9.5
        },
        {
          "x": 11.5,
          "y": 9.5
        }
      ],
      "searchTime": 6,
      "seeing": false,
      "state": "investigate",
      "suspicion": 0.5406666666666702,
      "wait": 0.7972201293334359,
      "wp": 0,
      "x": 11.987101629612408,
      "y": 10.45531690867628
    }
  ],
  "historyCount": 2,
  "keys": [],
  "objective": {
    "collected": false,
    "x": 5.5,
    "y": 3.5
  },
  "paused": false,
  "phase": "active",
  "player": {
    "angle": 0,
    "exposure": 0.37768333333333304,
    "health": 100,
    "key": true,
    "noise": 6,
    "objective": false,
    "path": [],
    "run": false,
    "x": 19.398368243751197,
    "y": 10.5
  },
  "preset": "dockside",
  "replay": null,
  "result": null,
  "securityOff": false,
  "seed": "DOCK-031",
  "selected": 2,
  "smokes": [],
  "sounds": [
    {
      "age": 2.3833333333333298,
      "id": 9,
      "intensity": 6.5,
      "owner": "player",
      "ttl": 2.4,
      "type": "footstep",
      "x": 9.123368243751294,
      "y": 10.500000032994333
    },
    {
      "age": 2.0499999999999976,
      "id": 10,
      "intensity": 6.5,
      "owner": "player",
      "ttl": 2.4,
      "type": "footstep",
      "x": 10.62336824375128,
      "y": 10.500000000504285
    },
    {
      "age": 1.7166666666666657,
      "id": 11,
      "intensity": 6.5,
      "owner": "player",
      "ttl": 2.4,
      "type": "footstep",
      "x": 12.123368243751266,
      "y": 10.500000000010637
    },
    {
      "age": 1.6833333333333322,
      "id": 12,
      "intensity": 2,
      "owner": "guard",
      "ttl": 2.4,
      "type": "guard door",
      "x": 5.5,
      "y": 7.5
    },
    {
      "age": 1.3833333333333333,
      "id": 13,
      "intensity": 6.5,
      "owner": "player",
      "ttl": 2.4,
      "type": "footstep",
      "x": 13.623368243751251,
      "y": 10.500000000000162
    },
    {
      "age": 1.0500000000000012,
      "id": 14,
      "intensity": 6.5,
      "owner": "player",
      "ttl": 2.4,
      "type": "footstep",
      "x": 15.123368243751235,
      "y": 10.500000000000004
    },
    {
      "age": 0.7166666666666672,
      "id": 15,
      "intensity": 6.5,
      "owner": "player",
      "ttl": 2.4,
      "type": "footstep",
      "x": 16.623368243751223,
      "y": 10.500000000000002
    },
    {
      "age": 0.3833333333333333,
      "id": 16,
      "intensity": 6.5,
      "owner": "player",
      "ttl": 2.4,
      "type": "footstep",
      "x": 18.12336824375121,
      "y": 10.5
    },
    {
      "age": 0,
      "id": 17,
      "intensity": 6,
      "owner": "player",
      "ttl": 2.4,
      "type": "EMP",
      "x": 19.398368243751197,
      "y": 10.5
    }
  ],
  "storageOK": true,
  "terminals": [
    {
      "name": "Access terminal",
      "type": "badge",
      "used": true,
      "x": 3.5,
      "y": 14.5
    },
    {
      "name": "Security terminal",
      "type": "security",
      "used": false,
      "x": 10.5,
      "y": 3.5
    }
  ],
  "time": 6.5333333333333155,
  "touchDirections": [],
  "view": {
    "height": 475,
    "scale": 22.526315789473685,
    "width": 918,
    "x": 177.42105263157896,
    "y": 23.5
  }
}

$ agent-browser --session blackline screenshot /home/pyro/projects/naked/astra/bench/10-stealth-heist/evidence/screenshots/18-emp-camera.png
✓ Screenshot saved to /home/pyro/projects/naked/astra/bench/10-stealth-heist/evidence/screenshots/18-emp-camera.png

$ agent-browser --session blackline keydown Shift
✓ Done

$ agent-browser --session blackline eval '(()=>{const s=BLACKLINE.snapshot(),r=document.getElementById("game").getBoundingClientRect();return {x:r.x,y:r.y,v:s.view}})()'
{
  "v": {
    "height": 475,
    "scale": 22.526315789473685,
    "width": 918,
    "x": 177.42105263157896,
    "y": 23.5
  },
  "x": 35,
  "y": 222
}

$ agent-browser --session blackline mouse move 471 437
✓ Done

$ agent-browser --session blackline mouse down left
✓ Done

$ agent-browser --session blackline mouse up left
✓ Done

$ agent-browser --session blackline wait --fn Math.hypot(BLACKLINE.snapshot().player.x-11.5,BLACKLINE.snapshot().player.y-8.5)<0.2
true

$ agent-browser --session blackline keyup Shift
✓ Done

$ agent-browser --session blackline eval BLACKLINE.snapshot()
{
  "action": null,
  "alarms": 1,
  "alert": 100,
  "audio": {
    "activeNodes": 0,
    "effects": 0.65,
    "enabled": true,
    "master": 0.5,
    "state": "running"
  },
  "cameras": [
    {
      "angle": 3.4664346657468497,
      "base": 3.141592653589793,
      "disabled": 9.59999999999988,
      "phase": 3.3152712425217032,
      "seeing": false,
      "suspicion": 0,
      "x": 22.9,
      "y": 9.5
    },
    {
      "angle": 1.8313214559132271,
      "base": 2.2,
      "disabled": 0,
      "phase": 1.601427550893277,
      "seeing": false,
      "suspicion": 0,
      "x": 22.5,
      "y": 2.5
    }
  ],
  "charges": [
    5,
    4,
    2
  ],
  "cooldown": 0,
  "detections": 2,
  "diagnostics": {
    "collision": false,
    "memory": false,
    "navigation": false,
    "perception": false,
    "sound": false,
    "timing": false
  },
  "difficulty": "ghost",
  "doors": [
    {
      "anim": 0.9999999999999998,
      "id": 0,
      "locked": false,
      "open": true,
      "x": 5,
      "y": 7
    },
    {
      "anim": 0,
      "id": 1,
      "locked": false,
      "open": false,
      "x": 11,
      "y": 7
    },
    {
      "anim": 0.999999999996038,
      "id": 2,
      "locked": false,
      "open": true,
      "x": 20,
      "y": 7
    },
    {
      "anim": 0.9999999999999998,
      "id": 3,
      "locked": false,
      "open": true,
      "x": 3,
      "y": 11
    },
    {
      "anim": 0,
      "id": 4,
      "locked": false,
      "open": false,
      "x": 11,
      "y": 11
    },
    {
      "anim": 0.999999999996038,
      "id": 5,
      "locked": false,
      "open": true,
      "x": 21,
      "y": 11
    }
  ],
  "events": [
    {
      "t": 0,
      "text": "Operation underway.",
      "type": "start"
    },
    {
      "t": 0.017,
      "text": "Connecting to terminal. Hold position.",
      "type": "action"
    },
    {
      "t": 1.217,
      "text": "Access badge cloned. All locks authorized.",
      "type": "terminal",
      "x": 3.5,
      "y": 14.5
    },
    {
      "t": 1.217,
      "text": "terminal: noise 2.5",
      "type": "sound",
      "x": 3.5,
      "y": 14.5
    },
    {
      "t": 2.433,
      "text": "door: noise 3.0",
      "type": "sound",
      "x": 3.5,
      "y": 11.5
    },
    {
      "t": 2.433,
      "text": "Door opened.",
      "type": "door",
      "x": 3.5,
      "y": 11.5
    },
    {
      "t": 2.45,
      "text": "G01 · idle / observing",
      "type": "guard",
      "x": 5.5,
      "y": 5.298
    },
    {
      "t": 3.317,
      "text": "G02 · idle / observing",
      "type": "guard",
      "x": 11.705,
      "y": 9.5
    },
    {
      "t": 3.583,
      "text": "G02 · suspicious / movement seen",
      "type": "guard",
      "x": 11.705,
      "y": 9.5
    },
    {
      "t": 3.9,
      "text": "G01 · patrol",
      "type": "guard",
      "x": 5.5,
      "y": 5.298
    },
    {
      "t": 4.667,
      "text": "G02 · pursuit / visual contact",
      "type": "guard",
      "x": 11.705,
      "y": 9.5
    },
    {
      "t": 4.667,
      "text": "Alarm broadcast · guard 2",
      "type": "alarm",
      "x": 11.448,
      "y": 10.5
    },
    {
      "t": 4.85,
      "text": "guard door: noise 2.0",
      "type": "sound",
      "x": 5.5,
      "y": 7.5
    },
    {
      "t": 5.567,
      "text": "G01 · investigate / radio report",
      "type": "guard",
      "x": 5.5,
      "y": 7.196
    },
    {
      "t": 6.183,
      "text": "G02 · search / contact lost",
      "type": "guard",
      "x": 11.504,
      "y": 10.413
    },
    {
      "t": 6.183,
      "text": "G02 · investigate / footstep heard",
      "type": "guard",
      "x": 11.504,
      "y": 10.413
    },
    {
      "t": 6.183,
      "text": "G02 investigating footstep",
      "type": "heard",
      "x": 12.123,
      "y": 10.5
    },
    {
      "t": 6.2,
      "text": "G02 investigating footstep",
      "type": "heard",
      "x": 13.623,
      "y": 10.5
    },
    {
      "t": 6.533,
      "text": "EMP pulse. Nearby security disabled for 12 seconds.",
      "type": "gadget",
      "x": 19.514,
      "y": 10.499
    },
    {
      "t": 6.533,
      "text": "EMP: noise 6.0",
      "type": "sound",
      "x": 19.398,
      "y": 10.5
    },
    {
      "t": 6.9,
      "text": "G02 · suspicious / movement seen",
      "type": "guard",
      "x": 12.449,
      "y": 10.484
    },
    {
      "t": 7.633,
      "text": "G02 · pursuit / visual contact",
      "type": "guard",
      "x": 12.449,
      "y": 10.484
    },
    {
      "t": 8.05,
      "text": "G01 · suspicious / movement seen",
      "type": "guard",
      "x": 7.588,
      "y": 8.499
    },
    {
      "t": 8.683,
      "text": "G01 · investigate / radio report",
      "type": "guard",
      "x": 7.588,
      "y": 8.499
    },
    {
      "t": 8.683,
      "text": "G01 · suspicious / movement seen",
      "type": "guard",
      "x": 7.588,
      "y": 8.499
    }
  ],
  "exit": {
    "x": 3.5,
    "y": 15.5
  },
  "fingerprint": "998045ba",
  "fps": 60.00571718346935,
  "frameTime": 0.5999999940395355,
  "guards": [
    {
      "angle": 0.014186477171907836,
      "capture": 0,
      "heardId": 0,
      "id": 1,
      "lastKnown": {
        "x": 11.500505224950595,
        "y": 8.554368324746651
      },
      "lost": 0,
      "path": [],
      "radio": 0,
      "repath": -0.24999999999999997,
      "route": [
        {
          "x": 5.5,
          "y": 2.5
        },
        {
          "x": 5.5,
          "y": 5.5
        },
        {
          "x": 5.5,
          "y": 9.5
        },
        {
          "x": 9.5,
          "y": 9.5
        },
        {
          "x": 5.5,
          "y": 9.5
        }
      ],
      "searchTime": 9,
      "seeing": true,
      "state": "suspicious",
      "suspicion": 0.6601708333333337,
      "wait": -0.0006313472986220828,
      "wp": 2,
      "x": 7.588212507600009,
      "y": 8.498862949773104
    },
    {
      "angle": 1.747320139324077,
      "capture": 0,
      "heardId": 13,
      "id": 2,
      "lastKnown": {
        "x": 13.473368243751253,
        "y": 10.5
      },
      "lost": 0.8666666666666677,
      "path": [],
      "radio": 0,
      "repath": 0.6000000000000001,
      "route": [
        {
          "x": 11.5,
          "y": 2.5
        },
        {
          "x": 11.5,
          "y": 5.5
        },
        {
          "x": 11.5,
          "y": 9.5
        },
        {
          "x": 15.5,
          "y": 9.5
        },
        {
          "x": 11.5,
          "y": 9.5
        }
      ],
      "searchTime": 6,
      "seeing": false,
      "state": "pursuit",
      "suspicion": 0.7746666666666684,
      "wait": 0.7972201293334359,
      "wp": 0,
      "x": 13.611192584232196,
      "y": 10.49960386278554
    }
  ],
  "historyCount": 2,
  "keys": [],
  "objective": {
    "collected": false,
    "x": 5.5,
    "y": 3.5
  },
  "paused": false,
  "phase": "active",
  "player": {
    "angle": -1.580088693464894,
    "exposure": 0.6601708333333337,
    "health": 100,
    "key": true,
    "noise": 5.966666666666669,
    "objective": false,
    "path": [],
    "run": false,
    "x": 11.500505224950595,
    "y": 8.554368324746651
  },
  "preset": "dockside",
  "replay": null,
  "result": null,
  "securityOff": false,
  "seed": "DOCK-031",
  "selected": 2,
  "smokes": [],
  "sounds": [
    {
      "age": 2.3999999999999964,
      "id": 17,
      "intensity": 6,
      "owner": "player",
      "ttl": 2.4,
      "type": "EMP",
      "x": 19.398368243751197,
      "y": 10.5
    },
    {
      "age": 2.13333333333333,
      "id": 18,
      "intensity": 6.5,
      "owner": "player",
      "ttl": 2.4,
      "type": "footstep",
      "x": 19.1733682437512,
      "y": 10.5
    },
    {
      "age": 1.7999999999999985,
      "id": 19,
      "intensity": 6.5,
      "owner": "player",
      "ttl": 2.4,
      "type": "footstep",
      "x": 17.673368243751213,
      "y": 10.5
    },
    {
      "age": 1.4666666666666663,
      "id": 20,
      "intensity": 6.5,
      "owner": "player",
      "ttl": 2.4,
      "type": "footstep",
      "x": 16.173368243751227,
      "y": 10.5
    },
    {
      "age": 1.1333333333333342,
      "id": 21,
      "intensity": 6.5,
      "owner": "player",
      "ttl": 2.4,
      "type": "footstep",
      "x": 14.67336824375124,
      "y": 10.5
    },
    {
      "age": 0.8000000000000008,
      "id": 22,
      "intensity": 6.5,
      "owner": "player",
      "ttl": 2.4,
      "type": "footstep",
      "x": 13.173368243751256,
      "y": 10.5
    },
    {
      "age": 0.4666666666666666,
      "id": 23,
      "intensity": 6.5,
      "owner": "player",
      "ttl": 2.4,
      "type": "footstep",
      "x": 11.67336824375127,
      "y": 10.5
    },
    {
      "age": 0.13333333333333333,
      "id": 24,
      "intensity": 6.5,
      "owner": "player",
      "ttl": 2.4,
      "type": "footstep",
      "x": 11.505383647244573,
      "y": 9.079345658539191
    }
  ],
  "storageOK": true,
  "terminals": [
    {
      "name": "Access terminal",
      "type": "badge",
      "used": true,
      "x": 3.5,
      "y": 14.5
    },
    {
      "name": "Security terminal",
      "type": "security",
      "used": false,
      "x": 10.5,
      "y": 3.5
    }
  ],
  "time": 8.933333333333357,
  "touchDirections": [],
  "view": {
    "height": 475,
    "scale": 22.526315789473685,
    "width": 918,
    "x": 177.42105263157896,
    "y": 23.5
  }
}

$ agent-browser --session blackline press e
✓ Done

$ agent-browser --session blackline press 2
✓ Done

$ agent-browser --session blackline press q
✓ Done

$ agent-browser --session blackline eval '(()=>{const s=BLACKLINE.snapshot(),r=document.getElementById("game").getBoundingClientRect();return {x:r.x,y:r.y,v:s.view}})()'
{
  "v": {
    "height": 475,
    "scale": 22.526315789473685,
    "width": 918,
    "x": 177.42105263157896,
    "y": 23.5
  },
  "x": 35,
  "y": 222
}

$ agent-browser --session blackline mouse move 449 324
✓ Done

$ agent-browser --session blackline mouse down left
✓ Done

$ agent-browser --session blackline mouse up left
✓ Done

$ agent-browser --session blackline wait --fn Math.hypot(BLACKLINE.snapshot().player.x-10.5,BLACKLINE.snapshot().player.y-3.5)<0.2
true

$ agent-browser --session blackline press e
✓ Done

$ agent-browser --session blackline wait --fn BLACKLINE.snapshot().securityOff
true

$ agent-browser --session blackline eval BLACKLINE.snapshot()
{
  "action": null,
  "alarms": 1,
  "alert": 20,
  "audio": {
    "activeNodes": 1,
    "effects": 0.65,
    "enabled": true,
    "master": 0.5,
    "state": "running"
  },
  "cameras": [
    {
      "angle": 3.4879415736057897,
      "base": 3.141592653589793,
      "disabled": 6.016666666666476,
      "phase": 3.3152712425217032,
      "seeing": false,
      "suspicion": 0,
      "x": 22.9,
      "y": 9.5
    },
    {
      "angle": 2.4502575093410552,
      "base": 2.2,
      "disabled": 0,
      "phase": 1.601427550893277,
      "seeing": false,
      "suspicion": 0,
      "x": 22.5,
      "y": 2.5
    }
  ],
  "charges": [
    5,
    3,
    2
  ],
  "cooldown": 0,
  "detections": 2,
  "diagnostics": {
    "collision": false,
    "memory": false,
    "navigation": false,
    "perception": false,
    "sound": false,
    "timing": false
  },
  "difficulty": "ghost",
  "doors": [
    {
      "anim": 0.9999999999999998,
      "id": 0,
      "locked": false,
      "open": true,
      "x": 5,
      "y": 7
    },
    {
      "anim": 0.9999999999999998,
      "id": 1,
      "locked": false,
      "open": true,
      "x": 11,
      "y": 7
    },
    {
      "anim": 0.9999999999999998,
      "id": 2,
      "locked": false,
      "open": true,
      "x": 20,
      "y": 7
    },
    {
      "anim": 0.9999999999999998,
      "id": 3,
      "locked": false,
      "open": true,
      "x": 3,
      "y": 11
    },
    {
      "anim": 0,
      "id": 4,
      "locked": false,
      "open": false,
      "x": 11,
      "y": 11
    },
    {
      "anim": 0.9999999999999998,
      "id": 5,
      "locked": false,
      "open": true,
      "x": 21,
      "y": 11
    }
  ],
  "events": [
    {
      "t": 0,
      "text": "Operation underway.",
      "type": "start"
    },
    {
      "t": 0.017,
      "text": "Connecting to terminal. Hold position.",
      "type": "action"
    },
    {
      "t": 1.217,
      "text": "Access badge cloned. All locks authorized.",
      "type": "terminal",
      "x": 3.5,
      "y": 14.5
    },
    {
      "t": 1.217,
      "text": "terminal: noise 2.5",
      "type": "sound",
      "x": 3.5,
      "y": 14.5
    },
    {
      "t": 2.433,
      "text": "door: noise 3.0",
      "type": "sound",
      "x": 3.5,
      "y": 11.5
    },
    {
      "t": 2.433,
      "text": "Door opened.",
      "type": "door",
      "x": 3.5,
      "y": 11.5
    },
    {
      "t": 2.45,
      "text": "G01 · idle / observing",
      "type": "guard",
      "x": 5.5,
      "y": 5.298
    },
    {
      "t": 3.317,
      "text": "G02 · idle / observing",
      "type": "guard",
      "x": 11.705,
      "y": 9.5
    },
    {
      "t": 3.583,
      "text": "G02 · suspicious / movement seen",
      "type": "guard",
      "x": 11.705,
      "y": 9.5
    },
    {
      "t": 3.9,
      "text": "G01 · patrol",
      "type": "guard",
      "x": 5.5,
      "y": 5.298
    },
    {
      "t": 4.667,
      "text": "G02 · pursuit / visual contact",
      "type": "guard",
      "x": 11.705,
      "y": 9.5
    },
    {
      "t": 4.667,
      "text": "Alarm broadcast · guard 2",
      "type": "alarm",
      "x": 11.448,
      "y": 10.5
    },
    {
      "t": 4.85,
      "text": "guard door: noise 2.0",
      "type": "sound",
      "x": 5.5,
      "y": 7.5
    },
    {
      "t": 5.567,
      "text": "G01 · investigate / radio report",
      "type": "guard",
      "x": 5.5,
      "y": 7.196
    },
    {
      "t": 6.183,
      "text": "G02 · search / contact lost",
      "type": "guard",
      "x": 11.504,
      "y": 10.413
    },
    {
      "t": 6.183,
      "text": "G02 · investigate / footstep heard",
      "type": "guard",
      "x": 11.504,
      "y": 10.413
    },
    {
      "t": 6.183,
      "text": "G02 investigating footstep",
      "type": "heard",
      "x": 12.123,
      "y": 10.5
    },
    {
      "t": 6.2,
      "text": "G02 investigating footstep",
      "type": "heard",
      "x": 13.623,
      "y": 10.5
    },
    {
      "t": 6.533,
      "text": "EMP pulse. Nearby security disabled for 12 seconds.",
      "type": "gadget",
      "x": 19.514,
      "y": 10.499
    },
    {
      "t": 6.533,
      "text": "EMP: noise 6.0",
      "type": "sound",
      "x": 19.398,
      "y": 10.5
    },
    {
      "t": 6.9,
      "text": "G02 · suspicious / movement seen",
      "type": "guard",
      "x": 12.449,
      "y": 10.484
    },
    {
      "t": 7.633,
      "text": "G02 · pursuit / visual contact",
      "type": "guard",
      "x": 12.449,
      "y": 10.484
    },
    {
      "t": 8.05,
      "text": "G01 · suspicious / movement seen",
      "type": "guard",
      "x": 7.588,
      "y": 8.499
    },
    {
      "t": 8.683,
      "text": "G01 · investigate / radio report",
      "type": "guard",
      "x": 7.588,
      "y": 8.499
    },
    {
      "t": 8.683,
      "text": "G01 · suspicious / movement seen",
      "type": "guard",
      "x": 7.588,
      "y": 8.499
    },
    {
      "t": 8.933,
      "text": "door: noise 3.0",
      "type": "sound",
      "x": 11.5,
      "y": 7.5
    },
    {
      "t": 8.933,
      "text": "Door opened.",
      "type": "door",
      "x": 11.5,
      "y": 7.5
    },
    {
      "t": 8.95,
      "text": "Smoke deployed. Vision blocked for 9 seconds.",
      "type": "gadget",
      "x": 11.501,
      "y": 8.554
    },
    {
      "t": 8.95,
      "text": "smoke: noise 4.0",
      "type": "sound",
      "x": 11.501,
      "y": 8.554
    },
    {
      "t": 8.967,
      "text": "G01 · investigate / last visual position",
      "type": "guard",
      "x": 7.588,
      "y": 8.499
    },
    {
      "t": 8.967,
      "text": "G01 investigating footstep",
      "type": "heard",
      "x": 11.505,
      "y": 9.079
    },
    {
      "t": 9.483,
      "text": "G02 · search / contact lost",
      "type": "guard",
      "x": 13.611,
      "y": 10.5
    },
    {
      "t": 9.483,
      "text": "G02 · investigate / footstep heard",
      "type": "guard",
      "x": 13.611,
      "y": 10.5
    },
    {
      "t": 9.483,
      "text": "G02 investigating footstep",
      "type": "heard",
      "x": 13.173,
      "y": 10.5
    },
    {
      "t": 9.483,
      "text": "G02 · search / at source",
      "type": "guard",
      "x": 13.611,
      "y": 10.5
    },
    {
      "t": 9.5,
      "text": "G02 · investigate / footstep heard",
      "type": "guard",
      "x": 13.627,
      "y": 10.5
    },
    {
      "t": 9.5,
      "text": "G02 investigating footstep",
      "type": "heard",
      "x": 11.505,
      "y": 9.079
    },
    {
      "t": 11.267,
      "text": "Connecting to terminal. Hold position.",
      "type": "action"
    },
    {
      "t": 11.6,
      "text": "G02 · search / at source",
      "type": "guard",
      "x": 11.528,
      "y": 9.734
    },
    {
      "t": 11.867,
      "text": "G01 · search / at source",
      "type": "guard",
      "x": 11.385,
      "y": 8.544
    },
    {
      "t": 12.467,
      "text": "Camera feeds looped. Alarm network offline.",
      "type": "terminal",
      "x": 10.5,
      "y": 3.5
    },
    {
      "t": 12.467,
      "text": "terminal: noise 2.5",
      "type": "sound",
      "x": 10.5,
      "y": 3.5
    }
  ],
  "exit": {
    "x": 3.5,
    "y": 15.5
  },
  "fingerprint": "998045ba",
  "fps": 60.00452865372991,
  "frameTime": 1,
  "guards": [
    {
      "angle": -0.03855575603091815,
      "capture": 0,
      "heardId": 24,
      "id": 1,
      "lastKnown": {
        "x": 11.505383647244573,
        "y": 9.079345658539191
      },
      "lost": 0,
      "path": [
        {
          "x": 12.5,
          "y": 8.5
        },
        {
          "x": 13.5,
          "y": 8.5
        },
        {
          "x": 14.5,
          "y": 8.5
        },
        {
          "x": 14.5,
          "y": 9.5
        }
      ],
      "radio": 0,
      "repath": 0.5083333333333332,
      "route": [
        {
          "x": 5.5,
          "y": 2.5
        },
        {
          "x": 5.5,
          "y": 5.5
        },
        {
          "x": 5.5,
          "y": 9.5
        },
        {
          "x": 9.5,
          "y": 9.5
        },
        {
          "x": 5.5,
          "y": 9.5
        }
      ],
      "searchTarget": {
        "x": 14.5,
        "y": 9.5
      },
      "searchTime": 6.333333333333336,
      "seeing": false,
      "state": "search",
      "suspicion": 0,
      "wait": -0.0006313472986220828,
      "wp": 2,
      "x": 11.997519379808496,
      "y": 8.519717140726268
    },
    {
      "angle": 4.582710811657076,
      "capture": 0,
      "heardId": 24,
      "id": 2,
      "lastKnown": {
        "x": 11.505383647244573,
        "y": 9.079345658539191
      },
      "lost": 1.4166666666666663,
      "path": [
        {
          "x": 11.5,
          "y": 9.5
        },
        {
          "x": 11.5,
          "y": 8.5
        },
        {
          "x": 11.5,
          "y": 7.5
        },
        {
          "x": 11.5,
          "y": 6.5
        },
        {
          "x": 12.5,
          "y": 6.5
        },
        {
          "x": 13.5,
          "y": 6.5
        },
        {
          "x": 14.5,
          "y": 6.5
        }
      ],
      "radio": 0,
      "repath": 0.2833333333333332,
      "route": [
        {
          "x": 11.5,
          "y": 2.5
        },
        {
          "x": 11.5,
          "y": 5.5
        },
        {
          "x": 11.5,
          "y": 9.5
        },
        {
          "x": 15.5,
          "y": 9.5
        },
        {
          "x": 11.5,
          "y": 9.5
        }
      ],
      "searchTarget": {
        "x": 14.5,
        "y": 6.5
      },
      "searchTime": 6.06666666666667,
      "seeing": false,
      "state": "search",
      "suspicion": 0,
      "wait": 0.7972201293334359,
      "wp": 0,
      "x": 11.50482129503807,
      "y": 9.979066713753964
    }
  ],
  "historyCount": 2,
  "keys": [],
  "objective": {
    "collected": false,
    "x": 5.5,
    "y": 3.5
  },
  "paused": false,
  "phase": "active",
  "player": {
    "angle": -1.571653357214774,
    "exposure": 0,
    "health": 100,
    "key": true,
    "noise": 2.2999999999999994,
    "objective": false,
    "path": [],
    "run": false,
    "x": 10.50009479251274,
    "y": 3.6106057466975816
  },
  "preset": "dockside",
  "replay": null,
  "result": null,
  "securityOff": true,
  "seed": "DOCK-031",
  "selected": 1,
  "smokes": [
    {
      "maxTtl": 9,
      "radius": 1.85,
      "ttl": 5.433333333333294,
      "x": 11.500505224950595,
      "y": 8.554368324746651
    }
  ],
  "sounds": [
    {
      "age": 1.8499999999999983,
      "id": 29,
      "intensity": 1.15,
      "owner": "player",
      "ttl": 2.4,
      "type": "footstep",
      "x": 10.504398907511897,
      "y": 4.997256787941882
    },
    {
      "age": 0.05,
      "id": 30,
      "intensity": 2.5,
      "owner": "player",
      "ttl": 2.4,
      "type": "terminal",
      "x": 10.5,
      "y": 3.5
    }
  ],
  "storageOK": true,
  "terminals": [
    {
      "name": "Access terminal",
      "type": "badge",
      "used": true,
      "x": 3.5,
      "y": 14.5
    },
    {
      "name": "Security terminal",
      "type": "security",
      "used": true,
      "x": 10.5,
      "y": 3.5
    }
  ],
  "time": 12.516666666666868,
  "touchDirections": [],
  "view": {
    "height": 475,
    "scale": 22.526315789473685,
    "width": 918,
    "x": 177.42105263157896,
    "y": 23.5
  }
}

$ agent-browser --session blackline press Escape
✓ Done

$ agent-browser --session blackline screenshot /home/pyro/projects/naked/astra/bench/10-stealth-heist/evidence/screenshots/19-security-terminal.png
✓ Screenshot saved to /home/pyro/projects/naked/astra/bench/10-stealth-heist/evidence/screenshots/19-security-terminal.png

$ agent-browser --session blackline find role button click --name 'Resume operation'
✓ Done

$ agent-browser --session blackline wait --fn 'document.querySelector("#securityText").textContent==="FEEDS LOOPED"'
true

$ agent-browser --session blackline screenshot /home/pyro/projects/naked/astra/bench/10-stealth-heist/evidence/screenshots/20-security-offline-active.png
✓ Screenshot saved to /home/pyro/projects/naked/astra/bench/10-stealth-heist/evidence/screenshots/20-security-offline-active.png

$ agent-browser --session blackline press Escape
✓ Done

$ agent-browser --session blackline find role button click --name 'Restart mission'
✓ Done

$ agent-browser --session blackline find role button click --name 'Restart now'
✓ Done

$ agent-browser --session blackline keydown ArrowUp
✓ Done

$ agent-browser --session blackline wait --fn BLACKLINE.snapshot().player.y<12.55
true

$ agent-browser --session blackline keyup ArrowUp
✓ Done

$ agent-browser --session blackline press e
✓ Done

$ agent-browser --session blackline eval '(()=>{const s=BLACKLINE.snapshot(),r=document.getElementById("game").getBoundingClientRect();return {x:r.x,y:r.y,v:s.view}})()'
{
  "v": {
    "height": 475,
    "scale": 22.526315789473685,
    "width": 918,
    "x": 177.42105263157896,
    "y": 23.5
  },
  "x": 35,
  "y": 222
}

$ agent-browser --session blackline mouse move 336 437
✓ Done

$ agent-browser --session blackline mouse down left
✓ Done

$ agent-browser --session blackline mouse up left
✓ Done

$ agent-browser --session blackline wait --fn Math.hypot(BLACKLINE.snapshot().player.x-5.5,BLACKLINE.snapshot().player.y-8.5)<0.2
true

$ agent-browser --session blackline press 2
✓ Done

$ agent-browser --session blackline press q
✓ Done

$ agent-browser --session blackline press e
✓ Done

$ agent-browser --session blackline wait --fn BLACKLINE.snapshot().action?.kind==="bypass"
true

$ agent-browser --session blackline eval BLACKLINE.snapshot()
{
  "action": {
    "duration": 3,
    "kind": "bypass",
    "t": 0.016666666666666666,
    "target": {
      "anim": 0,
      "id": 0,
      "locked": true,
      "open": false,
      "x": 5,
      "y": 7
    }
  },
  "alarms": 0,
  "alert": 0,
  "audio": {
    "activeNodes": 1,
    "effects": 0.65,
    "enabled": true,
    "master": 0.5,
    "state": "running"
  },
  "cameras": [
    {
      "angle": 2.6817238307170395,
      "base": 3.141592653589793,
      "disabled": 0,
      "phase": 3.3152712425217032,
      "seeing": false,
      "suspicion": 0,
      "x": 22.9,
      "y": 9.5
    },
    {
      "angle": 2.2546863053083084,
      "base": 2.2,
      "disabled": 0,
      "phase": 1.601427550893277,
      "seeing": false,
      "suspicion": 0,
      "x": 22.5,
      "y": 2.5
    }
  ],
  "charges": [
    5,
    3,
    3
  ],
  "cooldown": 1.0833333333333337,
  "detections": 0,
  "diagnostics": {
    "collision": false,
    "memory": false,
    "navigation": false,
    "perception": false,
    "sound": false,
    "timing": false
  },
  "difficulty": "ghost",
  "doors": [
    {
      "anim": 0,
      "id": 0,
      "locked": true,
      "open": false,
      "x": 5,
      "y": 7
    },
    {
      "anim": 0,
      "id": 1,
      "locked": false,
      "open": false,
      "x": 11,
      "y": 7
    },
    {
      "anim": 0,
      "id": 2,
      "locked": false,
      "open": false,
      "x": 20,
      "y": 7
    },
    {
      "anim": 0.9999999999754692,
      "id": 3,
      "locked": false,
      "open": true,
      "x": 3,
      "y": 11
    },
    {
      "anim": 0,
      "id": 4,
      "locked": false,
      "open": false,
      "x": 11,
      "y": 11
    },
    {
      "anim": 0,
      "id": 5,
      "locked": false,
      "open": false,
      "x": 21,
      "y": 11
    }
  ],
  "events": [
    {
      "t": 0,
      "text": "Operation underway.",
      "type": "start"
    },
    {
      "t": 1.15,
      "text": "door: noise 3.0",
      "type": "sound",
      "x": 3.5,
      "y": 11.5
    },
    {
      "t": 1.15,
      "text": "Door opened.",
      "type": "door",
      "x": 3.5,
      "y": 11.5
    },
    {
      "t": 2.45,
      "text": "G01 · idle / observing",
      "type": "guard",
      "x": 5.5,
      "y": 5.298
    },
    {
      "t": 3.317,
      "text": "G02 · idle / observing",
      "type": "guard",
      "x": 11.705,
      "y": 9.5
    },
    {
      "t": 3.367,
      "text": "Smoke deployed. Vision blocked for 9 seconds.",
      "type": "gadget",
      "x": 5.499,
      "y": 8.642
    },
    {
      "t": 3.367,
      "text": "smoke: noise 4.0",
      "type": "sound",
      "x": 5.499,
      "y": 8.642
    },
    {
      "t": 3.367,
      "text": "Bypassing lock. Hold your position.",
      "type": "action"
    },
    {
      "t": 3.367,
      "text": "lock bypass: noise 4.5",
      "type": "sound",
      "x": 5.499,
      "y": 8.642
    }
  ],
  "exit": {
    "x": 3.5,
    "y": 15.5
  },
  "fingerprint": "998045ba",
  "fps": 60.00829321124033,
  "frameTime": 1.2000000178813934,
  "guards": [
    {
      "angle": 1.4989062698313098,
      "capture": 0,
      "heardId": 0,
      "id": 1,
      "lastKnown": null,
      "lost": 0,
      "path": [],
      "radio": 0,
      "repath": -0.9333333333333346,
      "route": [
        {
          "x": 5.5,
          "y": 2.5
        },
        {
          "x": 5.5,
          "y": 5.5
        },
        {
          "x": 5.5,
          "y": 9.5
        },
        {
          "x": 9.5,
          "y": 9.5
        },
        {
          "x": 5.5,
          "y": 9.5
        }
      ],
      "searchTime": 0,
      "seeing": false,
      "state": "idle",
      "suspicion": 0,
      "wait": 0.5160353193680445,
      "wp": 2,
      "x": 5.5,
      "y": 5.298333333333347
    },
    {
      "angle": 3.1149377701618977,
      "capture": 0,
      "heardId": 0,
      "id": 2,
      "lastKnown": null,
      "lost": 0,
      "path": [],
      "radio": 0,
      "repath": -0.06666666666666667,
      "route": [
        {
          "x": 11.5,
          "y": 2.5
        },
        {
          "x": 11.5,
          "y": 5.5
        },
        {
          "x": 11.5,
          "y": 9.5
        },
        {
          "x": 15.5,
          "y": 9.5
        },
        {
          "x": 11.5,
          "y": 9.5
        }
      ],
      "searchTime": 0,
      "seeing": false,
      "state": "idle",
      "suspicion": 0,
      "wait": 0.9805534626667698,
      "wp": 0,
      "x": 11.704999999999934,
      "y": 9.5
    }
  ],
  "historyCount": 2,
  "keys": [],
  "objective": {
    "collected": false,
    "x": 5.5,
    "y": 3.5
  },
  "paused": false,
  "phase": "active",
  "player": {
    "angle": -1.5622664293151225,
    "exposure": 0,
    "health": 100,
    "key": false,
    "noise": 4.433333333333334,
    "objective": false,
    "path": [],
    "run": false,
    "x": 5.498789338358199,
    "y": 8.641928116051965
  },
  "preset": "dockside",
  "replay": null,
  "result": null,
  "securityOff": false,
  "seed": "DOCK-031",
  "selected": 1,
  "smokes": [
    {
      "maxTtl": 9,
      "radius": 1.85,
      "ttl": 8.983333333333333,
      "x": 5.498789338358199,
      "y": 8.641928116051965
    }
  ],
  "sounds": [
    {
      "age": 2.2333333333333303,
      "id": 2,
      "intensity": 3,
      "owner": "player",
      "ttl": 2.4,
      "type": "door",
      "x": 3.5,
      "y": 11.5
    },
    {
      "age": 2.1499999999999972,
      "id": 3,
      "intensity": 1.15,
      "owner": "player",
      "ttl": 2.4,
      "type": "footstep",
      "x": 3.5,
      "y": 12.380000000000024
    },
    {
      "age": 1.5499999999999994,
      "id": 4,
      "intensity": 1.15,
      "owner": "player",
      "ttl": 2.4,
      "type": "footstep",
      "x": 3.5,
      "y": 10.820000000000036
    },
    {
      "age": 0.9500000000000012,
      "id": 5,
      "intensity": 1.15,
      "owner": "player",
      "ttl": 2.4,
      "type": "footstep",
      "x": 4.838496156627211,
      "y": 10.505920103567073
    },
    {
      "age": 0.35,
      "id": 6,
      "intensity": 1.15,
      "owner": "player",
      "ttl": 2.4,
      "type": "footstep",
      "x": 5.491396850188353,
      "y": 9.508563253944368
    },
    {
      "age": 0.016666666666666666,
      "id": 7,
      "intensity": 4,
      "owner": "player",
      "ttl": 2.4,
      "type": "smoke",
      "x": 5.498789338358199,
      "y": 8.641928116051965
    },
    {
      "age": 0.016666666666666666,
      "id": 8,
      "intensity": 4.5,
      "owner": "player",
      "ttl": 2.4,
      "type": "lock bypass",
      "x": 5.498789338358199,
      "y": 8.641928116051965
    }
  ],
  "storageOK": true,
  "terminals": [
    {
      "name": "Access terminal",
      "type": "badge",
      "used": false,
      "x": 3.5,
      "y": 14.5
    },
    {
      "name": "Security terminal",
      "type": "security",
      "used": false,
      "x": 10.5,
      "y": 3.5
    }
  ],
  "time": 3.383333333333326,
  "touchDirections": [],
  "view": {
    "height": 475,
    "scale": 22.526315789473685,
    "width": 918,
    "x": 177.42105263157896,
    "y": 23.5
  }
}

$ agent-browser --session blackline wait --fn BLACKLINE.snapshot().doors[0].locked===false
true

$ agent-browser --session blackline eval BLACKLINE.snapshot()
{
  "action": null,
  "alarms": 0,
  "alert": 20,
  "audio": {
    "activeNodes": 0,
    "effects": 0.65,
    "enabled": true,
    "master": 0.5,
    "state": "running"
  },
  "cameras": [
    {
      "angle": 3.0114155103754476,
      "base": 3.141592653589793,
      "disabled": 0,
      "phase": 3.3152712425217032,
      "seeing": false,
      "suspicion": 0,
      "x": 22.9,
      "y": 9.5
    },
    {
      "angle": 1.781868359157897,
      "base": 2.2,
      "disabled": 0,
      "phase": 1.601427550893277,
      "seeing": false,
      "suspicion": 0,
      "x": 22.5,
      "y": 2.5
    }
  ],
  "charges": [
    5,
    3,
    3
  ],
  "cooldown": 0,
  "detections": 0,
  "diagnostics": {
    "collision": false,
    "memory": false,
    "navigation": false,
    "perception": false,
    "sound": false,
    "timing": false
  },
  "difficulty": "ghost",
  "doors": [
    {
      "anim": 0.9999999480811144,
      "id": 0,
      "locked": false,
      "open": true,
      "x": 5,
      "y": 7
    },
    {
      "anim": 0.9999997767582944,
      "id": 1,
      "locked": false,
      "open": true,
      "x": 11,
      "y": 7
    },
    {
      "anim": 0,
      "id": 2,
      "locked": false,
      "open": false,
      "x": 20,
      "y": 7
    },
    {
      "anim": 0.9999999999999998,
      "id": 3,
      "locked": false,
      "open": true,
      "x": 3,
      "y": 11
    },
    {
      "anim": 0,
      "id": 4,
      "locked": false,
      "open": false,
      "x": 11,
      "y": 11
    },
    {
      "anim": 0,
      "id": 5,
      "locked": false,
      "open": false,
      "x": 21,
      "y": 11
    }
  ],
  "events": [
    {
      "t": 0,
      "text": "Operation underway.",
      "type": "start"
    },
    {
      "t": 1.15,
      "text": "door: noise 3.0",
      "type": "sound",
      "x": 3.5,
      "y": 11.5
    },
    {
      "t": 1.15,
      "text": "Door opened.",
      "type": "door",
      "x": 3.5,
      "y": 11.5
    },
    {
      "t": 2.45,
      "text": "G01 · idle / observing",
      "type": "guard",
      "x": 5.5,
      "y": 5.298
    },
    {
      "t": 3.317,
      "text": "G02 · idle / observing",
      "type": "guard",
      "x": 11.705,
      "y": 9.5
    },
    {
      "t": 3.367,
      "text": "Smoke deployed. Vision blocked for 9 seconds.",
      "type": "gadget",
      "x": 5.499,
      "y": 8.642
    },
    {
      "t": 3.367,
      "text": "smoke: noise 4.0",
      "type": "sound",
      "x": 5.499,
      "y": 8.642
    },
    {
      "t": 3.367,
      "text": "Bypassing lock. Hold your position.",
      "type": "action"
    },
    {
      "t": 3.367,
      "text": "lock bypass: noise 4.5",
      "type": "sound",
      "x": 5.499,
      "y": 8.642
    },
    {
      "t": 3.9,
      "text": "G01 · patrol",
      "type": "guard",
      "x": 5.5,
      "y": 5.298
    },
    {
      "t": 4.367,
      "text": "G02 · patrol",
      "type": "guard",
      "x": 11.705,
      "y": 9.5
    },
    {
      "t": 4.85,
      "text": "guard door: noise 2.0",
      "type": "sound",
      "x": 5.5,
      "y": 7.5
    },
    {
      "t": 4.983,
      "text": "guard door: noise 2.0",
      "type": "sound",
      "x": 11.5,
      "y": 7.5
    },
    {
      "t": 6.383,
      "text": "Lock bypassed. Door open.",
      "type": "door",
      "x": 5.5,
      "y": 7.5
    },
    {
      "t": 6.383,
      "text": "door bypass: noise 5.0",
      "type": "sound",
      "x": 5.499,
      "y": 8.642
    },
    {
      "t": 6.383,
      "text": "G01 · investigate / door bypass heard",
      "type": "guard",
      "x": 5.5,
      "y": 8.135
    },
    {
      "t": 6.383,
      "text": "G01 investigating door bypass",
      "type": "heard",
      "x": 5.499,
      "y": 8.642
    },
    {
      "t": 6.383,
      "text": "G01 · search / at source",
      "type": "guard",
      "x": 5.5,
      "y": 8.135
    }
  ],
  "exit": {
    "x": 3.5,
    "y": 15.5
  },
  "fingerprint": "998045ba",
  "fps": 60.006560367880624,
  "frameTime": 0.699999988079071,
  "guards": [
    {
      "angle": 1.5707963267883227,
      "capture": 0,
      "heardId": 11,
      "id": 1,
      "lastKnown": {
        "x": 5.498789338358199,
        "y": 8.641928116051965
      },
      "lost": 0,
      "path": [
        {
          "x": 5.5,
          "y": 9.5
        },
        {
          "x": 5.5,
          "y": 10.5
        },
        {
          "x": 4.5,
          "y": 10.5
        }
      ],
      "radio": 0,
      "repath": 0.5750000000000001,
      "route": [
        {
          "x": 5.5,
          "y": 2.5
        },
        {
          "x": 5.5,
          "y": 5.5
        },
        {
          "x": 5.5,
          "y": 9.5
        },
        {
          "x": 9.5,
          "y": 9.5
        },
        {
          "x": 5.5,
          "y": 9.5
        }
      ],
      "searchTarget": {
        "x": 4.5,
        "y": 10.5
      },
      "searchTime": 6.983333333333333,
      "seeing": false,
      "state": "search",
      "suspicion": 0,
      "wait": -0.0006313472986220828,
      "wp": 2,
      "x": 5.5,
      "y": 8.150333333333394
    },
    {
      "angle": 4.705834902725014,
      "capture": 0,
      "heardId": 0,
      "id": 2,
      "lastKnown": null,
      "lost": 0,
      "path": [
        {
          "x": 11.5,
          "y": 6.5
        },
        {
          "x": 11.5,
          "y": 5.5
        },
        {
          "x": 11.5,
          "y": 4.5
        },
        {
          "x": 11.5,
          "y": 3.5
        },
        {
          "x": 11.5,
          "y": 2.5
        }
      ],
      "radio": 0,
      "repath": 0.39999999999999986,
      "route": [
        {
          "x": 11.5,
          "y": 2.5
        },
        {
          "x": 11.5,
          "y": 5.5
        },
        {
          "x": 11.5,
          "y": 9.5
        },
        {
          "x": 15.5,
          "y": 9.5
        },
        {
          "x": 11.5,
          "y": 9.5
        }
      ],
      "searchTime": 0,
      "seeing": false,
      "state": "patrol",
      "suspicion": 0,
      "wait": -0.002779870666564887,
      "wp": 0,
      "x": 11.503689942619966,
      "y": 7.196413300078058
    }
  ],
  "historyCount": 2,
  "keys": [],
  "objective": {
    "collected": false,
    "x": 5.5,
    "y": 3.5
  },
  "paused": false,
  "phase": "active",
  "player": {
    "angle": -1.5622664293151225,
    "exposure": 0,
    "health": 100,
    "key": false,
    "noise": 5,
    "objective": false,
    "path": [],
    "run": false,
    "x": 5.498789338358199,
    "y": 8.641928116051965
  },
  "preset": "dockside",
  "replay": null,
  "result": null,
  "securityOff": false,
  "seed": "DOCK-031",
  "selected": 1,
  "smokes": [
    {
      "maxTtl": 9,
      "radius": 1.85,
      "ttl": 5.983333333333292,
      "x": 5.498789338358199,
      "y": 8.641928116051965
    }
  ],
  "sounds": [
    {
      "age": 1.5333333333333328,
      "id": 9,
      "intensity": 2,
      "owner": "guard",
      "ttl": 2.4,
      "type": "guard door",
      "x": 5.5,
      "y": 7.5
    },
    {
      "age": 1.4,
      "id": 10,
      "intensity": 2,
      "owner": "guard",
      "ttl": 2.4,
      "type": "guard door",
      "x": 11.5,
      "y": 7.5
    },
    {
      "age": 0,
      "id": 11,
      "intensity": 5,
      "owner": "player",
      "ttl": 2.4,
      "type": "door bypass",
      "x": 5.498789338358199,
      "y": 8.641928116051965
    }
  ],
  "storageOK": true,
  "terminals": [
    {
      "name": "Access terminal",
      "type": "badge",
      "used": false,
      "x": 3.5,
      "y": 14.5
    },
    {
      "name": "Security terminal",
      "type": "security",
      "used": false,
      "x": 10.5,
      "y": 3.5
    }
  ],
  "time": 6.383333333333316,
  "touchDirections": [],
  "view": {
    "height": 475,
    "scale": 22.526315789473685,
    "width": 918,
    "x": 177.42105263157896,
    "y": 23.5
  }
}

$ agent-browser --session blackline press Escape
✓ Done

$ agent-browser --session blackline reload
file:///home/pyro/projects/naked/astra/bench/10-stealth-heist/index.html

$ agent-browser --session blackline eval BLACKLINE.snapshot()
{
  "action": null,
  "alarms": 0,
  "alert": 0,
  "audio": {
    "activeNodes": 0,
    "effects": 0.65,
    "enabled": false,
    "master": 0.5,
    "state": "not-created"
  },
  "cameras": [
    {
      "angle": 3.586716383255974,
      "base": 3.141592653589793,
      "disabled": 0,
      "phase": 1.308784379158169,
      "seeing": false,
      "suspicion": 0,
      "x": 32.9,
      "y": 11.5
    },
    {
      "angle": 2.327045745928506,
      "base": 2.2,
      "disabled": 0,
      "phase": 0.2728239018470049,
      "seeing": false,
      "suspicion": 0,
      "x": 32.5,
      "y": 2.5
    }
  ],
  "charges": [
    3,
    2,
    2
  ],
  "cooldown": 0,
  "detections": 0,
  "diagnostics": {
    "collision": false,
    "memory": false,
    "navigation": false,
    "perception": false,
    "sound": false,
    "timing": false
  },
  "difficulty": "operative",
  "doors": [
    {
      "anim": 0,
      "id": 0,
      "locked": false,
      "open": false,
      "x": 4,
      "y": 9
    },
    {
      "anim": 0,
      "id": 1,
      "locked": false,
      "open": false,
      "x": 17,
      "y": 9
    },
    {
      "anim": 0,
      "id": 2,
      "locked": true,
      "open": false,
      "x": 27,
      "y": 9
    },
    {
      "anim": 0,
      "id": 3,
      "locked": false,
      "open": false,
      "x": 5,
      "y": 13
    },
    {
      "anim": 0,
      "id": 4,
      "locked": false,
      "open": false,
      "x": 16,
      "y": 13
    },
    {
      "anim": 0,
      "id": 5,
      "locked": false,
      "open": false,
      "x": 28,
      "y": 13
    }
  ],
  "events": [],
  "exit": {
    "x": 3.5,
    "y": 19.5
  },
  "fingerprint": "7ba7477f",
  "fps": 60.09120958083832,
  "frameTime": 2,
  "guards": [
    {
      "angle": 1.5707963267948966,
      "capture": 0,
      "heardId": 0,
      "id": 1,
      "lastKnown": null,
      "lost": 0,
      "path": [
        {
          "x": 4.5,
          "y": 3.5
        },
        {
          "x": 4.5,
          "y": 4.5
        },
        {
          "x": 4.5,
          "y": 5.5
        },
        {
          "x": 4.5,
          "y": 6.5
        },
        {
          "x": 4.5,
          "y": 7.5
        }
      ],
      "radio": 0,
      "repath": 0.5750000000000001,
      "route": [
        {
          "x": 4.5,
          "y": 2.5
        },
        {
          "x": 4.5,
          "y": 7.5
        },
        {
          "x": 4.5,
          "y": 11.5
        },
        {
          "x": 8.5,
          "y": 11.5
        },
        {
          "x": 4.5,
          "y": 11.5
        }
      ],
      "searchTime": 0,
      "seeing": false,
      "state": "patrol",
      "suspicion": 0,
      "wait": 0,
      "wp": 1,
      "x": 4.5,
      "y": 2.5233333333333334
    },
    {
      "angle": 3.141592653589793,
      "capture": 0,
      "heardId": 0,
      "id": 2,
      "lastKnown": null,
      "lost": 0,
      "path": [
        {
          "x": 20.5,
          "y": 11.5
        },
        {
          "x": 19.5,
          "y": 11.5
        },
        {
          "x": 18.5,
          "y": 11.5
        },
        {
          "x": 17.5,
          "y": 11.5
        }
      ],
      "radio": 0,
      "repath": 0.6000000000000001,
      "route": [
        {
          "x": 17.5,
          "y": 2.5
        },
        {
          "x": 17.5,
          "y": 7.5
        },
        {
          "x": 17.5,
          "y": 11.5
        },
        {
          "x": 21.5,
          "y": 11.5
        },
        {
          "x": 17.5,
          "y": 11.5
        }
      ],
      "searchTime": 0,
      "seeing": false,
      "state": "patrol",
      "suspicion": 0,
      "wait": 0,
      "wp": 4,
      "x": 21.476666666666667,
      "y": 11.5
    },
    {
      "angle": 1.5707963267948966,
      "capture": 0,
      "heardId": 0,
      "id": 3,
      "lastKnown": null,
      "lost": 0,
      "path": [
        {
          "x": 27.5,
          "y": 3.5
        },
        {
          "x": 27.5,
          "y": 4.5
        },
        {
          "x": 27.5,
          "y": 5.5
        },
        {
          "x": 27.5,
          "y": 6.5
        },
        {
          "x": 27.5,
          "y": 7.5
        }
      ],
      "radio": 0,
      "repath": 0.625,
      "route": [
        {
          "x": 27.5,
          "y": 2.5
        },
        {
          "x": 27.5,
          "y": 7.5
        },
        {
          "x": 27.5,
          "y": 11.5
        },
        {
          "x": 31.5,
          "y": 11.5
        },
        {
          "x": 27.5,
          "y": 11.5
        }
      ],
      "searchTime": 0,
      "seeing": false,
      "state": "patrol",
      "suspicion": 0,
      "wait": 0,
      "wp": 1,
      "x": 27.5,
      "y": 2.5233333333333334
    },
    {
      "angle": 3.141592653589793,
      "capture": 0,
      "heardId": 0,
      "id": 4,
      "lastKnown": null,
      "lost": 0,
      "path": [
        {
          "x": 7.5,
          "y": 11.5
        },
        {
          "x": 6.5,
          "y": 11.5
        },
        {
          "x": 5.5,
          "y": 11.5
        },
        {
          "x": 4.5,
          "y": 11.5
        }
      ],
      "radio": 0,
      "repath": 0.65,
      "route": [
        {
          "x": 4.5,
          "y": 2.5
        },
        {
          "x": 4.5,
          "y": 7.5
        },
        {
          "x": 4.5,
          "y": 11.5
        },
        {
          "x": 8.5,
          "y": 11.5
        },
        {
          "x": 4.5,
          "y": 11.5
        }
      ],
      "searchTime": 0,
      "seeing": false,
      "state": "patrol",
      "suspicion": 0,
      "wait": 0,
      "wp": 4,
      "x": 8.476666666666667,
      "y": 11.5
    }
  ],
  "historyCount": 2,
  "keys": [],
  "objective": {
    "collected": false,
    "x": 30.5,
    "y": 3.5
  },
  "paused": false,
  "phase": "briefing",
  "player": {
    "angle": -1.5707963267948966,
    "exposure": 0,
    "health": 100,
    "key": false,
    "noise": 0,
    "objective": false,
    "path": [],
    "run": false,
    "x": 3.5,
    "y": 19.5
  },
  "preset": "glasshouse",
  "replay": null,
  "result": null,
  "securityOff": false,
  "seed": "NIGHT-017",
  "selected": 0,
  "smokes": [],
  "sounds": [],
  "storageOK": true,
  "terminals": [
    {
      "name": "Access terminal",
      "type": "badge",
      "used": false,
      "x": 3.5,
      "y": 18.5
    },
    {
      "name": "Security terminal",
      "type": "security",
      "used": false,
      "x": 13.5,
      "y": 3.5
    }
  ],
  "time": 0,
  "touchDirections": [],
  "view": {
    "height": 475,
    "scale": 18.60869565217391,
    "width": 918,
    "x": 133.3478260869565,
    "y": 23.5
  }
}

$ agent-browser --session blackline set offline on
✓ Done

$ agent-browser --session blackline reload
file:///home/pyro/projects/naked/astra/bench/10-stealth-heist/index.html

$ agent-browser --session blackline wait --fn BLACKLINE.snapshot().phase==="briefing"
true

$ agent-browser --session blackline screenshot /home/pyro/projects/naked/astra/bench/10-stealth-heist/evidence/screenshots/21-desktop-final.png
✓ Screenshot saved to /home/pyro/projects/naked/astra/bench/10-stealth-heist/evidence/screenshots/21-desktop-final.png

$ agent-browser --session blackline eval BLACKLINE.snapshot()
{
  "action": null,
  "alarms": 0,
  "alert": 0,
  "audio": {
    "activeNodes": 0,
    "effects": 0.65,
    "enabled": false,
    "master": 0.5,
    "state": "not-created"
  },
  "cameras": [
    {
      "angle": 3.5954195289053983,
      "base": 3.141592653589793,
      "disabled": 0,
      "phase": 1.308784379158169,
      "seeing": false,
      "suspicion": 0,
      "x": 32.9,
      "y": 11.5
    },
    {
      "angle": 2.3666963894680233,
      "base": 2.2,
      "disabled": 0,
      "phase": 0.2728239018470049,
      "seeing": false,
      "suspicion": 0,
      "x": 32.5,
      "y": 2.5
    }
  ],
  "charges": [
    3,
    2,
    2
  ],
  "cooldown": 0,
  "detections": 0,
  "diagnostics": {
    "collision": false,
    "memory": false,
    "navigation": false,
    "perception": false,
    "sound": false,
    "timing": false
  },
  "difficulty": "operative",
  "doors": [
    {
      "anim": 0,
      "id": 0,
      "locked": false,
      "open": false,
      "x": 4,
      "y": 9
    },
    {
      "anim": 0,
      "id": 1,
      "locked": false,
      "open": false,
      "x": 17,
      "y": 9
    },
    {
      "anim": 0,
      "id": 2,
      "locked": true,
      "open": false,
      "x": 27,
      "y": 9
    },
    {
      "anim": 0,
      "id": 3,
      "locked": false,
      "open": false,
      "x": 5,
      "y": 13
    },
    {
      "anim": 0,
      "id": 4,
      "locked": false,
      "open": false,
      "x": 16,
      "y": 13
    },
    {
      "anim": 0,
      "id": 5,
      "locked": false,
      "open": false,
      "x": 28,
      "y": 13
    }
  ],
  "events": [],
  "exit": {
    "x": 3.5,
    "y": 19.5
  },
  "fingerprint": "7ba7477f",
  "fps": 59.32500355865509,
  "frameTime": 1.5999999940395355,
  "guards": [
    {
      "angle": 1.5707963267948966,
      "capture": 0,
      "heardId": 0,
      "id": 1,
      "lastKnown": null,
      "lost": 0,
      "path": [
        {
          "x": 4.5,
          "y": 3.5
        },
        {
          "x": 4.5,
          "y": 4.5
        },
        {
          "x": 4.5,
          "y": 5.5
        },
        {
          "x": 4.5,
          "y": 6.5
        },
        {
          "x": 4.5,
          "y": 7.5
        }
      ],
      "radio": 0,
      "repath": 0.3583333333333332,
      "route": [
        {
          "x": 4.5,
          "y": 2.5
        },
        {
          "x": 4.5,
          "y": 7.5
        },
        {
          "x": 4.5,
          "y": 11.5
        },
        {
          "x": 8.5,
          "y": 11.5
        },
        {
          "x": 4.5,
          "y": 11.5
        }
      ],
      "searchTime": 0,
      "seeing": false,
      "state": "patrol",
      "suspicion": 0,
      "wait": 0,
      "wp": 1,
      "x": 4.5,
      "y": 2.826666666666668
    },
    {
      "angle": 3.141592653589793,
      "capture": 0,
      "heardId": 0,
      "id": 2,
      "lastKnown": null,
      "lost": 0,
      "path": [
        {
          "x": 20.5,
          "y": 11.5
        },
        {
          "x": 19.5,
          "y": 11.5
        },
        {
          "x": 18.5,
          "y": 11.5
        },
        {
          "x": 17.5,
          "y": 11.5
        }
      ],
      "radio": 0,
      "repath": 0.3833333333333332,
      "route": [
        {
          "x": 17.5,
          "y": 2.5
        },
        {
          "x": 17.5,
          "y": 7.5
        },
        {
          "x": 17.5,
          "y": 11.5
        },
        {
          "x": 21.5,
          "y": 11.5
        },
        {
          "x": 17.5,
          "y": 11.5
        }
      ],
      "searchTime": 0,
      "seeing": false,
      "state": "patrol",
      "suspicion": 0,
      "wait": 0,
      "wp": 4,
      "x": 21.173333333333332,
      "y": 11.5
    },
    {
      "angle": 1.5707963267948966,
      "capture": 0,
      "heardId": 0,
      "id": 3,
      "lastKnown": null,
      "lost": 0,
      "path": [
        {
          "x": 27.5,
          "y": 3.5
        },
        {
          "x": 27.5,
          "y": 4.5
        },
        {
          "x": 27.5,
          "y": 5.5
        },
        {
          "x": 27.5,
          "y": 6.5
        },
        {
          "x": 27.5,
          "y": 7.5
        }
      ],
      "radio": 0,
      "repath": 0.408333333333333,
      "route": [
        {
          "x": 27.5,
          "y": 2.5
        },
        {
          "x": 27.5,
          "y": 7.5
        },
        {
          "x": 27.5,
          "y": 11.5
        },
        {
          "x": 31.5,
          "y": 11.5
        },
        {
          "x": 27.5,
          "y": 11.5
        }
      ],
      "searchTime": 0,
      "seeing": false,
      "state": "patrol",
      "suspicion": 0,
      "wait": 0,
      "wp": 1,
      "x": 27.5,
      "y": 2.826666666666668
    },
    {
      "angle": 3.141592653589793,
      "capture": 0,
      "heardId": 0,
      "id": 4,
      "lastKnown": null,
      "lost": 0,
      "path": [
        {
          "x": 7.5,
          "y": 11.5
        },
        {
          "x": 6.5,
          "y": 11.5
        },
        {
          "x": 5.5,
          "y": 11.5
        },
        {
          "x": 4.5,
          "y": 11.5
        }
      ],
      "radio": 0,
      "repath": 0.43333333333333296,
      "route": [
        {
          "x": 4.5,
          "y": 2.5
        },
        {
          "x": 4.5,
          "y": 7.5
        },
        {
          "x": 4.5,
          "y": 11.5
        },
        {
          "x": 8.5,
          "y": 11.5
        },
        {
          "x": 4.5,
          "y": 11.5
        }
      ],
      "searchTime": 0,
      "seeing": false,
      "state": "patrol",
      "suspicion": 0,
      "wait": 0,
      "wp": 4,
      "x": 8.173333333333332,
      "y": 11.5
    }
  ],
  "historyCount": 2,
  "keys": [],
  "objective": {
    "collected": false,
    "x": 30.5,
    "y": 3.5
  },
  "paused": false,
  "phase": "briefing",
  "player": {
    "angle": -1.5707963267948966,
    "exposure": 0,
    "health": 100,
    "key": false,
    "noise": 0,
    "objective": false,
    "path": [],
    "run": false,
    "x": 3.5,
    "y": 19.5
  },
  "preset": "glasshouse",
  "replay": null,
  "result": null,
  "securityOff": false,
  "seed": "NIGHT-017",
  "selected": 0,
  "smokes": [],
  "sounds": [],
  "storageOK": true,
  "terminals": [
    {
      "name": "Access terminal",
      "type": "badge",
      "used": false,
      "x": 3.5,
      "y": 18.5
    },
    {
      "name": "Security terminal",
      "type": "security",
      "used": false,
      "x": 13.5,
      "y": 3.5
    }
  ],
  "time": 0,
  "touchDirections": [],
  "view": {
    "height": 475,
    "scale": 18.60869565217391,
    "width": 918,
    "x": 133.3478260869565,
    "y": 23.5
  }
}

$ agent-browser --session blackline eval BLACKLINE.snapshot()
{
  "action": null,
  "alarms": 0,
  "alert": 0,
  "audio": {
    "activeNodes": 0,
    "effects": 0.65,
    "enabled": false,
    "master": 0.5,
    "state": "not-created"
  },
  "cameras": [
    {
      "angle": 3.5954195289053983,
      "base": 3.141592653589793,
      "disabled": 0,
      "phase": 1.308784379158169,
      "seeing": false,
      "suspicion": 0,
      "x": 32.9,
      "y": 11.5
    },
    {
      "angle": 2.3666963894680233,
      "base": 2.2,
      "disabled": 0,
      "phase": 0.2728239018470049,
      "seeing": false,
      "suspicion": 0,
      "x": 32.5,
      "y": 2.5
    }
  ],
  "charges": [
    3,
    2,
    2
  ],
  "cooldown": 0,
  "detections": 0,
  "diagnostics": {
    "collision": false,
    "memory": false,
    "navigation": false,
    "perception": false,
    "sound": false,
    "timing": false
  },
  "difficulty": "operative",
  "doors": [
    {
      "anim": 0,
      "id": 0,
      "locked": false,
      "open": false,
      "x": 4,
      "y": 9
    },
    {
      "anim": 0,
      "id": 1,
      "locked": false,
      "open": false,
      "x": 17,
      "y": 9
    },
    {
      "anim": 0,
      "id": 2,
      "locked": true,
      "open": false,
      "x": 27,
      "y": 9
    },
    {
      "anim": 0,
      "id": 3,
      "locked": false,
      "open": false,
      "x": 5,
      "y": 13
    },
    {
      "anim": 0,
      "id": 4,
      "locked": false,
      "open": false,
      "x": 16,
      "y": 13
    },
    {
      "anim": 0,
      "id": 5,
      "locked": false,
      "open": false,
      "x": 28,
      "y": 13
    }
  ],
  "events": [],
  "exit": {
    "x": 3.5,
    "y": 19.5
  },
  "fingerprint": "7ba7477f",
  "fps": 59.32500355865509,
  "frameTime": 1.5999999940395355,
  "guards": [
    {
      "angle": 1.5707963267948966,
      "capture": 0,
      "heardId": 0,
      "id": 1,
      "lastKnown": null,
      "lost": 0,
      "path": [
        {
          "x": 4.5,
          "y": 3.5
        },
        {
          "x": 4.5,
          "y": 4.5
        },
        {
          "x": 4.5,
          "y": 5.5
        },
        {
          "x": 4.5,
          "y": 6.5
        },
        {
          "x": 4.5,
          "y": 7.5
        }
      ],
      "radio": 0,
      "repath": 0.3583333333333332,
      "route": [
        {
          "x": 4.5,
          "y": 2.5
        },
        {
          "x": 4.5,
          "y": 7.5
        },
        {
          "x": 4.5,
          "y": 11.5
        },
        {
          "x": 8.5,
          "y": 11.5
        },
        {
          "x": 4.5,
          "y": 11.5
        }
      ],
      "searchTime": 0,
      "seeing": false,
      "state": "patrol",
      "suspicion": 0,
      "wait": 0,
      "wp": 1,
      "x": 4.5,
      "y": 2.826666666666668
    },
    {
      "angle": 3.141592653589793,
      "capture": 0,
      "heardId": 0,
      "id": 2,
      "lastKnown": null,
      "lost": 0,
      "path": [
        {
          "x": 20.5,
          "y": 11.5
        },
        {
          "x": 19.5,
          "y": 11.5
        },
        {
          "x": 18.5,
          "y": 11.5
        },
        {
          "x": 17.5,
          "y": 11.5
        }
      ],
      "radio": 0,
      "repath": 0.3833333333333332,
      "route": [
        {
          "x": 17.5,
          "y": 2.5
        },
        {
          "x": 17.5,
          "y": 7.5
        },
        {
          "x": 17.5,
          "y": 11.5
        },
        {
          "x": 21.5,
          "y": 11.5
        },
        {
          "x": 17.5,
          "y": 11.5
        }
      ],
      "searchTime": 0,
      "seeing": false,
      "state": "patrol",
      "suspicion": 0,
      "wait": 0,
      "wp": 4,
      "x": 21.173333333333332,
      "y": 11.5
    },
    {
      "angle": 1.5707963267948966,
      "capture": 0,
      "heardId": 0,
      "id": 3,
      "lastKnown": null,
      "lost": 0,
      "path": [
        {
          "x": 27.5,
          "y": 3.5
        },
        {
          "x": 27.5,
          "y": 4.5
        },
        {
          "x": 27.5,
          "y": 5.5
        },
        {
          "x": 27.5,
          "y": 6.5
        },
        {
          "x": 27.5,
          "y": 7.5
        }
      ],
      "radio": 0,
      "repath": 0.408333333333333,
      "route": [
        {
          "x": 27.5,
          "y": 2.5
        },
        {
          "x": 27.5,
          "y": 7.5
        },
        {
          "x": 27.5,
          "y": 11.5
        },
        {
          "x": 31.5,
          "y": 11.5
        },
        {
          "x": 27.5,
          "y": 11.5
        }
      ],
      "searchTime": 0,
      "seeing": false,
      "state": "patrol",
      "suspicion": 0,
      "wait": 0,
      "wp": 1,
      "x": 27.5,
      "y": 2.826666666666668
    },
    {
      "angle": 3.141592653589793,
      "capture": 0,
      "heardId": 0,
      "id": 4,
      "lastKnown": null,
      "lost": 0,
      "path": [
        {
          "x": 7.5,
          "y": 11.5
        },
        {
          "x": 6.5,
          "y": 11.5
        },
        {
          "x": 5.5,
          "y": 11.5
        },
        {
          "x": 4.5,
          "y": 11.5
        }
      ],
      "radio": 0,
      "repath": 0.43333333333333296,
      "route": [
        {
          "x": 4.5,
          "y": 2.5
        },
        {
          "x": 4.5,
          "y": 7.5
        },
        {
          "x": 4.5,
          "y": 11.5
        },
        {
          "x": 8.5,
          "y": 11.5
        },
        {
          "x": 4.5,
          "y": 11.5
        }
      ],
      "searchTime": 0,
      "seeing": false,
      "state": "patrol",
      "suspicion": 0,
      "wait": 0,
      "wp": 4,
      "x": 8.173333333333332,
      "y": 11.5
    }
  ],
  "historyCount": 2,
  "keys": [],
  "objective": {
    "collected": false,
    "x": 30.5,
    "y": 3.5
  },
  "paused": false,
  "phase": "briefing",
  "player": {
    "angle": -1.5707963267948966,
    "exposure": 0,
    "health": 100,
    "key": false,
    "noise": 0,
    "objective": false,
    "path": [],
    "run": false,
    "x": 3.5,
    "y": 19.5
  },
  "preset": "glasshouse",
  "replay": null,
  "result": null,
  "securityOff": false,
  "seed": "NIGHT-017",
  "selected": 0,
  "smokes": [],
  "sounds": [],
  "storageOK": true,
  "terminals": [
    {
      "name": "Access terminal",
      "type": "badge",
      "used": false,
      "x": 3.5,
      "y": 18.5
    },
    {
      "name": "Security terminal",
      "type": "security",
      "used": false,
      "x": 13.5,
      "y": 3.5
    }
  ],
  "time": 0,
  "touchDirections": [],
  "view": {
    "height": 475,
    "scale": 18.60869565217391,
    "width": 918,
    "x": 133.3478260869565,
    "y": 23.5
  }
}

$ agent-browser --session blackline find role button click --name Settings
✓ Done

$ agent-browser --session blackline focus #masterVolume
✓ Done

$ agent-browser --session blackline press Home
✓ Done

$ agent-browser --session blackline press ArrowRight
✓ Done

$ agent-browser --session blackline press ArrowRight
✓ Done

$ agent-browser --session blackline focus #effectsVolume
✓ Done

$ agent-browser --session blackline press End
✓ Done

$ agent-browser --session blackline press ArrowLeft
✓ Done

$ agent-browser --session blackline check #reducedMotion
✓ Done

$ agent-browser --session blackline find role button click --name 'Enable audio'
✓ Done

$ agent-browser --session blackline eval BLACKLINE.snapshot()
{
  "action": null,
  "alarms": 0,
  "alert": 0,
  "audio": {
    "activeNodes": 2,
    "effects": 0.99,
    "enabled": true,
    "master": 0.02,
    "state": "running"
  },
  "cameras": [
    {
      "angle": 3.2762101513508752,
      "base": 3.141592653589793,
      "disabled": 0,
      "phase": 1.308784379158169,
      "seeing": false,
      "suspicion": 0,
      "x": 32.9,
      "y": 11.5
    },
    {
      "angle": 2.6470503614589096,
      "base": 2.2,
      "disabled": 0,
      "phase": 0.2728239018470049,
      "seeing": false,
      "suspicion": 0,
      "x": 32.5,
      "y": 2.5
    }
  ],
  "charges": [
    3,
    2,
    2
  ],
  "cooldown": 0,
  "detections": 0,
  "diagnostics": {
    "collision": false,
    "memory": false,
    "navigation": false,
    "perception": false,
    "sound": false,
    "timing": false
  },
  "difficulty": "operative",
  "doors": [
    {
      "anim": 0.9999999999999998,
      "id": 0,
      "locked": false,
      "open": true,
      "x": 4,
      "y": 9
    },
    {
      "anim": 0.9999999999999998,
      "id": 1,
      "locked": false,
      "open": true,
      "x": 17,
      "y": 9
    },
    {
      "anim": 0.9999999999999998,
      "id": 2,
      "locked": true,
      "open": true,
      "x": 27,
      "y": 9
    },
    {
      "anim": 0,
      "id": 3,
      "locked": false,
      "open": false,
      "x": 5,
      "y": 13
    },
    {
      "anim": 0,
      "id": 4,
      "locked": false,
      "open": false,
      "x": 16,
      "y": 13
    },
    {
      "anim": 0,
      "id": 5,
      "locked": false,
      "open": false,
      "x": 28,
      "y": 13
    }
  ],
  "events": [
    {
      "t": 0,
      "text": "G02 · idle / observing",
      "type": "guard",
      "x": 17.72,
      "y": 11.5
    },
    {
      "t": 0,
      "text": "G04 · idle / observing",
      "type": "guard",
      "x": 4.72,
      "y": 11.5
    },
    {
      "t": 0,
      "text": "G01 · idle / observing",
      "type": "guard",
      "x": 4.5,
      "y": 7.283
    },
    {
      "t": 0,
      "text": "G03 · idle / observing",
      "type": "guard",
      "x": 27.5,
      "y": 7.283
    },
    {
      "t": 0,
      "text": "G02 · patrol",
      "type": "guard",
      "x": 17.72,
      "y": 11.5
    },
    {
      "t": 0,
      "text": "guard door: noise 2.0",
      "type": "sound",
      "x": 17.5,
      "y": 9.5
    },
    {
      "t": 0,
      "text": "G01 · patrol",
      "type": "guard",
      "x": 4.5,
      "y": 7.283
    },
    {
      "t": 0,
      "text": "G04 · patrol",
      "type": "guard",
      "x": 4.72,
      "y": 11.5
    },
    {
      "t": 0,
      "text": "G03 · patrol",
      "type": "guard",
      "x": 27.5,
      "y": 7.283
    },
    {
      "t": 0,
      "text": "guard door: noise 2.0",
      "type": "sound",
      "x": 4.5,
      "y": 9.5
    },
    {
      "t": 0,
      "text": "guard door: noise 2.0",
      "type": "sound",
      "x": 27.5,
      "y": 9.5
    },
    {
      "t": 0,
      "text": "G01 · idle / observing",
      "type": "guard",
      "x": 4.5,
      "y": 11.297
    },
    {
      "t": 0,
      "text": "G03 · idle / observing",
      "type": "guard",
      "x": 27.5,
      "y": 11.297
    },
    {
      "t": 0,
      "text": "G01 · patrol",
      "type": "guard",
      "x": 4.5,
      "y": 11.297
    },
    {
      "t": 0,
      "text": "G02 · idle / observing",
      "type": "guard",
      "x": 17.5,
      "y": 2.7
    },
    {
      "t": 0,
      "text": "G03 · patrol",
      "type": "guard",
      "x": 27.5,
      "y": 11.297
    },
    {
      "t": 0,
      "text": "G04 · idle / observing",
      "type": "guard",
      "x": 4.5,
      "y": 2.701
    },
    {
      "t": 0,
      "text": "G02 · patrol",
      "type": "guard",
      "x": 17.5,
      "y": 2.7
    },
    {
      "t": 0,
      "text": "G01 · idle / observing",
      "type": "guard",
      "x": 8.286,
      "y": 11.5
    },
    {
      "t": 0,
      "text": "G04 · patrol",
      "type": "guard",
      "x": 4.5,
      "y": 2.701
    },
    {
      "t": 0,
      "text": "G01 · patrol",
      "type": "guard",
      "x": 8.286,
      "y": 11.5
    },
    {
      "t": 0,
      "text": "G03 · idle / observing",
      "type": "guard",
      "x": 31.285,
      "y": 11.5
    },
    {
      "t": 0,
      "text": "G03 · patrol",
      "type": "guard",
      "x": 31.285,
      "y": 11.5
    },
    {
      "t": 0,
      "text": "G02 · idle / observing",
      "type": "guard",
      "x": 17.5,
      "y": 7.297
    },
    {
      "t": 0,
      "text": "G01 · idle / observing",
      "type": "guard",
      "x": 4.716,
      "y": 11.5
    },
    {
      "t": 0,
      "text": "G04 · idle / observing",
      "type": "guard",
      "x": 4.5,
      "y": 7.298
    },
    {
      "t": 0,
      "text": "G02 · patrol",
      "type": "guard",
      "x": 17.5,
      "y": 7.297
    },
    {
      "t": 0,
      "text": "G03 · idle / observing",
      "type": "guard",
      "x": 27.715,
      "y": 11.5
    },
    {
      "t": 0,
      "text": "G01 · patrol",
      "type": "guard",
      "x": 4.716,
      "y": 11.5
    },
    {
      "t": 0,
      "text": "G04 · patrol",
      "type": "guard",
      "x": 4.5,
      "y": 7.298
    },
    {
      "t": 0,
      "text": "G03 · patrol",
      "type": "guard",
      "x": 27.715,
      "y": 11.5
    }
  ],
  "exit": {
    "x": 3.5,
    "y": 19.5
  },
  "fingerprint": "7ba7477f",
  "fps": 57.253498173451845,
  "frameTime": 0.800000011920929,
  "guards": [
    {
      "angle": -1.581152744883033,
      "capture": 0,
      "heardId": 0,
      "id": 1,
      "lastKnown": null,
      "lost": 0,
      "path": [
        {
          "x": 4.5,
          "y": 8.5
        },
        {
          "x": 4.5,
          "y": 7.5
        },
        {
          "x": 4.5,
          "y": 6.5
        },
        {
          "x": 4.5,
          "y": 5.5
        },
        {
          "x": 4.5,
          "y": 4.5
        },
        {
          "x": 4.5,
          "y": 3.5
        },
        {
          "x": 4.5,
          "y": 2.5
        }
      ],
      "radio": 0,
      "repath": 0.10833333333333328,
      "route": [
        {
          "x": 4.5,
          "y": 2.5
        },
        {
          "x": 4.5,
          "y": 7.5
        },
        {
          "x": 4.5,
          "y": 11.5
        },
        {
          "x": 8.5,
          "y": 11.5
        },
        {
          "x": 4.5,
          "y": 11.5
        }
      ],
      "searchTime": 0,
      "seeing": false,
      "state": "patrol",
      "suspicion": 0,
      "wait": -0.004836097328610744,
      "wp": 0,
      "x": 4.507172790192607,
      "y": 9.209054255867304
    },
    {
      "angle": 1.5707963272109404,
      "capture": 0,
      "heardId": 0,
      "id": 2,
      "lastKnown": null,
      "lost": 0,
      "path": [
        {
          "x": 17.5,
          "y": 10.5
        },
        {
          "x": 17.5,
          "y": 11.5
        }
      ],
      "radio": 0,
      "repath": 0.23333333333333325,
      "route": [
        {
          "x": 17.5,
          "y": 2.5
        },
        {
          "x": 17.5,
          "y": 7.5
        },
        {
          "x": 17.5,
          "y": 11.5
        },
        {
          "x": 21.5,
          "y": 11.5
        },
        {
          "x": 17.5,
          "y": 11.5
        }
      ],
      "searchTime": 0,
      "seeing": false,
      "state": "patrol",
      "suspicion": 0,
      "wait": -0.008598071732555734,
      "wp": 2,
      "x": 17.50000000000001,
      "y": 10.353467212004984
    },
    {
      "angle": 4.494088855518411,
      "capture": 0,
      "heardId": 0,
      "id": 3,
      "lastKnown": null,
      "lost": 0,
      "path": [
        {
          "x": 27.5,
          "y": 10.5
        },
        {
          "x": 27.5,
          "y": 9.5
        },
        {
          "x": 27.5,
          "y": 8.5
        },
        {
          "x": 27.5,
          "y": 7.5
        },
        {
          "x": 27.5,
          "y": 6.5
        },
        {
          "x": 27.5,
          "y": 5.5
        },
        {
          "x": 27.5,
          "y": 4.5
        },
        {
          "x": 27.5,
          "y": 3.5
        },
        {
          "x": 27.5,
          "y": 2.5
        }
      ],
      "radio": 0,
      "repath": 0.05833333333333307,
      "route": [
        {
          "x": 27.5,
          "y": 2.5
        },
        {
          "x": 27.5,
          "y": 7.5
        },
        {
          "x": 27.5,
          "y": 11.5
        },
        {
          "x": 31.5,
          "y": 11.5
        },
        {
          "x": 27.5,
          "y": 11.5
        }
      ],
      "searchTime": 0,
      "seeing": false,
      "state": "patrol",
      "suspicion": 0,
      "wait": -0.0006138447051248844,
      "wp": 0,
      "x": 27.543409686220436,
      "y": 10.701627050172432
    },
    {
      "angle": 7.853981265362269,
      "capture": 0,
      "heardId": 0,
      "id": 4,
      "lastKnown": null,
      "lost": 0,
      "path": [
        {
          "x": 4.5,
          "y": 10.5
        },
        {
          "x": 4.5,
          "y": 11.5
        }
      ],
      "radio": 0,
      "repath": 0.4999999999999996,
      "route": [
        {
          "x": 4.5,
          "y": 2.5
        },
        {
          "x": 4.5,
          "y": 7.5
        },
        {
          "x": 4.5,
          "y": 11.5
        },
        {
          "x": 8.5,
          "y": 11.5
        },
        {
          "x": 4.5,
          "y": 11.5
        }
      ],
      "searchTime": 0,
      "seeing": false,
      "state": "patrol",
      "suspicion": 0,
      "wait": -0.014638306968844671,
      "wp": 2,
      "x": 4.500000000000042,
      "y": 9.351480734079816
    }
  ],
  "historyCount": 2,
  "keys": [],
  "objective": {
    "collected": false,
    "x": 30.5,
    "y": 3.5
  },
  "paused": true,
  "phase": "briefing",
  "player": {
    "angle": -1.5707963267948966,
    "exposure": 0,
    "health": 100,
    "key": false,
    "noise": 0,
    "objective": false,
    "path": [],
    "run": false,
    "x": 3.5,
    "y": 19.5
  },
  "preset": "glasshouse",
  "replay": null,
  "result": null,
  "securityOff": false,
  "seed": "NIGHT-017",
  "selected": 0,
  "smokes": [],
  "sounds": [],
  "storageOK": true,
  "terminals": [
    {
      "name": "Access terminal",
      "type": "badge",
      "used": false,
      "x": 3.5,
      "y": 18.5
    },
    {
      "name": "Security terminal",
      "type": "security",
      "used": false,
      "x": 13.5,
      "y": 3.5
    }
  ],
  "time": 0,
  "touchDirections": [],
  "view": {
    "height": 475,
    "scale": 18.60869565217391,
    "width": 918,
    "x": 133.3478260869565,
    "y": 23.5
  }
}

$ agent-browser --session blackline find role button click --name Done
✓ Done

$ agent-browser --session blackline reload
file:///home/pyro/projects/naked/astra/bench/10-stealth-heist/index.html

$ agent-browser --session blackline find role button click --name Settings
✓ Done

$ agent-browser --session blackline eval ({master:document.querySelector("#masterVolume").value,effects:document.querySelector("#effectsVolume").value,reduced:document.querySelector("#reducedMotion").checked})
{
  "effects": "99",
  "master": "2",
  "reduced": true
}

$ agent-browser --session blackline focus #masterVolume
✓ Done

$ agent-browser --session blackline press Home
✓ Done

$ agent-browser --session blackline press PageUp
✓ Done

$ agent-browser --session blackline press PageUp
✓ Done

$ agent-browser --session blackline press PageUp
✓ Done

$ agent-browser --session blackline press PageUp
✓ Done

$ agent-browser --session blackline press PageUp
✓ Done

$ agent-browser --session blackline focus #effectsVolume
✓ Done

$ agent-browser --session blackline press Home
✓ Done

$ agent-browser --session blackline press PageUp
✓ Done

$ agent-browser --session blackline press PageUp
✓ Done

$ agent-browser --session blackline press PageUp
✓ Done

$ agent-browser --session blackline press PageUp
✓ Done

$ agent-browser --session blackline press PageUp
✓ Done

$ agent-browser --session blackline press PageUp
✓ Done

$ agent-browser --session blackline press ArrowRight
✓ Done

$ agent-browser --session blackline press ArrowRight
✓ Done

$ agent-browser --session blackline press ArrowRight
✓ Done

$ agent-browser --session blackline press ArrowRight
✓ Done

$ agent-browser --session blackline press ArrowRight
✓ Done

$ agent-browser --session blackline uncheck #reducedMotion
✓ Done

$ agent-browser --session blackline find role button click --name Done
✓ Done

$ agent-browser --session blackline find role button click --name 'New mission'
✓ Done

$ agent-browser --session blackline find role button click --name 'Black Vault'
✓ Done

$ agent-browser --session blackline find label 'Mission seed' fill DENSITY-08
✓ Done

$ agent-browser --session blackline select #difficultyInput elite
✓ Done

$ agent-browser --session blackline find role button click --name 'Generate mission'
✓ Done

$ agent-browser --session blackline find role button click --name Infiltrate
✓ Done

$ agent-browser --session blackline eval BLACKLINE.snapshot()
{
  "action": null,
  "alarms": 0,
  "alert": 0,
  "audio": {
    "activeNodes": 1,
    "effects": 0.65,
    "enabled": true,
    "master": 0.5,
    "state": "running"
  },
  "cameras": [
    {
      "angle": 3.141592653589793,
      "base": 3.141592653589793,
      "disabled": 0,
      "phase": 4.266480044927448,
      "suspicion": 0,
      "x": 38.9,
      "y": 12.5
    },
    {
      "angle": 2.2,
      "base": 2.2,
      "disabled": 0,
      "phase": 3.5706926858983934,
      "suspicion": 0,
      "x": 38.5,
      "y": 2.5
    }
  ],
  "charges": [
    2,
    1,
    1
  ],
  "cooldown": 0,
  "detections": 0,
  "diagnostics": {
    "collision": false,
    "memory": false,
    "navigation": false,
    "perception": false,
    "sound": false,
    "timing": false
  },
  "difficulty": "elite",
  "doors": [
    {
      "anim": 0,
      "id": 0,
      "locked": false,
      "open": false,
      "x": 7,
      "y": 10
    },
    {
      "anim": 0,
      "id": 1,
      "locked": false,
      "open": false,
      "x": 21,
      "y": 10
    },
    {
      "anim": 0,
      "id": 2,
      "locked": true,
      "open": false,
      "x": 32,
      "y": 10
    },
    {
      "anim": 0,
      "id": 3,
      "locked": false,
      "open": false,
      "x": 5,
      "y": 14
    },
    {
      "anim": 0,
      "id": 4,
      "locked": false,
      "open": false,
      "x": 21,
      "y": 14
    },
    {
      "anim": 0,
      "id": 5,
      "locked": false,
      "open": false,
      "x": 33,
      "y": 14
    }
  ],
  "events": [
    {
      "t": 0,
      "text": "Operation underway.",
      "type": "start"
    }
  ],
  "exit": {
    "x": 3.5,
    "y": 21.5
  },
  "fingerprint": "304e0d61",
  "fps": 49.211340680996706,
  "frameTime": 2.0999999940395355,
  "guards": [
    {
      "angle": 1.5707963267948966,
      "capture": 0,
      "heardId": 0,
      "id": 1,
      "lastKnown": null,
      "lost": 0,
      "path": [],
      "radio": 0,
      "repath": 0,
      "route": [
        {
          "x": 7.5,
          "y": 2.5
        },
        {
          "x": 7.5,
          "y": 8.5
        },
        {
          "x": 7.5,
          "y": 12.5
        },
        {
          "x": 11.5,
          "y": 12.5
        },
        {
          "x": 7.5,
          "y": 12.5
        }
      ],
      "searchTime": 0,
      "seeing": false,
      "state": "patrol",
      "suspicion": 0,
      "wait": 0,
      "wp": 1,
      "x": 7.5,
      "y": 2.5
    },
    {
      "angle": 3.141592653589793,
      "capture": 0,
      "heardId": 0,
      "id": 2,
      "lastKnown": null,
      "lost": 0,
      "path": [],
      "radio": 0,
      "repath": 0,
      "route": [
        {
          "x": 21.5,
          "y": 2.5
        },
        {
          "x": 21.5,
          "y": 8.5
        },
        {
          "x": 21.5,
          "y": 12.5
        },
        {
          "x": 25.5,
          "y": 12.5
        },
        {
          "x": 21.5,
          "y": 12.5
        }
      ],
      "searchTime": 0,
      "seeing": false,
      "state": "patrol",
      "suspicion": 0,
      "wait": 0,
      "wp": 4,
      "x": 25.5,
      "y": 12.5
    },
    {
      "angle": 1.5707963267948966,
      "capture": 0,
      "heardId": 0,
      "id": 3,
      "lastKnown": null,
      "lost": 0,
      "path": [],
      "radio": 0,
      "repath": 0,
      "route": [
        {
          "x": 32.5,
          "y": 2.5
        },
        {
          "x": 32.5,
          "y": 8.5
        },
        {
          "x": 32.5,
          "y": 12.5
        },
        {
          "x": 36.5,
          "y": 12.5
        },
        {
          "x": 32.5,
          "y": 12.5
        }
      ],
      "searchTime": 0,
      "seeing": false,
      "state": "patrol",
      "suspicion": 0,
      "wait": 0,
      "wp": 1,
      "x": 32.5,
      "y": 2.5
    },
    {
      "angle": 3.141592653589793,
      "capture": 0,
      "heardId": 0,
      "id": 4,
      "lastKnown": null,
      "lost": 0,
      "path": [],
      "radio": 0,
      "repath": 0,
      "route": [
        {
          "x": 7.5,
          "y": 2.5
        },
        {
          "x": 7.5,
          "y": 8.5
        },
        {
          "x": 7.5,
          "y": 12.5
        },
        {
          "x": 11.5,
          "y": 12.5
        },
        {
          "x": 7.5,
          "y": 12.5
        }
      ],
      "searchTime": 0,
      "seeing": false,
      "state": "patrol",
      "suspicion": 0,
      "wait": 0,
      "wp": 4,
      "x": 11.5,
      "y": 12.5
    },
    {
      "angle": 1.5707963267948966,
      "capture": 0,
      "heardId": 0,
      "id": 5,
      "lastKnown": null,
      "lost": 0,
      "path": [],
      "radio": 0,
      "repath": 0,
      "route": [
        {
          "x": 21.5,
          "y": 2.5
        },
        {
          "x": 21.5,
          "y": 8.5
        },
        {
          "x": 21.5,
          "y": 12.5
        },
        {
          "x": 25.5,
          "y": 12.5
        },
        {
          "x": 21.5,
          "y": 12.5
        }
      ],
      "searchTime": 0,
      "seeing": false,
      "state": "patrol",
      "suspicion": 0,
      "wait": 0,
      "wp": 1,
      "x": 21.5,
      "y": 2.5
    },
    {
      "angle": 3.141592653589793,
      "capture": 0,
      "heardId": 0,
      "id": 6,
      "lastKnown": null,
      "lost": 0,
      "path": [],
      "radio": 0,
      "repath": 0,
      "route": [
        {
          "x": 32.5,
          "y": 2.5
        },
        {
          "x": 32.5,
          "y": 8.5
        },
        {
          "x": 32.5,
          "y": 12.5
        },
        {
          "x": 36.5,
          "y": 12.5
        },
        {
          "x": 32.5,
          "y": 12.5
        }
      ],
      "searchTime": 0,
      "seeing": false,
      "state": "patrol",
      "suspicion": 0,
      "wait": 0,
      "wp": 4,
      "x": 36.5,
      "y": 12.5
    },
    {
      "angle": 1.5707963267948966,
      "capture": 0,
      "heardId": 0,
      "id": 7,
      "lastKnown": null,
      "lost": 0,
      "path": [],
      "radio": 0,
      "repath": 0,
      "route": [
        {
          "x": 7.5,
          "y": 2.5
        },
        {
          "x": 7.5,
          "y": 8.5
        },
        {
          "x": 7.5,
          "y": 12.5
        },
        {
          "x": 11.5,
          "y": 12.5
        },
        {
          "x": 7.5,
          "y": 12.5
        }
      ],
      "searchTime": 0,
      "seeing": false,
      "state": "patrol",
      "suspicion": 0,
      "wait": 0,
      "wp": 1,
      "x": 7.5,
      "y": 2.5
    },
    {
      "angle": 3.141592653589793,
      "capture": 0,
      "heardId": 0,
      "id": 8,
      "lastKnown": null,
      "lost": 0,
      "path": [],
      "radio": 0,
      "repath": 0,
      "route": [
        {
          "x": 21.5,
          "y": 2.5
        },
        {
          "x": 21.5,
          "y": 8.5
        },
        {
          "x": 21.5,
          "y": 12.5
        },
        {
          "x": 25.5,
          "y": 12.5
        },
        {
          "x": 21.5,
          "y": 12.5
        }
      ],
      "searchTime": 0,
      "seeing": false,
      "state": "patrol",
      "suspicion": 0,
      "wait": 0,
      "wp": 4,
      "x": 25.5,
      "y": 12.5
    }
  ],
  "historyCount": 2,
  "keys": [],
  "objective": {
    "collected": false,
    "x": 36.5,
    "y": 3.5
  },
  "paused": false,
  "phase": "active",
  "player": {
    "angle": -1.5707963267948966,
    "exposure": 0,
    "health": 100,
    "key": false,
    "noise": 0,
    "objective": false,
    "path": [],
    "run": false,
    "x": 3.5,
    "y": 21.5
  },
  "preset": "blackvault",
  "replay": null,
  "result": null,
  "securityOff": false,
  "seed": "DENSITY-08",
  "selected": 0,
  "smokes": [],
  "sounds": [],
  "storageOK": true,
  "terminals": [
    {
      "name": "Access terminal",
      "type": "badge",
      "used": false,
      "x": 3.5,
      "y": 20.5
    },
    {
      "name": "Security terminal",
      "type": "security",
      "used": false,
      "x": 15.5,
      "y": 3.5
    }
  ],
  "time": 0,
  "touchDirections": [],
  "view": {
    "height": 475,
    "scale": 17.12,
    "width": 918,
    "x": 108.03999999999996,
    "y": 23.5
  }
}

$ agent-browser --session blackline find role button click --name 'New mission'
✓ Done

$ agent-browser --session blackline find role button click --name 'Generate mission'
✓ Done

$ agent-browser --session blackline eval BLACKLINE.snapshot()
{
  "action": null,
  "alarms": 0,
  "alert": 0,
  "audio": {
    "activeNodes": 0,
    "effects": 0.65,
    "enabled": true,
    "master": 0.5,
    "state": "running"
  },
  "cameras": [
    {
      "angle": 3.141592653589793,
      "base": 3.141592653589793,
      "disabled": 0,
      "phase": 4.266480044927448,
      "suspicion": 0,
      "x": 38.9,
      "y": 12.5
    },
    {
      "angle": 2.2,
      "base": 2.2,
      "disabled": 0,
      "phase": 3.5706926858983934,
      "suspicion": 0,
      "x": 38.5,
      "y": 2.5
    }
  ],
  "charges": [
    2,
    1,
    1
  ],
  "cooldown": 0,
  "detections": 0,
  "diagnostics": {
    "collision": false,
    "memory": false,
    "navigation": false,
    "perception": false,
    "sound": false,
    "timing": false
  },
  "difficulty": "elite",
  "doors": [
    {
      "anim": 0,
      "id": 0,
      "locked": false,
      "open": false,
      "x": 7,
      "y": 10
    },
    {
      "anim": 0,
      "id": 1,
      "locked": false,
      "open": false,
      "x": 21,
      "y": 10
    },
    {
      "anim": 0,
      "id": 2,
      "locked": true,
      "open": false,
      "x": 32,
      "y": 10
    },
    {
      "anim": 0,
      "id": 3,
      "locked": false,
      "open": false,
      "x": 5,
      "y": 14
    },
    {
      "anim": 0,
      "id": 4,
      "locked": false,
      "open": false,
      "x": 21,
      "y": 14
    },
    {
      "anim": 0,
      "id": 5,
      "locked": false,
      "open": false,
      "x": 33,
      "y": 14
    }
  ],
  "events": [],
  "exit": {
    "x": 3.5,
    "y": 21.5
  },
  "fingerprint": "304e0d61",
  "fps": 48.64362613397513,
  "frameTime": 1.9000000059604645,
  "guards": [
    {
      "angle": 1.5707963267948966,
      "capture": 0,
      "heardId": 0,
      "id": 1,
      "lastKnown": null,
      "lost": 0,
      "path": [],
      "radio": 0,
      "repath": 0,
      "route": [
        {
          "x": 7.5,
          "y": 2.5
        },
        {
          "x": 7.5,
          "y": 8.5
        },
        {
          "x": 7.5,
          "y": 12.5
        },
        {
          "x": 11.5,
          "y": 12.5
        },
        {
          "x": 7.5,
          "y": 12.5
        }
      ],
      "searchTime": 0,
      "seeing": false,
      "state": "patrol",
      "suspicion": 0,
      "wait": 0,
      "wp": 1,
      "x": 7.5,
      "y": 2.5
    },
    {
      "angle": 3.141592653589793,
      "capture": 0,
      "heardId": 0,
      "id": 2,
      "lastKnown": null,
      "lost": 0,
      "path": [],
      "radio": 0,
      "repath": 0,
      "route": [
        {
          "x": 21.5,
          "y": 2.5
        },
        {
          "x": 21.5,
          "y": 8.5
        },
        {
          "x": 21.5,
          "y": 12.5
        },
        {
          "x": 25.5,
          "y": 12.5
        },
        {
          "x": 21.5,
          "y": 12.5
        }
      ],
      "searchTime": 0,
      "seeing": false,
      "state": "patrol",
      "suspicion": 0,
      "wait": 0,
      "wp": 4,
      "x": 25.5,
      "y": 12.5
    },
    {
      "angle": 1.5707963267948966,
      "capture": 0,
      "heardId": 0,
      "id": 3,
      "lastKnown": null,
      "lost": 0,
      "path": [],
      "radio": 0,
      "repath": 0,
      "route": [
        {
          "x": 32.5,
          "y": 2.5
        },
        {
          "x": 32.5,
          "y": 8.5
        },
        {
          "x": 32.5,
          "y": 12.5
        },
        {
          "x": 36.5,
          "y": 12.5
        },
        {
          "x": 32.5,
          "y": 12.5
        }
      ],
      "searchTime": 0,
      "seeing": false,
      "state": "patrol",
      "suspicion": 0,
      "wait": 0,
      "wp": 1,
      "x": 32.5,
      "y": 2.5
    },
    {
      "angle": 3.141592653589793,
      "capture": 0,
      "heardId": 0,
      "id": 4,
      "lastKnown": null,
      "lost": 0,
      "path": [],
      "radio": 0,
      "repath": 0,
      "route": [
        {
          "x": 7.5,
          "y": 2.5
        },
        {
          "x": 7.5,
          "y": 8.5
        },
        {
          "x": 7.5,
          "y": 12.5
        },
        {
          "x": 11.5,
          "y": 12.5
        },
        {
          "x": 7.5,
          "y": 12.5
        }
      ],
      "searchTime": 0,
      "seeing": false,
      "state": "patrol",
      "suspicion": 0,
      "wait": 0,
      "wp": 4,
      "x": 11.5,
      "y": 12.5
    },
    {
      "angle": 1.5707963267948966,
      "capture": 0,
      "heardId": 0,
      "id": 5,
      "lastKnown": null,
      "lost": 0,
      "path": [],
      "radio": 0,
      "repath": 0,
      "route": [
        {
          "x": 21.5,
          "y": 2.5
        },
        {
          "x": 21.5,
          "y": 8.5
        },
        {
          "x": 21.5,
          "y": 12.5
        },
        {
          "x": 25.5,
          "y": 12.5
        },
        {
          "x": 21.5,
          "y": 12.5
        }
      ],
      "searchTime": 0,
      "seeing": false,
      "state": "patrol",
      "suspicion": 0,
      "wait": 0,
      "wp": 1,
      "x": 21.5,
      "y": 2.5
    },
    {
      "angle": 3.141592653589793,
      "capture": 0,
      "heardId": 0,
      "id": 6,
      "lastKnown": null,
      "lost": 0,
      "path": [],
      "radio": 0,
      "repath": 0,
      "route": [
        {
          "x": 32.5,
          "y": 2.5
        },
        {
          "x": 32.5,
          "y": 8.5
        },
        {
          "x": 32.5,
          "y": 12.5
        },
        {
          "x": 36.5,
          "y": 12.5
        },
        {
          "x": 32.5,
          "y": 12.5
        }
      ],
      "searchTime": 0,
      "seeing": false,
      "state": "patrol",
      "suspicion": 0,
      "wait": 0,
      "wp": 4,
      "x": 36.5,
      "y": 12.5
    },
    {
      "angle": 1.5707963267948966,
      "capture": 0,
      "heardId": 0,
      "id": 7,
      "lastKnown": null,
      "lost": 0,
      "path": [],
      "radio": 0,
      "repath": 0,
      "route": [
        {
          "x": 7.5,
          "y": 2.5
        },
        {
          "x": 7.5,
          "y": 8.5
        },
        {
          "x": 7.5,
          "y": 12.5
        },
        {
          "x": 11.5,
          "y": 12.5
        },
        {
          "x": 7.5,
          "y": 12.5
        }
      ],
      "searchTime": 0,
      "seeing": false,
      "state": "patrol",
      "suspicion": 0,
      "wait": 0,
      "wp": 1,
      "x": 7.5,
      "y": 2.5
    },
    {
      "angle": 3.141592653589793,
      "capture": 0,
      "heardId": 0,
      "id": 8,
      "lastKnown": null,
      "lost": 0,
      "path": [],
      "radio": 0,
      "repath": 0,
      "route": [
        {
          "x": 21.5,
          "y": 2.5
        },
        {
          "x": 21.5,
          "y": 8.5
        },
        {
          "x": 21.5,
          "y": 12.5
        },
        {
          "x": 25.5,
          "y": 12.5
        },
        {
          "x": 21.5,
          "y": 12.5
        }
      ],
      "searchTime": 0,
      "seeing": false,
      "state": "patrol",
      "suspicion": 0,
      "wait": 0,
      "wp": 4,
      "x": 25.5,
      "y": 12.5
    }
  ],
  "historyCount": 2,
  "keys": [],
  "objective": {
    "collected": false,
    "x": 36.5,
    "y": 3.5
  },
  "paused": false,
  "phase": "briefing",
  "player": {
    "angle": -1.5707963267948966,
    "exposure": 0,
    "health": 100,
    "key": false,
    "noise": 0,
    "objective": false,
    "path": [],
    "run": false,
    "x": 3.5,
    "y": 21.5
  },
  "preset": "blackvault",
  "replay": null,
  "result": null,
  "securityOff": false,
  "seed": "DENSITY-08",
  "selected": 0,
  "smokes": [],
  "sounds": [],
  "storageOK": true,
  "terminals": [
    {
      "name": "Access terminal",
      "type": "badge",
      "used": false,
      "x": 3.5,
      "y": 20.5
    },
    {
      "name": "Security terminal",
      "type": "security",
      "used": false,
      "x": 15.5,
      "y": 3.5
    }
  ],
  "time": 0,
  "touchDirections": [],
  "view": {
    "height": 475,
    "scale": 17.12,
    "width": 918,
    "x": 108.03999999999996,
    "y": 23.5
  }
}

$ agent-browser --session blackline eval BLACKLINE.snapshot()
{
  "action": null,
  "alarms": 0,
  "alert": 0,
  "audio": {
    "activeNodes": 0,
    "effects": 0.65,
    "enabled": true,
    "master": 0.5,
    "state": "running"
  },
  "cameras": [
    {
      "angle": 3.141592653589793,
      "base": 3.141592653589793,
      "disabled": 0,
      "phase": 4.266480044927448,
      "suspicion": 0,
      "x": 38.9,
      "y": 12.5
    },
    {
      "angle": 2.2,
      "base": 2.2,
      "disabled": 0,
      "phase": 3.5706926858983934,
      "suspicion": 0,
      "x": 38.5,
      "y": 2.5
    }
  ],
  "charges": [
    2,
    1,
    1
  ],
  "cooldown": 0,
  "detections": 0,
  "diagnostics": {
    "collision": false,
    "memory": false,
    "navigation": false,
    "perception": false,
    "sound": false,
    "timing": false
  },
  "difficulty": "elite",
  "doors": [
    {
      "anim": 0,
      "id": 0,
      "locked": false,
      "open": false,
      "x": 7,
      "y": 10
    },
    {
      "anim": 0,
      "id": 1,
      "locked": false,
      "open": false,
      "x": 21,
      "y": 10
    },
    {
      "anim": 0,
      "id": 2,
      "locked": true,
      "open": false,
      "x": 32,
      "y": 10
    },
    {
      "anim": 0,
      "id": 3,
      "locked": false,
      "open": false,
      "x": 5,
      "y": 14
    },
    {
      "anim": 0,
      "id": 4,
      "locked": false,
      "open": false,
      "x": 21,
      "y": 14
    },
    {
      "anim": 0,
      "id": 5,
      "locked": false,
      "open": false,
      "x": 33,
      "y": 14
    }
  ],
  "events": [],
  "exit": {
    "x": 3.5,
    "y": 21.5
  },
  "fingerprint": "304e0d61",
  "fps": 48.64362613397513,
  "frameTime": 1.9000000059604645,
  "guards": [
    {
      "angle": 1.5707963267948966,
      "capture": 0,
      "heardId": 0,
      "id": 1,
      "lastKnown": null,
      "lost": 0,
      "path": [],
      "radio": 0,
      "repath": 0,
      "route": [
        {
          "x": 7.5,
          "y": 2.5
        },
        {
          "x": 7.5,
          "y": 8.5
        },
        {
          "x": 7.5,
          "y": 12.5
        },
        {
          "x": 11.5,
          "y": 12.5
        },
        {
          "x": 7.5,
          "y": 12.5
        }
      ],
      "searchTime": 0,
      "seeing": false,
      "state": "patrol",
      "suspicion": 0,
      "wait": 0,
      "wp": 1,
      "x": 7.5,
      "y": 2.5
    },
    {
      "angle": 3.141592653589793,
      "capture": 0,
      "heardId": 0,
      "id": 2,
      "lastKnown": null,
      "lost": 0,
      "path": [],
      "radio": 0,
      "repath": 0,
      "route": [
        {
          "x": 21.5,
          "y": 2.5
        },
        {
          "x": 21.5,
          "y": 8.5
        },
        {
          "x": 21.5,
          "y": 12.5
        },
        {
          "x": 25.5,
          "y": 12.5
        },
        {
          "x": 21.5,
          "y": 12.5
        }
      ],
      "searchTime": 0,
      "seeing": false,
      "state": "patrol",
      "suspicion": 0,
      "wait": 0,
      "wp": 4,
      "x": 25.5,
      "y": 12.5
    },
    {
      "angle": 1.5707963267948966,
      "capture": 0,
      "heardId": 0,
      "id": 3,
      "lastKnown": null,
      "lost": 0,
      "path": [],
      "radio": 0,
      "repath": 0,
      "route": [
        {
          "x": 32.5,
          "y": 2.5
        },
        {
          "x": 32.5,
          "y": 8.5
        },
        {
          "x": 32.5,
          "y": 12.5
        },
        {
          "x": 36.5,
          "y": 12.5
        },
        {
          "x": 32.5,
          "y": 12.5
        }
      ],
      "searchTime": 0,
      "seeing": false,
      "state": "patrol",
      "suspicion": 0,
      "wait": 0,
      "wp": 1,
      "x": 32.5,
      "y": 2.5
    },
    {
      "angle": 3.141592653589793,
      "capture": 0,
      "heardId": 0,
      "id": 4,
      "lastKnown": null,
      "lost": 0,
      "path": [],
      "radio": 0,
      "repath": 0,
      "route": [
        {
          "x": 7.5,
          "y": 2.5
        },
        {
          "x": 7.5,
          "y": 8.5
        },
        {
          "x": 7.5,
          "y": 12.5
        },
        {
          "x": 11.5,
          "y": 12.5
        },
        {
          "x": 7.5,
          "y": 12.5
        }
      ],
      "searchTime": 0,
      "seeing": false,
      "state": "patrol",
      "suspicion": 0,
      "wait": 0,
      "wp": 4,
      "x": 11.5,
      "y": 12.5
    },
    {
      "angle": 1.5707963267948966,
      "capture": 0,
      "heardId": 0,
      "id": 5,
      "lastKnown": null,
      "lost": 0,
      "path": [],
      "radio": 0,
      "repath": 0,
      "route": [
        {
          "x": 21.5,
          "y": 2.5
        },
        {
          "x": 21.5,
          "y": 8.5
        },
        {
          "x": 21.5,
          "y": 12.5
        },
        {
          "x": 25.5,
          "y": 12.5
        },
        {
          "x": 21.5,
          "y": 12.5
        }
      ],
      "searchTime": 0,
      "seeing": false,
      "state": "patrol",
      "suspicion": 0,
      "wait": 0,
      "wp": 1,
      "x": 21.5,
      "y": 2.5
    },
    {
      "angle": 3.141592653589793,
      "capture": 0,
      "heardId": 0,
      "id": 6,
      "lastKnown": null,
      "lost": 0,
      "path": [],
      "radio": 0,
      "repath": 0,
      "route": [
        {
          "x": 32.5,
          "y": 2.5
        },
        {
          "x": 32.5,
          "y": 8.5
        },
        {
          "x": 32.5,
          "y": 12.5
        },
        {
          "x": 36.5,
          "y": 12.5
        },
        {
          "x": 32.5,
          "y": 12.5
        }
      ],
      "searchTime": 0,
      "seeing": false,
      "state": "patrol",
      "suspicion": 0,
      "wait": 0,
      "wp": 4,
      "x": 36.5,
      "y": 12.5
    },
    {
      "angle": 1.5707963267948966,
      "capture": 0,
      "heardId": 0,
      "id": 7,
      "lastKnown": null,
      "lost": 0,
      "path": [],
      "radio": 0,
      "repath": 0,
      "route": [
        {
          "x": 7.5,
          "y": 2.5
        },
        {
          "x": 7.5,
          "y": 8.5
        },
        {
          "x": 7.5,
          "y": 12.5
        },
        {
          "x": 11.5,
          "y": 12.5
        },
        {
          "x": 7.5,
          "y": 12.5
        }
      ],
      "searchTime": 0,
      "seeing": false,
      "state": "patrol",
      "suspicion": 0,
      "wait": 0,
      "wp": 1,
      "x": 7.5,
      "y": 2.5
    },
    {
      "angle": 3.141592653589793,
      "capture": 0,
      "heardId": 0,
      "id": 8,
      "lastKnown": null,
      "lost": 0,
      "path": [],
      "radio": 0,
      "repath": 0,
      "route": [
        {
          "x": 21.5,
          "y": 2.5
        },
        {
          "x": 21.5,
          "y": 8.5
        },
        {
          "x": 21.5,
          "y": 12.5
        },
        {
          "x": 25.5,
          "y": 12.5
        },
        {
          "x": 21.5,
          "y": 12.5
        }
      ],
      "searchTime": 0,
      "seeing": false,
      "state": "patrol",
      "suspicion": 0,
      "wait": 0,
      "wp": 4,
      "x": 25.5,
      "y": 12.5
    }
  ],
  "historyCount": 2,
  "keys": [],
  "objective": {
    "collected": false,
    "x": 36.5,
    "y": 3.5
  },
  "paused": false,
  "phase": "briefing",
  "player": {
    "angle": -1.5707963267948966,
    "exposure": 0,
    "health": 100,
    "key": false,
    "noise": 0,
    "objective": false,
    "path": [],
    "run": false,
    "x": 3.5,
    "y": 21.5
  },
  "preset": "blackvault",
  "replay": null,
  "result": null,
  "securityOff": false,
  "seed": "DENSITY-08",
  "selected": 0,
  "smokes": [],
  "sounds": [],
  "storageOK": true,
  "terminals": [
    {
      "name": "Access terminal",
      "type": "badge",
      "used": false,
      "x": 3.5,
      "y": 20.5
    },
    {
      "name": "Security terminal",
      "type": "security",
      "used": false,
      "x": 15.5,
      "y": 3.5
    }
  ],
  "time": 0,
  "touchDirections": [],
  "view": {
    "height": 475,
    "scale": 17.12,
    "width": 918,
    "x": 108.03999999999996,
    "y": 23.5
  }
}

$ agent-browser --session blackline find role button click --name 'New mission'
✓ Done

$ agent-browser --session blackline find label 'Mission seed' fill DENSITY-09
✓ Done

$ agent-browser --session blackline find role button click --name 'Generate mission'
✓ Done

$ agent-browser --session blackline eval BLACKLINE.snapshot()
{
  "action": null,
  "alarms": 0,
  "alert": 0,
  "audio": {
    "activeNodes": 0,
    "effects": 0.65,
    "enabled": true,
    "master": 0.5,
    "state": "running"
  },
  "cameras": [
    {
      "angle": 3.525553961627624,
      "base": 3.141592653589793,
      "disabled": 0,
      "phase": 2.14700758131221,
      "seeing": false,
      "suspicion": 0,
      "x": 38.9,
      "y": 12.5
    },
    {
      "angle": 1.807119766260299,
      "base": 2.2,
      "disabled": 0,
      "phase": 4.158386518713087,
      "seeing": false,
      "suspicion": 0,
      "x": 38.5,
      "y": 2.5
    }
  ],
  "charges": [
    2,
    1,
    1
  ],
  "cooldown": 0,
  "detections": 0,
  "diagnostics": {
    "collision": false,
    "memory": false,
    "navigation": false,
    "perception": false,
    "sound": false,
    "timing": false
  },
  "difficulty": "elite",
  "doors": [
    {
      "anim": 0,
      "id": 0,
      "locked": false,
      "open": false,
      "x": 7,
      "y": 10
    },
    {
      "anim": 0,
      "id": 1,
      "locked": false,
      "open": false,
      "x": 20,
      "y": 10
    },
    {
      "anim": 0,
      "id": 2,
      "locked": true,
      "open": false,
      "x": 32,
      "y": 10
    },
    {
      "anim": 0,
      "id": 3,
      "locked": false,
      "open": false,
      "x": 6,
      "y": 14
    },
    {
      "anim": 0,
      "id": 4,
      "locked": false,
      "open": false,
      "x": 19,
      "y": 14
    },
    {
      "anim": 0,
      "id": 5,
      "locked": false,
      "open": false,
      "x": 32,
      "y": 14
    }
  ],
  "events": [],
  "exit": {
    "x": 3.5,
    "y": 21.5
  },
  "fingerprint": "4b8e5749",
  "fps": 47.30700381913397,
  "frameTime": 1.699999988079071,
  "guards": [
    {
      "angle": 1.5707963267948966,
      "capture": 0,
      "heardId": 0,
      "id": 1,
      "lastKnown": null,
      "lost": 0,
      "path": [
        {
          "x": 7.5,
          "y": 3.5
        },
        {
          "x": 7.5,
          "y": 4.5
        },
        {
          "x": 7.5,
          "y": 5.5
        },
        {
          "x": 7.5,
          "y": 6.5
        },
        {
          "x": 7.5,
          "y": 7.5
        },
        {
          "x": 7.5,
          "y": 8.5
        }
      ],
      "radio": 0,
      "repath": 0.5750000000000001,
      "route": [
        {
          "x": 7.5,
          "y": 2.5
        },
        {
          "x": 7.5,
          "y": 8.5
        },
        {
          "x": 7.5,
          "y": 12.5
        },
        {
          "x": 11.5,
          "y": 12.5
        },
        {
          "x": 7.5,
          "y": 12.5
        }
      ],
      "searchTime": 0,
      "seeing": false,
      "state": "patrol",
      "suspicion": 0,
      "wait": 0,
      "wp": 1,
      "x": 7.5,
      "y": 2.5275
    },
    {
      "angle": 3.141592653589793,
      "capture": 0,
      "heardId": 0,
      "id": 2,
      "lastKnown": null,
      "lost": 0,
      "path": [
        {
          "x": 23.5,
          "y": 12.5
        },
        {
          "x": 22.5,
          "y": 12.5
        },
        {
          "x": 21.5,
          "y": 12.5
        },
        {
          "x": 20.5,
          "y": 12.5
        }
      ],
      "radio": 0,
      "repath": 0.6000000000000001,
      "route": [
        {
          "x": 20.5,
          "y": 2.5
        },
        {
          "x": 20.5,
          "y": 8.5
        },
        {
          "x": 20.5,
          "y": 12.5
        },
        {
          "x": 24.5,
          "y": 12.5
        },
        {
          "x": 20.5,
          "y": 12.5
        }
      ],
      "searchTime": 0,
      "seeing": false,
      "state": "patrol",
      "suspicion": 0,
      "wait": 0,
      "wp": 4,
      "x": 24.4725,
      "y": 12.5
    },
    {
      "angle": 1.5707963267948966,
      "capture": 0,
      "heardId": 0,
      "id": 3,
      "lastKnown": null,
      "lost": 0,
      "path": [
        {
          "x": 32.5,
          "y": 3.5
        },
        {
          "x": 32.5,
          "y": 4.5
        },
        {
          "x": 32.5,
          "y": 5.5
        },
        {
          "x": 32.5,
          "y": 6.5
        },
        {
          "x": 32.5,
          "y": 7.5
        },
        {
          "x": 32.5,
          "y": 8.5
        }
      ],
      "radio": 0,
      "repath": 0.625,
      "route": [
        {
          "x": 32.5,
          "y": 2.5
        },
        {
          "x": 32.5,
          "y": 8.5
        },
        {
          "x": 32.5,
          "y": 12.5
        },
        {
          "x": 36.5,
          "y": 12.5
        },
        {
          "x": 32.5,
          "y": 12.5
        }
      ],
      "searchTime": 0,
      "seeing": false,
      "state": "patrol",
      "suspicion": 0,
      "wait": 0,
      "wp": 1,
      "x": 32.5,
      "y": 2.5275
    },
    {
      "angle": 3.141592653589793,
      "capture": 0,
      "heardId": 0,
      "id": 4,
      "lastKnown": null,
      "lost": 0,
      "path": [
        {
          "x": 10.5,
          "y": 12.5
        },
        {
          "x": 9.5,
          "y": 12.5
        },
        {
          "x": 8.5,
          "y": 12.5
        },
        {
          "x": 7.5,
          "y": 12.5
        }
      ],
      "radio": 0,
      "repath": 0.65,
      "route": [
        {
          "x": 7.5,
          "y": 2.5
        },
        {
          "x": 7.5,
          "y": 8.5
        },
        {
          "x": 7.5,
          "y": 12.5
        },
        {
          "x": 11.5,
          "y": 12.5
        },
        {
          "x": 7.5,
          "y": 12.5
        }
      ],
      "searchTime": 0,
      "seeing": false,
      "state": "patrol",
      "suspicion": 0,
      "wait": 0,
      "wp": 4,
      "x": 11.4725,
      "y": 12.5
    },
    {
      "angle": 1.5707963267948966,
      "capture": 0,
      "heardId": 0,
      "id": 5,
      "lastKnown": null,
      "lost": 0,
      "path": [
        {
          "x": 20.5,
          "y": 3.5
        },
        {
          "x": 20.5,
          "y": 4.5
        },
        {
          "x": 20.5,
          "y": 5.5
        },
        {
          "x": 20.5,
          "y": 6.5
        },
        {
          "x": 20.5,
          "y": 7.5
        },
        {
          "x": 20.5,
          "y": 8.5
        }
      ],
      "radio": 0,
      "repath": 0.675,
      "route": [
        {
          "x": 20.5,
          "y": 2.5
        },
        {
          "x": 20.5,
          "y": 8.5
        },
        {
          "x": 20.5,
          "y": 12.5
        },
        {
          "x": 24.5,
          "y": 12.5
        },
        {
          "x": 20.5,
          "y": 12.5
        }
      ],
      "searchTime": 0,
      "seeing": false,
      "state": "patrol",
      "suspicion": 0,
      "wait": 0,
      "wp": 1,
      "x": 20.5,
      "y": 2.5275
    },
    {
      "angle": 3.141592653589793,
      "capture": 0,
      "heardId": 0,
      "id": 6,
      "lastKnown": null,
      "lost": 0,
      "path": [
        {
          "x": 35.5,
          "y": 12.5
        },
        {
          "x": 34.5,
          "y": 12.5
        },
        {
          "x": 33.5,
          "y": 12.5
        },
        {
          "x": 32.5,
          "y": 12.5
        }
      ],
      "radio": 0,
      "repath": 0.7000000000000001,
      "route": [
        {
          "x": 32.5,
          "y": 2.5
        },
        {
          "x": 32.5,
          "y": 8.5
        },
        {
          "x": 32.5,
          "y": 12.5
        },
        {
          "x": 36.5,
          "y": 12.5
        },
        {
          "x": 32.5,
          "y": 12.5
        }
      ],
      "searchTime": 0,
      "seeing": false,
      "state": "patrol",
      "suspicion": 0,
      "wait": 0,
      "wp": 4,
      "x": 36.4725,
      "y": 12.5
    },
    {
      "angle": 1.5707963267948966,
      "capture": 0,
      "heardId": 0,
      "id": 7,
      "lastKnown": null,
      "lost": 0,
      "path": [
        {
          "x": 7.5,
          "y": 3.5
        },
        {
          "x": 7.5,
          "y": 4.5
        },
        {
          "x": 7.5,
          "y": 5.5
        },
        {
          "x": 7.5,
          "y": 6.5
        },
        {
          "x": 7.5,
          "y": 7.5
        },
        {
          "x": 7.5,
          "y": 8.5
        }
      ],
      "radio": 0,
      "repath": 0.7250000000000001,
      "route": [
        {
          "x": 7.5,
          "y": 2.5
        },
        {
          "x": 7.5,
          "y": 8.5
        },
        {
          "x": 7.5,
          "y": 12.5
        },
        {
          "x": 11.5,
          "y": 12.5
        },
        {
          "x": 7.5,
          "y": 12.5
        }
      ],
      "searchTime": 0,
      "seeing": false,
      "state": "patrol",
      "suspicion": 0,
      "wait": 0,
      "wp": 1,
      "x": 7.5,
      "y": 2.5275
    },
    {
      "angle": 3.141592653589793,
      "capture": 0,
      "heardId": 0,
      "id": 8,
      "lastKnown": null,
      "lost": 0,
      "path": [
        {
          "x": 23.5,
          "y": 12.5
        },
        {
          "x": 22.5,
          "y": 12.5
        },
        {
          "x": 21.5,
          "y": 12.5
        },
        {
          "x": 20.5,
          "y": 12.5
        }
      ],
      "radio": 0,
      "repath": 0.75,
      "route": [
        {
          "x": 20.5,
          "y": 2.5
        },
        {
          "x": 20.5,
          "y": 8.5
        },
        {
          "x": 20.5,
          "y": 12.5
        },
        {
          "x": 24.5,
          "y": 12.5
        },
        {
          "x": 20.5,
          "y": 12.5
        }
      ],
      "searchTime": 0,
      "seeing": false,
      "state": "patrol",
      "suspicion": 0,
      "wait": 0,
      "wp": 4,
      "x": 24.4725,
      "y": 12.5
    }
  ],
  "historyCount": 2,
  "keys": [],
  "objective": {
    "collected": false,
    "x": 36.5,
    "y": 3.5
  },
  "paused": false,
  "phase": "briefing",
  "player": {
    "angle": -1.5707963267948966,
    "exposure": 0,
    "health": 100,
    "key": false,
    "noise": 0,
    "objective": false,
    "path": [],
    "run": false,
    "x": 3.5,
    "y": 21.5
  },
  "preset": "blackvault",
  "replay": null,
  "result": null,
  "securityOff": false,
  "seed": "DENSITY-09",
  "selected": 0,
  "smokes": [],
  "sounds": [],
  "storageOK": true,
  "terminals": [
    {
      "name": "Access terminal",
      "type": "badge",
      "used": false,
      "x": 3.5,
      "y": 20.5
    },
    {
      "name": "Security terminal",
      "type": "security",
      "used": false,
      "x": 15.5,
      "y": 3.5
    }
  ],
  "time": 0,
  "touchDirections": [],
  "view": {
    "height": 475,
    "scale": 17.12,
    "width": 918,
    "x": 108.03999999999996,
    "y": 23.5
  }
}

$ agent-browser --session blackline eval BLACKLINE.snapshot()
{
  "action": null,
  "alarms": 0,
  "alert": 0,
  "audio": {
    "activeNodes": 0,
    "effects": 0.65,
    "enabled": true,
    "master": 0.5,
    "state": "running"
  },
  "cameras": [
    {
      "angle": 3.525553961627624,
      "base": 3.141592653589793,
      "disabled": 0,
      "phase": 2.14700758131221,
      "seeing": false,
      "suspicion": 0,
      "x": 38.9,
      "y": 12.5
    },
    {
      "angle": 1.807119766260299,
      "base": 2.2,
      "disabled": 0,
      "phase": 4.158386518713087,
      "seeing": false,
      "suspicion": 0,
      "x": 38.5,
      "y": 2.5
    }
  ],
  "charges": [
    2,
    1,
    1
  ],
  "cooldown": 0,
  "detections": 0,
  "diagnostics": {
    "collision": false,
    "memory": false,
    "navigation": false,
    "perception": false,
    "sound": false,
    "timing": false
  },
  "difficulty": "elite",
  "doors": [
    {
      "anim": 0,
      "id": 0,
      "locked": false,
      "open": false,
      "x": 7,
      "y": 10
    },
    {
      "anim": 0,
      "id": 1,
      "locked": false,
      "open": false,
      "x": 20,
      "y": 10
    },
    {
      "anim": 0,
      "id": 2,
      "locked": true,
      "open": false,
      "x": 32,
      "y": 10
    },
    {
      "anim": 0,
      "id": 3,
      "locked": false,
      "open": false,
      "x": 6,
      "y": 14
    },
    {
      "anim": 0,
      "id": 4,
      "locked": false,
      "open": false,
      "x": 19,
      "y": 14
    },
    {
      "anim": 0,
      "id": 5,
      "locked": false,
      "open": false,
      "x": 32,
      "y": 14
    }
  ],
  "events": [],
  "exit": {
    "x": 3.5,
    "y": 21.5
  },
  "fingerprint": "4b8e5749",
  "fps": 47.30700381913397,
  "frameTime": 1.699999988079071,
  "guards": [
    {
      "angle": 1.5707963267948966,
      "capture": 0,
      "heardId": 0,
      "id": 1,
      "lastKnown": null,
      "lost": 0,
      "path": [
        {
          "x": 7.5,
          "y": 3.5
        },
        {
          "x": 7.5,
          "y": 4.5
        },
        {
          "x": 7.5,
          "y": 5.5
        },
        {
          "x": 7.5,
          "y": 6.5
        },
        {
          "x": 7.5,
          "y": 7.5
        },
        {
          "x": 7.5,
          "y": 8.5
        }
      ],
      "radio": 0,
      "repath": 0.5750000000000001,
      "route": [
        {
          "x": 7.5,
          "y": 2.5
        },
        {
          "x": 7.5,
          "y": 8.5
        },
        {
          "x": 7.5,
          "y": 12.5
        },
        {
          "x": 11.5,
          "y": 12.5
        },
        {
          "x": 7.5,
          "y": 12.5
        }
      ],
      "searchTime": 0,
      "seeing": false,
      "state": "patrol",
      "suspicion": 0,
      "wait": 0,
      "wp": 1,
      "x": 7.5,
      "y": 2.5275
    },
    {
      "angle": 3.141592653589793,
      "capture": 0,
      "heardId": 0,
      "id": 2,
      "lastKnown": null,
      "lost": 0,
      "path": [
        {
          "x": 23.5,
          "y": 12.5
        },
        {
          "x": 22.5,
          "y": 12.5
        },
        {
          "x": 21.5,
          "y": 12.5
        },
        {
          "x": 20.5,
          "y": 12.5
        }
      ],
      "radio": 0,
      "repath": 0.6000000000000001,
      "route": [
        {
          "x": 20.5,
          "y": 2.5
        },
        {
          "x": 20.5,
          "y": 8.5
        },
        {
          "x": 20.5,
          "y": 12.5
        },
        {
          "x": 24.5,
          "y": 12.5
        },
        {
          "x": 20.5,
          "y": 12.5
        }
      ],
      "searchTime": 0,
      "seeing": false,
      "state": "patrol",
      "suspicion": 0,
      "wait": 0,
      "wp": 4,
      "x": 24.4725,
      "y": 12.5
    },
    {
      "angle": 1.5707963267948966,
      "capture": 0,
      "heardId": 0,
      "id": 3,
      "lastKnown": null,
      "lost": 0,
      "path": [
        {
          "x": 32.5,
          "y": 3.5
        },
        {
          "x": 32.5,
          "y": 4.5
        },
        {
          "x": 32.5,
          "y": 5.5
        },
        {
          "x": 32.5,
          "y": 6.5
        },
        {
          "x": 32.5,
          "y": 7.5
        },
        {
          "x": 32.5,
          "y": 8.5
        }
      ],
      "radio": 0,
      "repath": 0.625,
      "route": [
        {
          "x": 32.5,
          "y": 2.5
        },
        {
          "x": 32.5,
          "y": 8.5
        },
        {
          "x": 32.5,
          "y": 12.5
        },
        {
          "x": 36.5,
          "y": 12.5
        },
        {
          "x": 32.5,
          "y": 12.5
        }
      ],
      "searchTime": 0,
      "seeing": false,
      "state": "patrol",
      "suspicion": 0,
      "wait": 0,
      "wp": 1,
      "x": 32.5,
      "y": 2.5275
    },
    {
      "angle": 3.141592653589793,
      "capture": 0,
      "heardId": 0,
      "id": 4,
      "lastKnown": null,
      "lost": 0,
      "path": [
        {
          "x": 10.5,
          "y": 12.5
        },
        {
          "x": 9.5,
          "y": 12.5
        },
        {
          "x": 8.5,
          "y": 12.5
        },
        {
          "x": 7.5,
          "y": 12.5
        }
      ],
      "radio": 0,
      "repath": 0.65,
      "route": [
        {
          "x": 7.5,
          "y": 2.5
        },
        {
          "x": 7.5,
          "y": 8.5
        },
        {
          "x": 7.5,
          "y": 12.5
        },
        {
          "x": 11.5,
          "y": 12.5
        },
        {
          "x": 7.5,
          "y": 12.5
        }
      ],
      "searchTime": 0,
      "seeing": false,
      "state": "patrol",
      "suspicion": 0,
      "wait": 0,
      "wp": 4,
      "x": 11.4725,
      "y": 12.5
    },
    {
      "angle": 1.5707963267948966,
      "capture": 0,
      "heardId": 0,
      "id": 5,
      "lastKnown": null,
      "lost": 0,
      "path": [
        {
          "x": 20.5,
          "y": 3.5
        },
        {
          "x": 20.5,
          "y": 4.5
        },
        {
          "x": 20.5,
          "y": 5.5
        },
        {
          "x": 20.5,
          "y": 6.5
        },
        {
          "x": 20.5,
          "y": 7.5
        },
        {
          "x": 20.5,
          "y": 8.5
        }
      ],
      "radio": 0,
      "repath": 0.675,
      "route": [
        {
          "x": 20.5,
          "y": 2.5
        },
        {
          "x": 20.5,
          "y": 8.5
        },
        {
          "x": 20.5,
          "y": 12.5
        },
        {
          "x": 24.5,
          "y": 12.5
        },
        {
          "x": 20.5,
          "y": 12.5
        }
      ],
      "searchTime": 0,
      "seeing": false,
      "state": "patrol",
      "suspicion": 0,
      "wait": 0,
      "wp": 1,
      "x": 20.5,
      "y": 2.5275
    },
    {
      "angle": 3.141592653589793,
      "capture": 0,
      "heardId": 0,
      "id": 6,
      "lastKnown": null,
      "lost": 0,
      "path": [
        {
          "x": 35.5,
          "y": 12.5
        },
        {
          "x": 34.5,
          "y": 12.5
        },
        {
          "x": 33.5,
          "y": 12.5
        },
        {
          "x": 32.5,
          "y": 12.5
        }
      ],
      "radio": 0,
      "repath": 0.7000000000000001,
      "route": [
        {
          "x": 32.5,
          "y": 2.5
        },
        {
          "x": 32.5,
          "y": 8.5
        },
        {
          "x": 32.5,
          "y": 12.5
        },
        {
          "x": 36.5,
          "y": 12.5
        },
        {
          "x": 32.5,
          "y": 12.5
        }
      ],
      "searchTime": 0,
      "seeing": false,
      "state": "patrol",
      "suspicion": 0,
      "wait": 0,
      "wp": 4,
      "x": 36.4725,
      "y": 12.5
    },
    {
      "angle": 1.5707963267948966,
      "capture": 0,
      "heardId": 0,
      "id": 7,
      "lastKnown": null,
      "lost": 0,
      "path": [
        {
          "x": 7.5,
          "y": 3.5
        },
        {
          "x": 7.5,
          "y": 4.5
        },
        {
          "x": 7.5,
          "y": 5.5
        },
        {
          "x": 7.5,
          "y": 6.5
        },
        {
          "x": 7.5,
          "y": 7.5
        },
        {
          "x": 7.5,
          "y": 8.5
        }
      ],
      "radio": 0,
      "repath": 0.7250000000000001,
      "route": [
        {
          "x": 7.5,
          "y": 2.5
        },
        {
          "x": 7.5,
          "y": 8.5
        },
        {
          "x": 7.5,
          "y": 12.5
        },
        {
          "x": 11.5,
          "y": 12.5
        },
        {
          "x": 7.5,
          "y": 12.5
        }
      ],
      "searchTime": 0,
      "seeing": false,
      "state": "patrol",
      "suspicion": 0,
      "wait": 0,
      "wp": 1,
      "x": 7.5,
      "y": 2.5275
    },
    {
      "angle": 3.141592653589793,
      "capture": 0,
      "heardId": 0,
      "id": 8,
      "lastKnown": null,
      "lost": 0,
      "path": [
        {
          "x": 23.5,
          "y": 12.5
        },
        {
          "x": 22.5,
          "y": 12.5
        },
        {
          "x": 21.5,
          "y": 12.5
        },
        {
          "x": 20.5,
          "y": 12.5
        }
      ],
      "radio": 0,
      "repath": 0.75,
      "route": [
        {
          "x": 20.5,
          "y": 2.5
        },
        {
          "x": 20.5,
          "y": 8.5
        },
        {
          "x": 20.5,
          "y": 12.5
        },
        {
          "x": 24.5,
          "y": 12.5
        },
        {
          "x": 20.5,
          "y": 12.5
        }
      ],
      "searchTime": 0,
      "seeing": false,
      "state": "patrol",
      "suspicion": 0,
      "wait": 0,
      "wp": 4,
      "x": 24.4725,
      "y": 12.5
    }
  ],
  "historyCount": 2,
  "keys": [],
  "objective": {
    "collected": false,
    "x": 36.5,
    "y": 3.5
  },
  "paused": false,
  "phase": "briefing",
  "player": {
    "angle": -1.5707963267948966,
    "exposure": 0,
    "health": 100,
    "key": false,
    "noise": 0,
    "objective": false,
    "path": [],
    "run": false,
    "x": 3.5,
    "y": 21.5
  },
  "preset": "blackvault",
  "replay": null,
  "result": null,
  "securityOff": false,
  "seed": "DENSITY-09",
  "selected": 0,
  "smokes": [],
  "sounds": [],
  "storageOK": true,
  "terminals": [
    {
      "name": "Access terminal",
      "type": "badge",
      "used": false,
      "x": 3.5,
      "y": 20.5
    },
    {
      "name": "Security terminal",
      "type": "security",
      "used": false,
      "x": 15.5,
      "y": 3.5
    }
  ],
  "time": 0,
  "touchDirections": [],
  "view": {
    "height": 475,
    "scale": 17.12,
    "width": 918,
    "x": 108.03999999999996,
    "y": 23.5
  }
}

$ agent-browser --session blackline find role button click --name Infiltrate
✓ Done

$ agent-browser --session blackline press e
✓ Done

$ agent-browser --session blackline wait --fn BLACKLINE.snapshot().player.key
true

$ agent-browser --session blackline eval BLACKLINE.snapshot()
{
  "action": null,
  "alarms": 0,
  "alert": 0,
  "audio": {
    "activeNodes": 1,
    "effects": 0.65,
    "enabled": true,
    "master": 0.5,
    "state": "running"
  },
  "cameras": [
    {
      "angle": 3.34687362507683,
      "base": 3.141592653589793,
      "disabled": 0,
      "phase": 2.14700758131221,
      "seeing": false,
      "suspicion": 0,
      "x": 38.9,
      "y": 12.5
    },
    {
      "angle": 1.7401113404216664,
      "base": 2.2,
      "disabled": 0,
      "phase": 4.158386518713087,
      "seeing": false,
      "suspicion": 0,
      "x": 38.5,
      "y": 2.5
    }
  ],
  "charges": [
    2,
    1,
    1
  ],
  "cooldown": 0,
  "detections": 0,
  "diagnostics": {
    "collision": false,
    "memory": false,
    "navigation": false,
    "perception": false,
    "sound": false,
    "timing": false
  },
  "difficulty": "elite",
  "doors": [
    {
      "anim": 0,
      "id": 0,
      "locked": false,
      "open": false,
      "x": 7,
      "y": 10
    },
    {
      "anim": 0,
      "id": 1,
      "locked": false,
      "open": false,
      "x": 20,
      "y": 10
    },
    {
      "anim": 0,
      "id": 2,
      "locked": false,
      "open": false,
      "x": 32,
      "y": 10
    },
    {
      "anim": 0,
      "id": 3,
      "locked": false,
      "open": false,
      "x": 6,
      "y": 14
    },
    {
      "anim": 0,
      "id": 4,
      "locked": false,
      "open": false,
      "x": 19,
      "y": 14
    },
    {
      "anim": 0,
      "id": 5,
      "locked": false,
      "open": false,
      "x": 32,
      "y": 14
    }
  ],
  "events": [
    {
      "t": 0,
      "text": "Operation underway.",
      "type": "start"
    },
    {
      "t": 0.017,
      "text": "Connecting to terminal. Hold position.",
      "type": "action"
    },
    {
      "t": 1.217,
      "text": "Access badge cloned. All locks authorized.",
      "type": "terminal",
      "x": 3.5,
      "y": 20.5
    },
    {
      "t": 1.217,
      "text": "terminal: noise 2.5",
      "type": "sound",
      "x": 3.5,
      "y": 20.5
    }
  ],
  "exit": {
    "x": 3.5,
    "y": 21.5
  },
  "fingerprint": "4b8e5749",
  "fps": 60.01468408828334,
  "frameTime": 2.399999976158142,
  "guards": [
    {
      "angle": 1.5707963267948966,
      "capture": 0,
      "heardId": 0,
      "id": 1,
      "lastKnown": null,
      "lost": 0,
      "path": [
        {
          "x": 7.5,
          "y": 5.5
        },
        {
          "x": 7.5,
          "y": 6.5
        },
        {
          "x": 7.5,
          "y": 7.5
        },
        {
          "x": 7.5,
          "y": 8.5
        }
      ],
      "radio": 0,
      "repath": 0.4916666666666666,
      "route": [
        {
          "x": 7.5,
          "y": 2.5
        },
        {
          "x": 7.5,
          "y": 8.5
        },
        {
          "x": 7.5,
          "y": 12.5
        },
        {
          "x": 11.5,
          "y": 12.5
        },
        {
          "x": 7.5,
          "y": 12.5
        }
      ],
      "searchTime": 0,
      "seeing": false,
      "state": "patrol",
      "suspicion": 0,
      "wait": 0,
      "wp": 1,
      "x": 7.5,
      "y": 4.589999999999989
    },
    {
      "angle": 3.141592653589793,
      "capture": 0,
      "heardId": 0,
      "id": 2,
      "lastKnown": null,
      "lost": 0,
      "path": [
        {
          "x": 21.5,
          "y": 12.5
        },
        {
          "x": 20.5,
          "y": 12.5
        }
      ],
      "radio": 0,
      "repath": 0.5499999999999999,
      "route": [
        {
          "x": 20.5,
          "y": 2.5
        },
        {
          "x": 20.5,
          "y": 8.5
        },
        {
          "x": 20.5,
          "y": 12.5
        },
        {
          "x": 24.5,
          "y": 12.5
        },
        {
          "x": 20.5,
          "y": 12.5
        }
      ],
      "searchTime": 0,
      "seeing": false,
      "state": "patrol",
      "suspicion": 0,
      "wait": 0,
      "wp": 4,
      "x": 22.41000000000001,
      "y": 12.5
    },
    {
      "angle": 1.5707963267948966,
      "capture": 0,
      "heardId": 0,
      "id": 3,
      "lastKnown": null,
      "lost": 0,
      "path": [
        {
          "x": 32.5,
          "y": 5.5
        },
        {
          "x": 32.5,
          "y": 6.5
        },
        {
          "x": 32.5,
          "y": 7.5
        },
        {
          "x": 32.5,
          "y": 8.5
        }
      ],
      "radio": 0,
      "repath": 0.008333333333333075,
      "route": [
        {
          "x": 32.5,
          "y": 2.5
        },
        {
          "x": 32.5,
          "y": 8.5
        },
        {
          "x": 32.5,
          "y": 12.5
        },
        {
          "x": 36.5,
          "y": 12.5
        },
        {
          "x": 32.5,
          "y": 12.5
        }
      ],
      "searchTime": 0,
      "seeing": false,
      "state": "patrol",
      "suspicion": 0,
      "wait": 0,
      "wp": 1,
      "x": 32.5,
      "y": 4.589999999999989
    },
    {
      "angle": 3.141592653589793,
      "capture": 0,
      "heardId": 0,
      "id": 4,
      "lastKnown": null,
      "lost": 0,
      "path": [
        {
          "x": 8.5,
          "y": 12.5
        },
        {
          "x": 7.5,
          "y": 12.5
        }
      ],
      "radio": 0,
      "repath": 0.04999999999999971,
      "route": [
        {
          "x": 7.5,
          "y": 2.5
        },
        {
          "x": 7.5,
          "y": 8.5
        },
        {
          "x": 7.5,
          "y": 12.5
        },
        {
          "x": 11.5,
          "y": 12.5
        },
        {
          "x": 7.5,
          "y": 12.5
        }
      ],
      "searchTime": 0,
      "seeing": false,
      "state": "patrol",
      "suspicion": 0,
      "wait": 0,
      "wp": 4,
      "x": 9.41000000000001,
      "y": 12.5
    },
    {
      "angle": 1.5707963267948966,
      "capture": 0,
      "heardId": 0,
      "id": 5,
      "lastKnown": null,
      "lost": 0,
      "path": [
        {
          "x": 20.5,
          "y": 5.5
        },
        {
          "x": 20.5,
          "y": 6.5
        },
        {
          "x": 20.5,
          "y": 7.5
        },
        {
          "x": 20.5,
          "y": 8.5
        }
      ],
      "radio": 0,
      "repath": 0.10833333333333296,
      "route": [
        {
          "x": 20.5,
          "y": 2.5
        },
        {
          "x": 20.5,
          "y": 8.5
        },
        {
          "x": 20.5,
          "y": 12.5
        },
        {
          "x": 24.5,
          "y": 12.5
        },
        {
          "x": 20.5,
          "y": 12.5
        }
      ],
      "searchTime": 0,
      "seeing": false,
      "state": "patrol",
      "suspicion": 0,
      "wait": 0,
      "wp": 1,
      "x": 20.5,
      "y": 4.589999999999989
    },
    {
      "angle": 3.141592653589793,
      "capture": 0,
      "heardId": 0,
      "id": 6,
      "lastKnown": null,
      "lost": 0,
      "path": [
        {
          "x": 33.5,
          "y": 12.5
        },
        {
          "x": 32.5,
          "y": 12.5
        }
      ],
      "radio": 0,
      "repath": 0.14999999999999958,
      "route": [
        {
          "x": 32.5,
          "y": 2.5
        },
        {
          "x": 32.5,
          "y": 8.5
        },
        {
          "x": 32.5,
          "y": 12.5
        },
        {
          "x": 36.5,
          "y": 12.5
        },
        {
          "x": 32.5,
          "y": 12.5
        }
      ],
      "searchTime": 0,
      "seeing": false,
      "state": "patrol",
      "suspicion": 0,
      "wait": 0,
      "wp": 4,
      "x": 34.40999999999974,
      "y": 12.5
    },
    {
      "angle": 1.5707963267948966,
      "capture": 0,
      "heardId": 0,
      "id": 7,
      "lastKnown": null,
      "lost": 0,
      "path": [
        {
          "x": 7.5,
          "y": 5.5
        },
        {
          "x": 7.5,
          "y": 6.5
        },
        {
          "x": 7.5,
          "y": 7.5
        },
        {
          "x": 7.5,
          "y": 8.5
        }
      ],
      "radio": 0,
      "repath": 0.2083333333333328,
      "route": [
        {
          "x": 7.5,
          "y": 2.5
        },
        {
          "x": 7.5,
          "y": 8.5
        },
        {
          "x": 7.5,
          "y": 12.5
        },
        {
          "x": 11.5,
          "y": 12.5
        },
        {
          "x": 7.5,
          "y": 12.5
        }
      ],
      "searchTime": 0,
      "seeing": false,
      "state": "patrol",
      "suspicion": 0,
      "wait": 0,
      "wp": 1,
      "x": 7.5,
      "y": 4.589999999999989
    },
    {
      "angle": 3.141592653589793,
      "capture": 0,
      "heardId": 0,
      "id": 8,
      "lastKnown": null,
      "lost": 0,
      "path": [
        {
          "x": 21.5,
          "y": 12.5
        },
        {
          "x": 20.5,
          "y": 12.5
        }
      ],
      "radio": 0,
      "repath": 0.24999999999999933,
      "route": [
        {
          "x": 20.5,
          "y": 2.5
        },
        {
          "x": 20.5,
          "y": 8.5
        },
        {
          "x": 20.5,
          "y": 12.5
        },
        {
          "x": 24.5,
          "y": 12.5
        },
        {
          "x": 20.5,
          "y": 12.5
        }
      ],
      "searchTime": 0,
      "seeing": false,
      "state": "patrol",
      "suspicion": 0,
      "wait": 0,
      "wp": 4,
      "x": 22.41000000000001,
      "y": 12.5
    }
  ],
  "historyCount": 2,
  "keys": [],
  "objective": {
    "collected": false,
    "x": 36.5,
    "y": 3.5
  },
  "paused": false,
  "phase": "active",
  "player": {
    "angle": -1.5707963267948966,
    "exposure": 0,
    "health": 100,
    "key": true,
    "noise": 2.2999999999999994,
    "objective": false,
    "path": [],
    "run": false,
    "x": 3.5,
    "y": 21.5
  },
  "preset": "blackvault",
  "replay": null,
  "result": null,
  "securityOff": false,
  "seed": "DENSITY-09",
  "selected": 0,
  "smokes": [],
  "sounds": [
    {
      "age": 0.05,
      "id": 1,
      "intensity": 2.5,
      "owner": "player",
      "ttl": 2.4,
      "type": "terminal",
      "x": 3.5,
      "y": 20.5
    }
  ],
  "storageOK": true,
  "terminals": [
    {
      "name": "Access terminal",
      "type": "badge",
      "used": true,
      "x": 3.5,
      "y": 20.5
    },
    {
      "name": "Security terminal",
      "type": "security",
      "used": false,
      "x": 15.5,
      "y": 3.5
    }
  ],
  "time": 1.266666666666667,
  "touchDirections": [],
  "view": {
    "height": 475,
    "scale": 17.12,
    "width": 918,
    "x": 108.03999999999996,
    "y": 23.5
  }
}

$ agent-browser --session blackline eval '(()=>{const s=BLACKLINE.snapshot(),r=document.getElementById("game").getBoundingClientRect();return {x:r.x,y:r.y,v:s.view}})()'
{
  "v": {
    "height": 475,
    "scale": 17.12,
    "width": 918,
    "x": 108.03999999999996,
    "y": 23.5
  },
  "x": 35,
  "y": 201
}

$ agent-browser --session blackline mouse move 254 490
✓ Done

$ agent-browser --session blackline mouse down left
✓ Done

$ agent-browser --session blackline mouse up left
✓ Done

$ agent-browser --session blackline wait --fn Math.hypot(BLACKLINE.snapshot().player.x-6.5,BLACKLINE.snapshot().player.y-15.5)<0.2
true

$ agent-browser --session blackline press e
✓ Done

$ agent-browser --session blackline eval '(()=>{const s=BLACKLINE.snapshot(),r=document.getElementById("game").getBoundingClientRect();return {x:r.x,y:r.y,v:s.view}})()'
{
  "v": {
    "height": 475,
    "scale": 17.12,
    "width": 918,
    "x": 108.03999999999996,
    "y": 23.5
  },
  "x": 35,
  "y": 201
}

$ agent-browser --session blackline mouse move 271 421
✓ Done

$ agent-browser --session blackline mouse down left
✓ Done

$ agent-browser --session blackline mouse up left
✓ Done

$ agent-browser --session blackline wait --fn BLACKLINE.snapshot().guards.some(g=>g.state==="pursuit")
true

$ agent-browser --session blackline press 2
✓ Done

$ agent-browser --session blackline press q
✓ Done

$ agent-browser --session blackline wait --fn BLACKLINE.snapshot().guards.filter(g=>["pursuit","investigate","search"].includes(g.state)).length>=4
true

$ agent-browser --session blackline eval BLACKLINE.snapshot()
{
  "action": null,
  "alarms": 1,
  "alert": 100,
  "audio": {
    "activeNodes": 0,
    "effects": 0.65,
    "enabled": true,
    "master": 0.5,
    "state": "running"
  },
  "cameras": [
    {
      "angle": 2.699970054924677,
      "base": 3.141592653589793,
      "disabled": 0,
      "phase": 2.14700758131221,
      "seeing": false,
      "suspicion": 0,
      "x": 38.9,
      "y": 12.5
    },
    {
      "angle": 2.5047671756917795,
      "base": 2.2,
      "disabled": 0,
      "phase": 4.158386518713087,
      "seeing": false,
      "suspicion": 0,
      "x": 38.5,
      "y": 2.5
    }
  ],
  "charges": [
    2,
    0,
    1
  ],
  "cooldown": 0.14999999999999902,
  "detections": 2,
  "diagnostics": {
    "collision": false,
    "memory": false,
    "navigation": false,
    "perception": false,
    "sound": false,
    "timing": false
  },
  "difficulty": "elite",
  "doors": [
    {
      "anim": 0.999999999999992,
      "id": 0,
      "locked": false,
      "open": true,
      "x": 7,
      "y": 10
    },
    {
      "anim": 0.9999999999999992,
      "id": 1,
      "locked": false,
      "open": true,
      "x": 20,
      "y": 10
    },
    {
      "anim": 0.999999999999998,
      "id": 2,
      "locked": false,
      "open": true,
      "x": 32,
      "y": 10
    },
    {
      "anim": 0.9999999998177336,
      "id": 3,
      "locked": false,
      "open": true,
      "x": 6,
      "y": 14
    },
    {
      "anim": 0,
      "id": 4,
      "locked": false,
      "open": false,
      "x": 19,
      "y": 14
    },
    {
      "anim": 0,
      "id": 5,
      "locked": false,
      "open": false,
      "x": 32,
      "y": 14
    }
  ],
  "events": [
    {
      "t": 0,
      "text": "Operation underway.",
      "type": "start"
    },
    {
      "t": 0.017,
      "text": "Connecting to terminal. Hold position.",
      "type": "action"
    },
    {
      "t": 1.217,
      "text": "Access badge cloned. All locks authorized.",
      "type": "terminal",
      "x": 3.5,
      "y": 20.5
    },
    {
      "t": 1.217,
      "text": "terminal: noise 2.5",
      "type": "sound",
      "x": 3.5,
      "y": 20.5
    },
    {
      "t": 2.317,
      "text": "G02 · idle / observing",
      "type": "guard",
      "x": 20.705,
      "y": 12.5
    },
    {
      "t": 2.317,
      "text": "G04 · idle / observing",
      "type": "guard",
      "x": 7.705,
      "y": 12.5
    },
    {
      "t": 2.317,
      "text": "G06 · idle / observing",
      "type": "guard",
      "x": 32.705,
      "y": 12.5
    },
    {
      "t": 2.317,
      "text": "G08 · idle / observing",
      "type": "guard",
      "x": 20.705,
      "y": 12.5
    },
    {
      "t": 3.033,
      "text": "G02 · patrol",
      "type": "guard",
      "x": 20.705,
      "y": 12.5
    },
    {
      "t": 3.117,
      "text": "G06 · patrol",
      "type": "guard",
      "x": 32.705,
      "y": 12.5
    },
    {
      "t": 3.25,
      "text": "G04 · patrol",
      "type": "guard",
      "x": 7.705,
      "y": 12.5
    },
    {
      "t": 3.533,
      "text": "G01 · idle / observing",
      "type": "guard",
      "x": 7.5,
      "y": 8.302
    },
    {
      "t": 3.533,
      "text": "G03 · idle / observing",
      "type": "guard",
      "x": 32.5,
      "y": 8.302
    },
    {
      "t": 3.533,
      "text": "G05 · idle / observing",
      "type": "guard",
      "x": 20.5,
      "y": 8.302
    },
    {
      "t": 3.533,
      "text": "G07 · idle / observing",
      "type": "guard",
      "x": 7.5,
      "y": 8.302
    },
    {
      "t": 3.6,
      "text": "guard door: noise 2.0",
      "type": "sound",
      "x": 20.5,
      "y": 10.5
    },
    {
      "t": 3.683,
      "text": "guard door: noise 2.0",
      "type": "sound",
      "x": 32.5,
      "y": 10.5
    },
    {
      "t": 3.817,
      "text": "guard door: noise 2.0",
      "type": "sound",
      "x": 7.5,
      "y": 10.5
    },
    {
      "t": 4.367,
      "text": "G01 · patrol",
      "type": "guard",
      "x": 7.5,
      "y": 8.302
    },
    {
      "t": 4.517,
      "text": "G08 · patrol",
      "type": "guard",
      "x": 20.705,
      "y": 12.5
    },
    {
      "t": 4.6,
      "text": "G03 · patrol",
      "type": "guard",
      "x": 32.5,
      "y": 8.302
    },
    {
      "t": 4.733,
      "text": "door: noise 3.0",
      "type": "sound",
      "x": 6.5,
      "y": 14.5
    },
    {
      "t": 4.733,
      "text": "Door opened.",
      "type": "door",
      "x": 6.5,
      "y": 14.5
    },
    {
      "t": 4.75,
      "text": "G01 · suspicious / movement seen",
      "type": "guard",
      "x": 7.5,
      "y": 8.907
    },
    {
      "t": 4.75,
      "text": "G07 · suspicious / movement seen",
      "type": "guard",
      "x": 7.5,
      "y": 8.302
    },
    {
      "t": 5.517,
      "text": "G07 · investigate / last visual position",
      "type": "guard",
      "x": 7.5,
      "y": 8.302
    },
    {
      "t": 5.533,
      "text": "G07 · suspicious / movement seen",
      "type": "guard",
      "x": 7.5,
      "y": 8.334
    },
    {
      "t": 5.583,
      "text": "G05 · patrol",
      "type": "guard",
      "x": 20.5,
      "y": 8.302
    },
    {
      "t": 5.75,
      "text": "G01 · pursuit / visual contact",
      "type": "guard",
      "x": 7.5,
      "y": 8.907
    },
    {
      "t": 5.75,
      "text": "Alarm broadcast · guard 1",
      "type": "alarm",
      "x": 7.059,
      "y": 13.552
    },
    {
      "t": 5.767,
      "text": "G07 · pursuit / visual contact",
      "type": "guard",
      "x": 7.5,
      "y": 8.334
    },
    {
      "t": 5.833,
      "text": "Smoke deployed. Vision blocked for 9 seconds.",
      "type": "gadget",
      "x": 7.275,
      "y": 13.526
    },
    {
      "t": 5.833,
      "text": "smoke: noise 4.0",
      "type": "sound",
      "x": 7.275,
      "y": 13.526
    },
    {
      "t": 6.733,
      "text": "G08 · investigate / radio report",
      "type": "guard",
      "x": 20.5,
      "y": 8.889
    },
    {
      "t": 6.75,
      "text": "G06 · investigate / radio report",
      "type": "guard",
      "x": 32.5,
      "y": 6.551
    }
  ],
  "exit": {
    "x": 3.5,
    "y": 21.5
  },
  "fingerprint": "4b8e5749",
  "fps": 59.99062756050653,
  "frameTime": 1.699999988079071,
  "guards": [
    {
      "angle": 1.5708000326562357,
      "capture": 0,
      "heardId": 0,
      "id": 1,
      "lastKnown": {
        "x": 7.274662572560314,
        "y": 13.526497493300788
      },
      "lost": 0.9500000000000012,
      "path": [
        {
          "x": 7.5,
          "y": 12.5
        },
        {
          "x": 7.5,
          "y": 13.5
        }
      ],
      "radio": 0,
      "repath": 0.12499999999999994,
      "route": [
        {
          "x": 7.5,
          "y": 2.5
        },
        {
          "x": 7.5,
          "y": 8.5
        },
        {
          "x": 7.5,
          "y": 12.5
        },
        {
          "x": 11.5,
          "y": 12.5
        },
        {
          "x": 7.5,
          "y": 12.5
        }
      ],
      "searchTime": 0,
      "seeing": false,
      "state": "pursuit",
      "suspicion": 0.7530000000000019,
      "wait": -0.009855762271521917,
      "wp": 2,
      "x": 7.5,
      "y": 12.319999999999997
    },
    {
      "angle": 4.712388330603193,
      "capture": 0,
      "heardId": 0,
      "id": 2,
      "lastKnown": null,
      "lost": 0,
      "path": [
        {
          "x": 20.5,
          "y": 5.5
        },
        {
          "x": 20.5,
          "y": 4.5
        },
        {
          "x": 20.5,
          "y": 3.5
        },
        {
          "x": 20.5,
          "y": 2.5
        }
      ],
      "radio": 0,
      "repath": 0.4666666666666665,
      "route": [
        {
          "x": 20.5,
          "y": 2.5
        },
        {
          "x": 20.5,
          "y": 8.5
        },
        {
          "x": 20.5,
          "y": 12.5
        },
        {
          "x": 24.5,
          "y": 12.5
        },
        {
          "x": 20.5,
          "y": 12.5
        }
      ],
      "searchTime": 0,
      "seeing": false,
      "state": "patrol",
      "suspicion": 0,
      "wait": -0.0028473960158110316,
      "wp": 0,
      "x": 20.500000186524417,
      "y": 6.331198179249586
    },
    {
      "angle": 1.570796326789453,
      "capture": 0,
      "heardId": 0,
      "id": 3,
      "lastKnown": null,
      "lost": 0,
      "path": [
        {
          "x": 32.5,
          "y": 12.5
        }
      ],
      "radio": 0,
      "repath": 0.358333333333333,
      "route": [
        {
          "x": 32.5,
          "y": 2.5
        },
        {
          "x": 32.5,
          "y": 8.5
        },
        {
          "x": 32.5,
          "y": 12.5
        },
        {
          "x": 36.5,
          "y": 12.5
        },
        {
          "x": 32.5,
          "y": 12.5
        }
      ],
      "searchTime": 0,
      "seeing": false,
      "state": "patrol",
      "suspicion": 0,
      "wait": -0.010480413415160103,
      "wp": 2,
      "x": 32.5,
      "y": 11.904999999999951
    },
    {
      "angle": 4.712386565430181,
      "capture": 0,
      "heardId": 0,
      "id": 4,
      "lastKnown": null,
      "lost": 0,
      "path": [
        {
          "x": 7.5,
          "y": 6.5
        },
        {
          "x": 7.5,
          "y": 5.5
        },
        {
          "x": 7.5,
          "y": 4.5
        },
        {
          "x": 7.5,
          "y": 3.5
        },
        {
          "x": 7.5,
          "y": 2.5
        }
      ],
      "radio": 0,
      "repath": 0.38333333333333297,
      "route": [
        {
          "x": 7.5,
          "y": 2.5
        },
        {
          "x": 7.5,
          "y": 8.5
        },
        {
          "x": 7.5,
          "y": 12.5
        },
        {
          "x": 11.5,
          "y": 12.5
        },
        {
          "x": 7.5,
          "y": 12.5
        }
      ],
      "searchTime": 0,
      "seeing": false,
      "state": "patrol",
      "suspicion": 0,
      "wait": -0.00538506189671779,
      "wp": 0,
      "x": 7.500000441077272,
      "y": 6.688698179249352
    },
    {
      "angle": 1.5708005487108043,
      "capture": 0,
      "heardId": 0,
      "id": 5,
      "lastKnown": null,
      "lost": 0,
      "path": [
        {
          "x": 20.5,
          "y": 10.5
        },
        {
          "x": 20.5,
          "y": 11.5
        },
        {
          "x": 20.5,
          "y": 12.5
        }
      ],
      "radio": 0,
      "repath": 0.1749999999999996,
      "route": [
        {
          "x": 20.5,
          "y": 2.5
        },
        {
          "x": 20.5,
          "y": 8.5
        },
        {
          "x": 20.5,
          "y": 12.5
        },
        {
          "x": 24.5,
          "y": 12.5
        },
        {
          "x": 20.5,
          "y": 12.5
        }
      ],
      "searchTime": 0,
      "seeing": false,
      "state": "patrol",
      "suspicion": 0,
      "wait": -0.01330844582989572,
      "wp": 2,
      "x": 20.5,
      "y": 10.28249999999996
    },
    {
      "angle": 3.5001257318798,
      "capture": 0,
      "heardId": 0,
      "id": 6,
      "lastKnown": {
        "x": 7.059478524418799,
        "y": 13.551801047791717
      },
      "lost": 0,
      "path": [
        {
          "x": 32.5,
          "y": 7.5
        },
        {
          "x": 32.5,
          "y": 8.5
        },
        {
          "x": 32.5,
          "y": 9.5
        },
        {
          "x": 32.5,
          "y": 10.5
        },
        {
          "x": 32.5,
          "y": 11.5
        },
        {
          "x": 32.5,
          "y": 12.5
        },
        {
          "x": 32.5,
          "y": 13.5
        },
        {
          "x": 31.5,
          "y": 13.5
        },
        {
          "x": 30.5,
          "y": 13.5
        },
        {
          "x": 29.5,
          "y": 13.5
        },
        {
          "x": 28.5,
          "y": 13.5
        },
        {
          "x": 27.5,
          "y": 13.5
        },
        {
          "x": 26.5,
          "y": 13.5
        },
        {
          "x": 25.5,
          "y": 13.5
        },
        {
          "x": 24.5,
          "y": 13.5
        },
        {
          "x": 23.5,
          "y": 13.5
        },
        {
          "x": 22.5,
          "y": 13.5
        },
        {
          "x": 21.5,
          "y": 13.5
        },
        {
          "x": 20.5,
          "y": 13.5
        },
        {
          "x": 19.5,
          "y": 13.5
        },
        {
          "x": 18.5,
          "y": 13.5
        },
        {
          "x": 17.5,
          "y": 13.5
        },
        {
          "x": 16.5,
          "y": 13.5
        },
        {
          "x": 15.5,
          "y": 13.5
        },
        {
          "x": 14.5,
          "y": 13.5
        },
        {
          "x": 13.5,
          "y": 13.5
        },
        {
          "x": 12.5,
          "y": 13.5
        },
        {
          "x": 11.5,
          "y": 13.5
        },
        {
          "x": 10.5,
          "y": 13.5
        },
        {
          "x": 9.5,
          "y": 13.5
        },
        {
          "x": 8.5,
          "y": 13.5
        },
        {
          "x": 7.5,
          "y": 13.5
        }
      ],
      "radio": 0,
      "repath": 0.6666666666666666,
      "route": [
        {
          "x": 32.5,
          "y": 2.5
        },
        {
          "x": 32.5,
          "y": 8.5
        },
        {
          "x": 32.5,
          "y": 12.5
        },
        {
          "x": 36.5,
          "y": 12.5
        },
        {
          "x": 32.5,
          "y": 12.5
        }
      ],
      "searchTime": 9,
      "seeing": false,
      "state": "investigate",
      "suspicion": 0,
      "wait": -0.003826959431172238,
      "wp": 0,
      "x": 32.50000112207172,
      "y": 6.646073179205909
    },
    {
      "angle": 1.5707998703127806,
      "capture": 0,
      "heardId": 0,
      "id": 7,
      "lastKnown": {
        "x": 7.499013011957289,
        "y": 11.608781335125771
      },
      "lost": 0.016666666666666666,
      "path": [
        {
          "x": 7.5,
          "y": 12.5
        },
        {
          "x": 7.5,
          "y": 13.5
        }
      ],
      "radio": 0,
      "repath": 0.4416666666666661,
      "route": [
        {
          "x": 7.5,
          "y": 2.5
        },
        {
          "x": 7.5,
          "y": 8.5
        },
        {
          "x": 7.5,
          "y": 12.5
        },
        {
          "x": 11.5,
          "y": 12.5
        },
        {
          "x": 7.5,
          "y": 12.5
        }
      ],
      "searchTime": 7,
      "seeing": false,
      "state": "pursuit",
      "suspicion": 0.9956666666666668,
      "wait": 0.05405850952956765,
      "wp": 2,
      "x": 7.5,
      "y": 11.692458333333333
    },
    {
      "angle": 3.210666312973194,
      "capture": 0,
      "heardId": 0,
      "id": 8,
      "lastKnown": {
        "x": 7.059478524418799,
        "y": 13.551801047791717
      },
      "lost": 0,
      "path": [
        {
          "x": 20.5,
          "y": 9.5
        },
        {
          "x": 20.5,
          "y": 10.5
        },
        {
          "x": 20.5,
          "y": 11.5
        },
        {
          "x": 20.5,
          "y": 12.5
        },
        {
          "x": 20.5,
          "y": 13.5
        },
        {
          "x": 19.5,
          "y": 13.5
        },
        {
          "x": 18.5,
          "y": 13.5
        },
        {
          "x": 17.5,
          "y": 13.5
        },
        {
          "x": 16.5,
          "y": 13.5
        },
        {
          "x": 15.5,
          "y": 13.5
        },
        {
          "x": 14.5,
          "y": 13.5
        },
        {
          "x": 13.5,
          "y": 13.5
        },
        {
          "x": 12.5,
          "y": 13.5
        },
        {
          "x": 11.5,
          "y": 13.5
        },
        {
          "x": 10.5,
          "y": 13.5
        },
        {
          "x": 9.5,
          "y": 13.5
        },
        {
          "x": 8.5,
          "y": 13.5
        },
        {
          "x": 7.5,
          "y": 13.5
        }
      ],
      "radio": 0,
      "repath": 0.6999999999999998,
      "route": [
        {
          "x": 20.5,
          "y": 2.5
        },
        {
          "x": 20.5,
          "y": 8.5
        },
        {
          "x": 20.5,
          "y": 12.5
        },
        {
          "x": 24.5,
          "y": 12.5
        },
        {
          "x": 20.5,
          "y": 12.5
        }
      ],
      "searchTime": 9,
      "seeing": false,
      "state": "investigate",
      "suspicion": 0,
      "wait": -0.006630939664316226,
      "wp": 0,
      "x": 20.50006411629133,
      "y": 9.015198171968974
    }
  ],
  "historyCount": 2,
  "keys": [],
  "objective": {
    "collected": false,
    "x": 36.5,
    "y": 3.5
  },
  "paused": false,
  "phase": "active",
  "player": {
    "angle": -1.5617234379637983,
    "exposure": 0,
    "health": 100,
    "key": true,
    "noise": 0.1999999999999944,
    "objective": false,
    "path": [],
    "run": false,
    "x": 7.499013011957289,
    "y": 11.608781335125771
  },
  "preset": "blackvault",
  "replay": null,
  "result": null,
  "securityOff": false,
  "seed": "DENSITY-09",
  "selected": 1,
  "smokes": [
    {
      "maxTtl": 9,
      "radius": 1.85,
      "ttl": 8.049999999999953,
      "x": 7.274662572560314,
      "y": 13.526497493300788
    }
  ],
  "sounds": [
    {
      "age": 2.0499999999999976,
      "id": 10,
      "intensity": 3,
      "owner": "player",
      "ttl": 2.4,
      "type": "door",
      "x": 6.5,
      "y": 14.5
    },
    {
      "age": 1.7999999999999985,
      "id": 11,
      "intensity": 1.15,
      "owner": "player",
      "ttl": 2.4,
      "type": "footstep",
      "x": 6.499999965978808,
      "y": 15.047590289468111
    },
    {
      "age": 1.2000000000000006,
      "id": 12,
      "intensity": 1.15,
      "owner": "player",
      "ttl": 2.4,
      "type": "footstep",
      "x": 6.62911042813577,
      "y": 13.602408156773569
    },
    {
      "age": 0.9500000000000012,
      "id": 13,
      "intensity": 4,
      "owner": "player",
      "ttl": 2.4,
      "type": "smoke",
      "x": 7.274662572560314,
      "y": 13.526497493300788
    },
    {
      "age": 0.6000000000000002,
      "id": 14,
      "intensity": 1.15,
      "owner": "player",
      "ttl": 2.4,
      "type": "footstep",
      "x": 7.477656563191751,
      "y": 12.734822463469587
    }
  ],
  "storageOK": true,
  "terminals": [
    {
      "name": "Access terminal",
      "type": "badge",
      "used": true,
      "x": 3.5,
      "y": 20.5
    },
    {
      "name": "Security terminal",
      "type": "security",
      "used": false,
      "x": 15.5,
      "y": 3.5
    }
  ],
  "time": 6.783333333333315,
  "touchDirections": [],
  "view": {
    "height": 475,
    "scale": 17.12,
    "width": 918,
    "x": 108.03999999999996,
    "y": 23.5
  }
}

$ agent-browser --session blackline screenshot /home/pyro/projects/naked/astra/bench/10-stealth-heist/evidence/screenshots/22-eight-guard-response.png
✓ Screenshot saved to /home/pyro/projects/naked/astra/bench/10-stealth-heist/evidence/screenshots/22-eight-guard-response.png

$ agent-browser --session blackline keydown Shift
✓ Done

$ agent-browser --session blackline eval '(()=>{const s=BLACKLINE.snapshot(),r=document.getElementById("game").getBoundingClientRect();return {x:r.x,y:r.y,v:s.view}})()'
{
  "v": {
    "height": 475,
    "scale": 17.12,
    "width": 918,
    "x": 108.03999999999996,
    "y": 23.5
  },
  "x": 35,
  "y": 201
}

$ agent-browser --session blackline mouse move 203 593
✓ Done

$ agent-browser --session blackline mouse down left
✓ Done

$ agent-browser --session blackline mouse up left
✓ Done

$ agent-browser --session blackline wait --fn Math.hypot(BLACKLINE.snapshot().player.x-3.5,BLACKLINE.snapshot().player.y-21.5)<0.2
true

$ agent-browser --session blackline keyup Shift
✓ Done

$ agent-browser --session blackline press Escape
✓ Done

$ agent-browser --session blackline eval BLACKLINE.snapshot()
{
  "action": null,
  "alarms": 1,
  "alert": 95.05999999999965,
  "audio": {
    "activeNodes": 0,
    "effects": 0.65,
    "enabled": true,
    "master": 0.5,
    "state": "running"
  },
  "cameras": [
    {
      "angle": 3.18377157060872,
      "base": 3.141592653589793,
      "disabled": 0,
      "phase": 2.14700758131221,
      "seeing": false,
      "suspicion": 0,
      "x": 38.9,
      "y": 12.5
    },
    {
      "angle": 2.596330860540077,
      "base": 2.2,
      "disabled": 0,
      "phase": 4.158386518713087,
      "seeing": false,
      "suspicion": 0,
      "x": 38.5,
      "y": 2.5
    }
  ],
  "charges": [
    2,
    0,
    1
  ],
  "cooldown": 0,
  "detections": 2,
  "diagnostics": {
    "collision": false,
    "memory": false,
    "navigation": false,
    "perception": false,
    "sound": false,
    "timing": false
  },
  "difficulty": "elite",
  "doors": [
    {
      "anim": 0.9999999999999998,
      "id": 0,
      "locked": false,
      "open": true,
      "x": 7,
      "y": 10
    },
    {
      "anim": 0.9999999999999998,
      "id": 1,
      "locked": false,
      "open": true,
      "x": 20,
      "y": 10
    },
    {
      "anim": 0.9999999999999998,
      "id": 2,
      "locked": false,
      "open": true,
      "x": 32,
      "y": 10
    },
    {
      "anim": 0.9999999999999998,
      "id": 3,
      "locked": false,
      "open": true,
      "x": 6,
      "y": 14
    },
    {
      "anim": 0,
      "id": 4,
      "locked": false,
      "open": false,
      "x": 19,
      "y": 14
    },
    {
      "anim": 0,
      "id": 5,
      "locked": false,
      "open": false,
      "x": 32,
      "y": 14
    }
  ],
  "events": [
    {
      "t": 0,
      "text": "Operation underway.",
      "type": "start"
    },
    {
      "t": 0.017,
      "text": "Connecting to terminal. Hold position.",
      "type": "action"
    },
    {
      "t": 1.217,
      "text": "Access badge cloned. All locks authorized.",
      "type": "terminal",
      "x": 3.5,
      "y": 20.5
    },
    {
      "t": 1.217,
      "text": "terminal: noise 2.5",
      "type": "sound",
      "x": 3.5,
      "y": 20.5
    },
    {
      "t": 2.317,
      "text": "G02 · idle / observing",
      "type": "guard",
      "x": 20.705,
      "y": 12.5
    },
    {
      "t": 2.317,
      "text": "G04 · idle / observing",
      "type": "guard",
      "x": 7.705,
      "y": 12.5
    },
    {
      "t": 2.317,
      "text": "G06 · idle / observing",
      "type": "guard",
      "x": 32.705,
      "y": 12.5
    },
    {
      "t": 2.317,
      "text": "G08 · idle / observing",
      "type": "guard",
      "x": 20.705,
      "y": 12.5
    },
    {
      "t": 3.033,
      "text": "G02 · patrol",
      "type": "guard",
      "x": 20.705,
      "y": 12.5
    },
    {
      "t": 3.117,
      "text": "G06 · patrol",
      "type": "guard",
      "x": 32.705,
      "y": 12.5
    },
    {
      "t": 3.25,
      "text": "G04 · patrol",
      "type": "guard",
      "x": 7.705,
      "y": 12.5
    },
    {
      "t": 3.533,
      "text": "G01 · idle / observing",
      "type": "guard",
      "x": 7.5,
      "y": 8.302
    },
    {
      "t": 3.533,
      "text": "G03 · idle / observing",
      "type": "guard",
      "x": 32.5,
      "y": 8.302
    },
    {
      "t": 3.533,
      "text": "G05 · idle / observing",
      "type": "guard",
      "x": 20.5,
      "y": 8.302
    },
    {
      "t": 3.533,
      "text": "G07 · idle / observing",
      "type": "guard",
      "x": 7.5,
      "y": 8.302
    },
    {
      "t": 3.6,
      "text": "guard door: noise 2.0",
      "type": "sound",
      "x": 20.5,
      "y": 10.5
    },
    {
      "t": 3.683,
      "text": "guard door: noise 2.0",
      "type": "sound",
      "x": 32.5,
      "y": 10.5
    },
    {
      "t": 3.817,
      "text": "guard door: noise 2.0",
      "type": "sound",
      "x": 7.5,
      "y": 10.5
    },
    {
      "t": 4.367,
      "text": "G01 · patrol",
      "type": "guard",
      "x": 7.5,
      "y": 8.302
    },
    {
      "t": 4.517,
      "text": "G08 · patrol",
      "type": "guard",
      "x": 20.705,
      "y": 12.5
    },
    {
      "t": 4.6,
      "text": "G03 · patrol",
      "type": "guard",
      "x": 32.5,
      "y": 8.302
    },
    {
      "t": 4.733,
      "text": "door: noise 3.0",
      "type": "sound",
      "x": 6.5,
      "y": 14.5
    },
    {
      "t": 4.733,
      "text": "Door opened.",
      "type": "door",
      "x": 6.5,
      "y": 14.5
    },
    {
      "t": 4.75,
      "text": "G01 · suspicious / movement seen",
      "type": "guard",
      "x": 7.5,
      "y": 8.907
    },
    {
      "t": 4.75,
      "text": "G07 · suspicious / movement seen",
      "type": "guard",
      "x": 7.5,
      "y": 8.302
    },
    {
      "t": 5.517,
      "text": "G07 · investigate / last visual position",
      "type": "guard",
      "x": 7.5,
      "y": 8.302
    },
    {
      "t": 5.533,
      "text": "G07 · suspicious / movement seen",
      "type": "guard",
      "x": 7.5,
      "y": 8.334
    },
    {
      "t": 5.583,
      "text": "G05 · patrol",
      "type": "guard",
      "x": 20.5,
      "y": 8.302
    },
    {
      "t": 5.75,
      "text": "G01 · pursuit / visual contact",
      "type": "guard",
      "x": 7.5,
      "y": 8.907
    },
    {
      "t": 5.75,
      "text": "Alarm broadcast · guard 1",
      "type": "alarm",
      "x": 7.059,
      "y": 13.552
    },
    {
      "t": 5.767,
      "text": "G07 · pursuit / visual contact",
      "type": "guard",
      "x": 7.5,
      "y": 8.334
    },
    {
      "t": 5.833,
      "text": "Smoke deployed. Vision blocked for 9 seconds.",
      "type": "gadget",
      "x": 7.275,
      "y": 13.526
    },
    {
      "t": 5.833,
      "text": "smoke: noise 4.0",
      "type": "sound",
      "x": 7.275,
      "y": 13.526
    },
    {
      "t": 6.733,
      "text": "G08 · investigate / radio report",
      "type": "guard",
      "x": 20.5,
      "y": 8.889
    },
    {
      "t": 6.75,
      "text": "G06 · investigate / radio report",
      "type": "guard",
      "x": 32.5,
      "y": 6.551
    },
    {
      "t": 6.95,
      "text": "G02 · investigate / radio report",
      "type": "guard",
      "x": 20.5,
      "y": 6.084
    },
    {
      "t": 6.95,
      "text": "G05 · investigate / radio report",
      "type": "guard",
      "x": 20.5,
      "y": 10.53
    },
    {
      "t": 7.017,
      "text": "G04 · investigate / footstep heard",
      "type": "guard",
      "x": 7.5,
      "y": 6.331
    },
    {
      "t": 7.017,
      "text": "G04 investigating footstep",
      "type": "heard",
      "x": 7.499,
      "y": 11.684
    },
    {
      "t": 7.033,
      "text": "G03 · idle / observing",
      "type": "guard",
      "x": 32.5,
      "y": 12.29
    },
    {
      "t": 7.133,
      "text": "G03 · investigate / radio report",
      "type": "guard",
      "x": 32.5,
      "y": 12.29
    },
    {
      "t": 7.25,
      "text": "G01 · search / contact lost",
      "type": "guard",
      "x": 7.5,
      "y": 13.403
    },
    {
      "t": 7.25,
      "text": "G01 · investigate / footstep heard",
      "type": "guard",
      "x": 7.5,
      "y": 13.403
    },
    {
      "t": 7.25,
      "text": "G01 investigating footstep",
      "type": "heard",
      "x": 7.499,
      "y": 11.684
    },
    {
      "t": 7.35,
      "text": "G01 investigating footstep",
      "type": "heard",
      "x": 7.5,
      "y": 13.184
    },
    {
      "t": 7.35,
      "text": "G01 · search / at source",
      "type": "guard",
      "x": 7.5,
      "y": 13.214
    },
    {
      "t": 7.683,
      "text": "G01 · investigate / footstep heard",
      "type": "guard",
      "x": 7.923,
      "y": 13.335
    },
    {
      "t": 7.683,
      "text": "G01 investigating footstep",
      "type": "heard",
      "x": 6.565,
      "y": 13.864
    },
    {
      "t": 8.017,
      "text": "G01 investigating footstep",
      "type": "heard",
      "x": 6.501,
      "y": 15.361
    },
    {
      "t": 8.183,
      "text": "G07 · search / contact lost",
      "type": "guard",
      "x": 7.5,
      "y": 11.584
    },
    {
      "t": 8.183,
      "text": "G07 · investigate / footstep heard",
      "type": "guard",
      "x": 7.5,
      "y": 11.584
    },
    {
      "t": 8.183,
      "text": "G07 investigating footstep",
      "type": "heard",
      "x": 7.499,
      "y": 11.684
    },
    {
      "t": 8.183,
      "text": "G07 · search / at source",
      "type": "guard",
      "x": 7.5,
      "y": 11.584
    },
    {
      "t": 8.2,
      "text": "G07 · investigate / footstep heard",
      "type": "guard",
      "x": 7.5,
      "y": 11.606
    },
    {
      "t": 8.2,
      "text": "G07 investigating footstep",
      "type": "heard",
      "x": 6.565,
      "y": 13.864
    },
    {
      "t": 8.217,
      "text": "G07 investigating footstep",
      "type": "heard",
      "x": 6.501,
      "y": 15.361
    },
    {
      "t": 8.35,
      "text": "G01 investigating footstep",
      "type": "heard",
      "x": 6.5,
      "y": 16.861
    },
    {
      "t": 8.683,
      "text": "G01 investigating footstep",
      "type": "heard",
      "x": 6.5,
      "y": 18.361
    },
    {
      "t": 9.017,
      "text": "G01 investigating footstep",
      "type": "heard",
      "x": 6.5,
      "y": 19.861
    },
    {
      "t": 9.15,
      "text": "G01 · suspicious / movement seen",
      "type": "guard",
      "x": 6.512,
      "y": 15.094
    },
    {
      "t": 9.267,
      "text": "G01 · investigate / last visual position",
      "type": "guard",
      "x": 6.512,
      "y": 15.094
    },
    {
      "t": 9.283,
      "text": "G01 · suspicious / movement seen",
      "type": "guard",
      "x": 6.511,
      "y": 15.125
    },
    {
      "t": 9.517,
      "text": "G01 · investigate / last visual position",
      "type": "guard",
      "x": 6.511,
      "y": 15.125
    },
    {
      "t": 9.967,
      "text": "G01 · suspicious / movement seen",
      "type": "guard",
      "x": 6.504,
      "y": 15.979
    }
  ],
  "exit": {
    "x": 3.5,
    "y": 21.5
  },
  "fingerprint": "4b8e5749",
  "fps": 59.99211923664659,
  "frameTime": 2.800000011920929,
  "guards": [
    {
      "angle": 2.0583664636923267,
      "capture": 0,
      "heardId": 21,
      "id": 1,
      "lastKnown": {
        "x": 3.576869423599903,
        "y": 21.499977494030716
      },
      "lost": 0,
      "path": [],
      "radio": 0,
      "repath": -0.1,
      "route": [
        {
          "x": 7.5,
          "y": 2.5
        },
        {
          "x": 7.5,
          "y": 8.5
        },
        {
          "x": 7.5,
          "y": 12.5
        },
        {
          "x": 11.5,
          "y": 12.5
        },
        {
          "x": 7.5,
          "y": 12.5
        }
      ],
      "searchTarget": {
        "x": 9.5,
        "y": 11.5
      },
      "searchTime": 7,
      "seeing": true,
      "state": "suspicious",
      "suspicion": 0.5175916666666683,
      "wait": -0.009855762271521917,
      "wp": 2,
      "x": 6.504326478515521,
      "y": 15.979296604039783
    },
    {
      "angle": 1.5707963267988132,
      "capture": 0,
      "heardId": 0,
      "id": 2,
      "lastKnown": {
        "x": 7.059478524418799,
        "y": 13.551801047791717
      },
      "lost": 0,
      "path": [
        {
          "x": 20.5,
          "y": 12.5
        },
        {
          "x": 20.5,
          "y": 13.5
        },
        {
          "x": 19.5,
          "y": 13.5
        },
        {
          "x": 18.5,
          "y": 13.5
        },
        {
          "x": 17.5,
          "y": 13.5
        },
        {
          "x": 16.5,
          "y": 13.5
        },
        {
          "x": 15.5,
          "y": 13.5
        },
        {
          "x": 14.5,
          "y": 13.5
        },
        {
          "x": 13.5,
          "y": 13.5
        },
        {
          "x": 12.5,
          "y": 13.5
        },
        {
          "x": 11.5,
          "y": 13.5
        },
        {
          "x": 10.5,
          "y": 13.5
        },
        {
          "x": 9.5,
          "y": 13.5
        },
        {
          "x": 8.5,
          "y": 13.5
        },
        {
          "x": 7.5,
          "y": 13.5
        }
      ],
      "radio": 0,
      "repath": 0.4833333333333332,
      "route": [
        {
          "x": 20.5,
          "y": 2.5
        },
        {
          "x": 20.5,
          "y": 8.5
        },
        {
          "x": 20.5,
          "y": 12.5
        },
        {
          "x": 24.5,
          "y": 12.5
        },
        {
          "x": 20.5,
          "y": 12.5
        }
      ],
      "searchTime": 9,
      "seeing": false,
      "state": "investigate",
      "suspicion": 0,
      "wait": -0.0028473960158110316,
      "wp": 0,
      "x": 20.50000000000126,
      "y": 12.029198179249596
    },
    {
      "angle": 3.141562867518055,
      "capture": 0,
      "heardId": 0,
      "id": 3,
      "lastKnown": {
        "x": 7.059478524418799,
        "y": 13.551801047791717
      },
      "lost": 0,
      "path": [
        {
          "x": 27.5,
          "y": 13.5
        },
        {
          "x": 26.5,
          "y": 13.5
        },
        {
          "x": 25.5,
          "y": 13.5
        },
        {
          "x": 24.5,
          "y": 13.5
        },
        {
          "x": 23.5,
          "y": 13.5
        },
        {
          "x": 22.5,
          "y": 13.5
        },
        {
          "x": 21.5,
          "y": 13.5
        },
        {
          "x": 20.5,
          "y": 13.5
        },
        {
          "x": 19.5,
          "y": 13.5
        },
        {
          "x": 18.5,
          "y": 13.5
        },
        {
          "x": 17.5,
          "y": 13.5
        },
        {
          "x": 16.5,
          "y": 13.5
        },
        {
          "x": 15.5,
          "y": 13.5
        },
        {
          "x": 14.5,
          "y": 13.5
        },
        {
          "x": 13.5,
          "y": 13.5
        },
        {
          "x": 12.5,
          "y": 13.5
        },
        {
          "x": 11.5,
          "y": 13.5
        },
        {
          "x": 10.5,
          "y": 13.5
        },
        {
          "x": 9.5,
          "y": 13.5
        },
        {
          "x": 8.5,
          "y": 13.5
        },
        {
          "x": 7.5,
          "y": 13.5
        }
      ],
      "radio": 0,
      "repath": 0.2249999999999997,
      "route": [
        {
          "x": 32.5,
          "y": 2.5
        },
        {
          "x": 32.5,
          "y": 8.5
        },
        {
          "x": 32.5,
          "y": 12.5
        },
        {
          "x": 36.5,
          "y": 12.5
        },
        {
          "x": 32.5,
          "y": 12.5
        }
      ],
      "searchTime": 9,
      "seeing": false,
      "state": "investigate",
      "suspicion": 0,
      "wait": 1.6060992598921684,
      "wp": 3,
      "x": 28.013982885529018,
      "y": 13.49998563240109
    },
    {
      "angle": 1.5707963268057554,
      "capture": 0,
      "heardId": 15,
      "id": 4,
      "lastKnown": {
        "x": 7.059478524418799,
        "y": 13.551801047791717
      },
      "lost": 0,
      "path": [
        {
          "x": 7.5,
          "y": 12.5
        },
        {
          "x": 7.5,
          "y": 13.5
        }
      ],
      "radio": 0,
      "repath": 0.19999999999999968,
      "route": [
        {
          "x": 7.5,
          "y": 2.5
        },
        {
          "x": 7.5,
          "y": 8.5
        },
        {
          "x": 7.5,
          "y": 12.5
        },
        {
          "x": 11.5,
          "y": 12.5
        },
        {
          "x": 7.5,
          "y": 12.5
        }
      ],
      "searchTime": 9,
      "seeing": false,
      "state": "investigate",
      "suspicion": 0,
      "wait": -0.00538506189671779,
      "wp": 0,
      "x": 7.500000000003525,
      "y": 12.150198179249587
    },
    {
      "angle": 3.1404052894216923,
      "capture": 0,
      "heardId": 0,
      "id": 5,
      "lastKnown": {
        "x": 7.059478524418799,
        "y": 13.551801047791717
      },
      "lost": 0,
      "path": [
        {
          "x": 16.5,
          "y": 13.5
        },
        {
          "x": 15.5,
          "y": 13.5
        },
        {
          "x": 14.5,
          "y": 13.5
        },
        {
          "x": 13.5,
          "y": 13.5
        },
        {
          "x": 12.5,
          "y": 13.5
        },
        {
          "x": 11.5,
          "y": 13.5
        },
        {
          "x": 10.5,
          "y": 13.5
        },
        {
          "x": 9.5,
          "y": 13.5
        },
        {
          "x": 8.5,
          "y": 13.5
        },
        {
          "x": 7.5,
          "y": 13.5
        }
      ],
      "radio": 0,
      "repath": 0.29166666666666624,
      "route": [
        {
          "x": 20.5,
          "y": 2.5
        },
        {
          "x": 20.5,
          "y": 8.5
        },
        {
          "x": 20.5,
          "y": 12.5
        },
        {
          "x": 24.5,
          "y": 12.5
        },
        {
          "x": 20.5,
          "y": 12.5
        }
      ],
      "searchTime": 9,
      "seeing": false,
      "state": "investigate",
      "suspicion": 0,
      "wait": -0.01330844582989572,
      "wp": 2,
      "x": 17.209403632592696,
      "y": 13.49921192817154
    },
    {
      "angle": 1.57079632680178,
      "capture": 0,
      "heardId": 0,
      "id": 6,
      "lastKnown": {
        "x": 7.059478524418799,
        "y": 13.551801047791717
      },
      "lost": 0,
      "path": [
        {
          "x": 32.5,
          "y": 13.5
        },
        {
          "x": 31.5,
          "y": 13.5
        },
        {
          "x": 30.5,
          "y": 13.5
        },
        {
          "x": 29.5,
          "y": 13.5
        },
        {
          "x": 28.5,
          "y": 13.5
        },
        {
          "x": 27.5,
          "y": 13.5
        },
        {
          "x": 26.5,
          "y": 13.5
        },
        {
          "x": 25.5,
          "y": 13.5
        },
        {
          "x": 24.5,
          "y": 13.5
        },
        {
          "x": 23.5,
          "y": 13.5
        },
        {
          "x": 22.5,
          "y": 13.5
        },
        {
          "x": 21.5,
          "y": 13.5
        },
        {
          "x": 20.5,
          "y": 13.5
        },
        {
          "x": 19.5,
          "y": 13.5
        },
        {
          "x": 18.5,
          "y": 13.5
        },
        {
          "x": 17.5,
          "y": 13.5
        },
        {
          "x": 16.5,
          "y": 13.5
        },
        {
          "x": 15.5,
          "y": 13.5
        },
        {
          "x": 14.5,
          "y": 13.5
        },
        {
          "x": 13.5,
          "y": 13.5
        },
        {
          "x": 12.5,
          "y": 13.5
        },
        {
          "x": 11.5,
          "y": 13.5
        },
        {
          "x": 10.5,
          "y": 13.5
        },
        {
          "x": 9.5,
          "y": 13.5
        },
        {
          "x": 8.5,
          "y": 13.5
        },
        {
          "x": 7.5,
          "y": 13.5
        }
      ],
      "radio": 0,
      "repath": 0.1833333333333329,
      "route": [
        {
          "x": 32.5,
          "y": 2.5
        },
        {
          "x": 32.5,
          "y": 8.5
        },
        {
          "x": 32.5,
          "y": 12.5
        },
        {
          "x": 36.5,
          "y": 12.5
        },
        {
          "x": 32.5,
          "y": 12.5
        }
      ],
      "searchTime": 9,
      "seeing": false,
      "state": "investigate",
      "suspicion": 0,
      "wait": -0.003826959431172238,
      "wp": 0,
      "x": 32.50000000000265,
      "y": 12.87619817920528
    },
    {
      "angle": 1.701369236146701,
      "capture": 0,
      "heardId": 18,
      "id": 7,
      "lastKnown": {
        "x": 6.501465857608556,
        "y": 15.36077213997667
      },
      "lost": 1.4166666666666663,
      "path": [
        {
          "x": 6.5,
          "y": 14.5
        },
        {
          "x": 6.5,
          "y": 15.5
        }
      ],
      "radio": 0,
      "repath": 0.32499999999999946,
      "route": [
        {
          "x": 7.5,
          "y": 2.5
        },
        {
          "x": 7.5,
          "y": 8.5
        },
        {
          "x": 7.5,
          "y": 12.5
        },
        {
          "x": 11.5,
          "y": 12.5
        },
        {
          "x": 7.5,
          "y": 12.5
        }
      ],
      "searchTarget": {
        "x": 7.5,
        "y": 13.5
      },
      "searchTime": 6,
      "seeing": false,
      "state": "investigate",
      "suspicion": 0.14200000000000265,
      "wait": 0.05405850952956765,
      "wp": 2,
      "x": 6.512436728151495,
      "y": 14.395782314630257
    },
    {
      "angle": 3.1247113091037484,
      "capture": 0,
      "heardId": 0,
      "id": 8,
      "lastKnown": {
        "x": 7.059478524418799,
        "y": 13.551801047791717
      },
      "lost": 0,
      "path": [
        {
          "x": 17.5,
          "y": 13.5
        },
        {
          "x": 16.5,
          "y": 13.5
        },
        {
          "x": 15.5,
          "y": 13.5
        },
        {
          "x": 14.5,
          "y": 13.5
        },
        {
          "x": 13.5,
          "y": 13.5
        },
        {
          "x": 12.5,
          "y": 13.5
        },
        {
          "x": 11.5,
          "y": 13.5
        },
        {
          "x": 10.5,
          "y": 13.5
        },
        {
          "x": 9.5,
          "y": 13.5
        },
        {
          "x": 8.5,
          "y": 13.5
        },
        {
          "x": 7.5,
          "y": 13.5
        }
      ],
      "radio": 0,
      "repath": 0.4166666666666659,
      "route": [
        {
          "x": 20.5,
          "y": 2.5
        },
        {
          "x": 20.5,
          "y": 8.5
        },
        {
          "x": 20.5,
          "y": 12.5
        },
        {
          "x": 24.5,
          "y": 12.5
        },
        {
          "x": 20.5,
          "y": 12.5
        }
      ],
      "searchTime": 9,
      "seeing": false,
      "state": "investigate",
      "suspicion": 0,
      "wait": -0.006630939664316226,
      "wp": 0,
      "x": 18.464271865163873,
      "y": 13.496663860877598
    }
  ],
  "historyCount": 2,
  "keys": [],
  "objective": {
    "collected": false,
    "x": 36.5,
    "y": 3.5
  },
  "paused": true,
  "phase": "active",
  "player": {
    "angle": 3.1412998717841254,
    "exposure": 0.5175916666666683,
    "health": 100,
    "key": true,
    "noise": 6.300000000000001,
    "objective": false,
    "path": [],
    "run": false,
    "x": 3.576869423599903,
    "y": 21.499977494030716
  },
  "preset": "blackvault",
  "replay": null,
  "result": null,
  "securityOff": false,
  "seed": "DENSITY-09",
  "selected": 1,
  "smokes": [
    {
      "maxTtl": 9,
      "radius": 1.85,
      "ttl": 4.766666666666629,
      "x": 7.274662572560314,
      "y": 13.526497493300788
    }
  ],
  "sounds": [
    {
      "age": 2.3833333333333298,
      "id": 17,
      "intensity": 6.5,
      "owner": "player",
      "ttl": 2.4,
      "type": "footstep",
      "x": 6.565388140805146,
      "y": 13.863575407368256
    },
    {
      "age": 2.0499999999999976,
      "id": 18,
      "intensity": 6.5,
      "owner": "player",
      "ttl": 2.4,
      "type": "footstep",
      "x": 6.501465857608556,
      "y": 15.36077213997667
    },
    {
      "age": 1.7166666666666657,
      "id": 19,
      "intensity": 6.5,
      "owner": "player",
      "ttl": 2.4,
      "type": "footstep",
      "x": 6.500033276735578,
      "y": 16.860767786029434
    },
    {
      "age": 1.3833333333333333,
      "id": 20,
      "intensity": 6.5,
      "owner": "player",
      "ttl": 2.4,
      "type": "footstep",
      "x": 6.500000743078473,
      "y": 18.360767785304212
    },
    {
      "age": 1.0500000000000012,
      "id": 21,
      "intensity": 6.5,
      "owner": "player",
      "ttl": 2.4,
      "type": "footstep",
      "x": 6.5000000168683,
      "y": 19.86076778530309
    },
    {
      "age": 0.7166666666666672,
      "id": 22,
      "intensity": 6.5,
      "owner": "player",
      "ttl": 2.4,
      "type": "footstep",
      "x": 6.500000000376674,
      "y": 21.36076778530307
    },
    {
      "age": 0.3833333333333333,
      "id": 23,
      "intensity": 6.5,
      "owner": "player",
      "ttl": 2.4,
      "type": "footstep",
      "x": 5.0768601282794155,
      "y": 21.496574962260745
    },
    {
      "age": 0.05,
      "id": 24,
      "intensity": 6.5,
      "owner": "player",
      "ttl": 2.4,
      "type": "footstep",
      "x": 3.576869423599903,
      "y": 21.499977494030716
    }
  ],
  "storageOK": true,
  "terminals": [
    {
      "name": "Access terminal",
      "type": "badge",
      "used": true,
      "x": 3.5,
      "y": 20.5
    },
    {
      "name": "Security terminal",
      "type": "security",
      "used": false,
      "x": 15.5,
      "y": 3.5
    }
  ],
  "time": 10.066666666666746,
  "touchDirections": [],
  "view": {
    "height": 475,
    "scale": 17.12,
    "width": 918,
    "x": 108.03999999999996,
    "y": 23.5
  }
}

$ agent-browser --session blackline set viewport 1280 800 2
✓ Done

$ agent-browser --session blackline find role button click --name 'Resume operation'
✓ Done

$ agent-browser --session blackline keydown ArrowRight
✓ Done

$ agent-browser --session blackline eval BLACKLINE.snapshot()
{
  "action": null,
  "alarms": 1,
  "alert": 94.75666666666628,
  "audio": {
    "activeNodes": 0,
    "effects": 0.65,
    "enabled": true,
    "master": 0.5,
    "state": "running"
  },
  "cameras": [
    {
      "angle": 3.2061570099231855,
      "base": 3.141592653589793,
      "disabled": 0,
      "phase": 2.14700758131221,
      "seeing": false,
      "suspicion": 0,
      "x": 38.9,
      "y": 12.5
    },
    {
      "angle": 2.58441828055028,
      "base": 2.2,
      "disabled": 0,
      "phase": 4.158386518713087,
      "seeing": false,
      "suspicion": 0,
      "x": 38.5,
      "y": 2.5
    }
  ],
  "charges": [
    2,
    0,
    1
  ],
  "cooldown": 0,
  "detections": 2,
  "diagnostics": {
    "collision": false,
    "memory": false,
    "navigation": false,
    "perception": false,
    "sound": false,
    "timing": false
  },
  "difficulty": "elite",
  "doors": [
    {
      "anim": 0.9999999999999998,
      "id": 0,
      "locked": false,
      "open": true,
      "x": 7,
      "y": 10
    },
    {
      "anim": 0.9999999999999998,
      "id": 1,
      "locked": false,
      "open": true,
      "x": 20,
      "y": 10
    },
    {
      "anim": 0.9999999999999998,
      "id": 2,
      "locked": false,
      "open": true,
      "x": 32,
      "y": 10
    },
    {
      "anim": 0.9999999999999998,
      "id": 3,
      "locked": false,
      "open": true,
      "x": 6,
      "y": 14
    },
    {
      "anim": 0,
      "id": 4,
      "locked": false,
      "open": false,
      "x": 19,
      "y": 14
    },
    {
      "anim": 0,
      "id": 5,
      "locked": false,
      "open": false,
      "x": 32,
      "y": 14
    }
  ],
  "events": [
    {
      "t": 0,
      "text": "Operation underway.",
      "type": "start"
    },
    {
      "t": 0.017,
      "text": "Connecting to terminal. Hold position.",
      "type": "action"
    },
    {
      "t": 1.217,
      "text": "Access badge cloned. All locks authorized.",
      "type": "terminal",
      "x": 3.5,
      "y": 20.5
    },
    {
      "t": 1.217,
      "text": "terminal: noise 2.5",
      "type": "sound",
      "x": 3.5,
      "y": 20.5
    },
    {
      "t": 2.317,
      "text": "G02 · idle / observing",
      "type": "guard",
      "x": 20.705,
      "y": 12.5
    },
    {
      "t": 2.317,
      "text": "G04 · idle / observing",
      "type": "guard",
      "x": 7.705,
      "y": 12.5
    },
    {
      "t": 2.317,
      "text": "G06 · idle / observing",
      "type": "guard",
      "x": 32.705,
      "y": 12.5
    },
    {
      "t": 2.317,
      "text": "G08 · idle / observing",
      "type": "guard",
      "x": 20.705,
      "y": 12.5
    },
    {
      "t": 3.033,
      "text": "G02 · patrol",
      "type": "guard",
      "x": 20.705,
      "y": 12.5
    },
    {
      "t": 3.117,
      "text": "G06 · patrol",
      "type": "guard",
      "x": 32.705,
      "y": 12.5
    },
    {
      "t": 3.25,
      "text": "G04 · patrol",
      "type": "guard",
      "x": 7.705,
      "y": 12.5
    },
    {
      "t": 3.533,
      "text": "G01 · idle / observing",
      "type": "guard",
      "x": 7.5,
      "y": 8.302
    },
    {
      "t": 3.533,
      "text": "G03 · idle / observing",
      "type": "guard",
      "x": 32.5,
      "y": 8.302
    },
    {
      "t": 3.533,
      "text": "G05 · idle / observing",
      "type": "guard",
      "x": 20.5,
      "y": 8.302
    },
    {
      "t": 3.533,
      "text": "G07 · idle / observing",
      "type": "guard",
      "x": 7.5,
      "y": 8.302
    },
    {
      "t": 3.6,
      "text": "guard door: noise 2.0",
      "type": "sound",
      "x": 20.5,
      "y": 10.5
    },
    {
      "t": 3.683,
      "text": "guard door: noise 2.0",
      "type": "sound",
      "x": 32.5,
      "y": 10.5
    },
    {
      "t": 3.817,
      "text": "guard door: noise 2.0",
      "type": "sound",
      "x": 7.5,
      "y": 10.5
    },
    {
      "t": 4.367,
      "text": "G01 · patrol",
      "type": "guard",
      "x": 7.5,
      "y": 8.302
    },
    {
      "t": 4.517,
      "text": "G08 · patrol",
      "type": "guard",
      "x": 20.705,
      "y": 12.5
    },
    {
      "t": 4.6,
      "text": "G03 · patrol",
      "type": "guard",
      "x": 32.5,
      "y": 8.302
    },
    {
      "t": 4.733,
      "text": "door: noise 3.0",
      "type": "sound",
      "x": 6.5,
      "y": 14.5
    },
    {
      "t": 4.733,
      "text": "Door opened.",
      "type": "door",
      "x": 6.5,
      "y": 14.5
    },
    {
      "t": 4.75,
      "text": "G01 · suspicious / movement seen",
      "type": "guard",
      "x": 7.5,
      "y": 8.907
    },
    {
      "t": 4.75,
      "text": "G07 · suspicious / movement seen",
      "type": "guard",
      "x": 7.5,
      "y": 8.302
    },
    {
      "t": 5.517,
      "text": "G07 · investigate / last visual position",
      "type": "guard",
      "x": 7.5,
      "y": 8.302
    },
    {
      "t": 5.533,
      "text": "G07 · suspicious / movement seen",
      "type": "guard",
      "x": 7.5,
      "y": 8.334
    },
    {
      "t": 5.583,
      "text": "G05 · patrol",
      "type": "guard",
      "x": 20.5,
      "y": 8.302
    },
    {
      "t": 5.75,
      "text": "G01 · pursuit / visual contact",
      "type": "guard",
      "x": 7.5,
      "y": 8.907
    },
    {
      "t": 5.75,
      "text": "Alarm broadcast · guard 1",
      "type": "alarm",
      "x": 7.059,
      "y": 13.552
    },
    {
      "t": 5.767,
      "text": "G07 · pursuit / visual contact",
      "type": "guard",
      "x": 7.5,
      "y": 8.334
    },
    {
      "t": 5.833,
      "text": "Smoke deployed. Vision blocked for 9 seconds.",
      "type": "gadget",
      "x": 7.275,
      "y": 13.526
    },
    {
      "t": 5.833,
      "text": "smoke: noise 4.0",
      "type": "sound",
      "x": 7.275,
      "y": 13.526
    },
    {
      "t": 6.733,
      "text": "G08 · investigate / radio report",
      "type": "guard",
      "x": 20.5,
      "y": 8.889
    },
    {
      "t": 6.75,
      "text": "G06 · investigate / radio report",
      "type": "guard",
      "x": 32.5,
      "y": 6.551
    },
    {
      "t": 6.95,
      "text": "G02 · investigate / radio report",
      "type": "guard",
      "x": 20.5,
      "y": 6.084
    },
    {
      "t": 6.95,
      "text": "G05 · investigate / radio report",
      "type": "guard",
      "x": 20.5,
      "y": 10.53
    },
    {
      "t": 7.017,
      "text": "G04 · investigate / footstep heard",
      "type": "guard",
      "x": 7.5,
      "y": 6.331
    },
    {
      "t": 7.017,
      "text": "G04 investigating footstep",
      "type": "heard",
      "x": 7.499,
      "y": 11.684
    },
    {
      "t": 7.033,
      "text": "G03 · idle / observing",
      "type": "guard",
      "x": 32.5,
      "y": 12.29
    },
    {
      "t": 7.133,
      "text": "G03 · investigate / radio report",
      "type": "guard",
      "x": 32.5,
      "y": 12.29
    },
    {
      "t": 7.25,
      "text": "G01 · search / contact lost",
      "type": "guard",
      "x": 7.5,
      "y": 13.403
    },
    {
      "t": 7.25,
      "text": "G01 · investigate / footstep heard",
      "type": "guard",
      "x": 7.5,
      "y": 13.403
    },
    {
      "t": 7.25,
      "text": "G01 investigating footstep",
      "type": "heard",
      "x": 7.499,
      "y": 11.684
    },
    {
      "t": 7.35,
      "text": "G01 investigating footstep",
      "type": "heard",
      "x": 7.5,
      "y": 13.184
    },
    {
      "t": 7.35,
      "text": "G01 · search / at source",
      "type": "guard",
      "x": 7.5,
      "y": 13.214
    },
    {
      "t": 7.683,
      "text": "G01 · investigate / footstep heard",
      "type": "guard",
      "x": 7.923,
      "y": 13.335
    },
    {
      "t": 7.683,
      "text": "G01 investigating footstep",
      "type": "heard",
      "x": 6.565,
      "y": 13.864
    },
    {
      "t": 8.017,
      "text": "G01 investigating footstep",
      "type": "heard",
      "x": 6.501,
      "y": 15.361
    },
    {
      "t": 8.183,
      "text": "G07 · search / contact lost",
      "type": "guard",
      "x": 7.5,
      "y": 11.584
    },
    {
      "t": 8.183,
      "text": "G07 · investigate / footstep heard",
      "type": "guard",
      "x": 7.5,
      "y": 11.584
    },
    {
      "t": 8.183,
      "text": "G07 investigating footstep",
      "type": "heard",
      "x": 7.499,
      "y": 11.684
    },
    {
      "t": 8.183,
      "text": "G07 · search / at source",
      "type": "guard",
      "x": 7.5,
      "y": 11.584
    },
    {
      "t": 8.2,
      "text": "G07 · investigate / footstep heard",
      "type": "guard",
      "x": 7.5,
      "y": 11.606
    },
    {
      "t": 8.2,
      "text": "G07 investigating footstep",
      "type": "heard",
      "x": 6.565,
      "y": 13.864
    },
    {
      "t": 8.217,
      "text": "G07 investigating footstep",
      "type": "heard",
      "x": 6.501,
      "y": 15.361
    },
    {
      "t": 8.35,
      "text": "G01 investigating footstep",
      "type": "heard",
      "x": 6.5,
      "y": 16.861
    },
    {
      "t": 8.683,
      "text": "G01 investigating footstep",
      "type": "heard",
      "x": 6.5,
      "y": 18.361
    },
    {
      "t": 9.017,
      "text": "G01 investigating footstep",
      "type": "heard",
      "x": 6.5,
      "y": 19.861
    },
    {
      "t": 9.15,
      "text": "G01 · suspicious / movement seen",
      "type": "guard",
      "x": 6.512,
      "y": 15.094
    },
    {
      "t": 9.267,
      "text": "G01 · investigate / last visual position",
      "type": "guard",
      "x": 6.512,
      "y": 15.094
    },
    {
      "t": 9.283,
      "text": "G01 · suspicious / movement seen",
      "type": "guard",
      "x": 6.511,
      "y": 15.125
    },
    {
      "t": 9.517,
      "text": "G01 · investigate / last visual position",
      "type": "guard",
      "x": 6.511,
      "y": 15.125
    },
    {
      "t": 9.967,
      "text": "G01 · suspicious / movement seen",
      "type": "guard",
      "x": 6.504,
      "y": 15.979
    }
  ],
  "exit": {
    "x": 3.5,
    "y": 21.5
  },
  "fingerprint": "4b8e5749",
  "fps": 59.01971331083686,
  "frameTime": 1.5,
  "guards": [
    {
      "angle": 2.05222001092835,
      "capture": 0,
      "heardId": 21,
      "id": 1,
      "lastKnown": {
        "x": 3.620202756933237,
        "y": 21.499977494030716
      },
      "lost": 0,
      "path": [],
      "radio": 0,
      "repath": -0.21666666666666665,
      "route": [
        {
          "x": 7.5,
          "y": 2.5
        },
        {
          "x": 7.5,
          "y": 8.5
        },
        {
          "x": 7.5,
          "y": 12.5
        },
        {
          "x": 11.5,
          "y": 12.5
        },
        {
          "x": 7.5,
          "y": 12.5
        }
      ],
      "searchTarget": {
        "x": 9.5,
        "y": 11.5
      },
      "searchTime": 7,
      "seeing": true,
      "state": "suspicious",
      "suspicion": 0.6176916666666682,
      "wait": -0.009855762271521917,
      "wp": 2,
      "x": 6.504326478515521,
      "y": 15.979296604039783
    },
    {
      "angle": 1.570796326797968,
      "capture": 0,
      "heardId": 0,
      "id": 2,
      "lastKnown": {
        "x": 7.059478524418799,
        "y": 13.551801047791717
      },
      "lost": 0,
      "path": [
        {
          "x": 20.5,
          "y": 12.5
        },
        {
          "x": 20.5,
          "y": 13.5
        },
        {
          "x": 19.5,
          "y": 13.5
        },
        {
          "x": 18.5,
          "y": 13.5
        },
        {
          "x": 17.5,
          "y": 13.5
        },
        {
          "x": 16.5,
          "y": 13.5
        },
        {
          "x": 15.5,
          "y": 13.5
        },
        {
          "x": 14.5,
          "y": 13.5
        },
        {
          "x": 13.5,
          "y": 13.5
        },
        {
          "x": 12.5,
          "y": 13.5
        },
        {
          "x": 11.5,
          "y": 13.5
        },
        {
          "x": 10.5,
          "y": 13.5
        },
        {
          "x": 9.5,
          "y": 13.5
        },
        {
          "x": 8.5,
          "y": 13.5
        },
        {
          "x": 7.5,
          "y": 13.5
        }
      ],
      "radio": 0,
      "repath": 0.3666666666666666,
      "route": [
        {
          "x": 20.5,
          "y": 2.5
        },
        {
          "x": 20.5,
          "y": 8.5
        },
        {
          "x": 20.5,
          "y": 12.5
        },
        {
          "x": 24.5,
          "y": 12.5
        },
        {
          "x": 20.5,
          "y": 12.5
        }
      ],
      "searchTime": 9,
      "seeing": false,
      "state": "investigate",
      "suspicion": 0,
      "wait": -0.0028473960158110316,
      "wp": 0,
      "x": 20.500000000000664,
      "y": 12.250573179249598
    },
    {
      "angle": 3.1415641126379454,
      "capture": 0,
      "heardId": 0,
      "id": 3,
      "lastKnown": {
        "x": 7.059478524418799,
        "y": 13.551801047791717
      },
      "lost": 0,
      "path": [
        {
          "x": 27.5,
          "y": 13.5
        },
        {
          "x": 26.5,
          "y": 13.5
        },
        {
          "x": 25.5,
          "y": 13.5
        },
        {
          "x": 24.5,
          "y": 13.5
        },
        {
          "x": 23.5,
          "y": 13.5
        },
        {
          "x": 22.5,
          "y": 13.5
        },
        {
          "x": 21.5,
          "y": 13.5
        },
        {
          "x": 20.5,
          "y": 13.5
        },
        {
          "x": 19.5,
          "y": 13.5
        },
        {
          "x": 18.5,
          "y": 13.5
        },
        {
          "x": 17.5,
          "y": 13.5
        },
        {
          "x": 16.5,
          "y": 13.5
        },
        {
          "x": 15.5,
          "y": 13.5
        },
        {
          "x": 14.5,
          "y": 13.5
        },
        {
          "x": 13.5,
          "y": 13.5
        },
        {
          "x": 12.5,
          "y": 13.5
        },
        {
          "x": 11.5,
          "y": 13.5
        },
        {
          "x": 10.5,
          "y": 13.5
        },
        {
          "x": 9.5,
          "y": 13.5
        },
        {
          "x": 8.5,
          "y": 13.5
        },
        {
          "x": 7.5,
          "y": 13.5
        }
      ],
      "radio": 0,
      "repath": 0.10833333333333306,
      "route": [
        {
          "x": 32.5,
          "y": 2.5
        },
        {
          "x": 32.5,
          "y": 8.5
        },
        {
          "x": 32.5,
          "y": 12.5
        },
        {
          "x": 36.5,
          "y": 12.5
        },
        {
          "x": 32.5,
          "y": 12.5
        }
      ],
      "searchTime": 9,
      "seeing": false,
      "state": "investigate",
      "suspicion": 0,
      "wait": 1.6060992598921684,
      "wp": 3,
      "x": 27.7926078856155,
      "y": 13.499991820597812
    },
    {
      "angle": 1.5707963268052227,
      "capture": 0,
      "heardId": 15,
      "id": 4,
      "lastKnown": {
        "x": 7.059478524418799,
        "y": 13.551801047791717
      },
      "lost": 0,
      "path": [
        {
          "x": 7.5,
          "y": 12.5
        },
        {
          "x": 7.5,
          "y": 13.5
        }
      ],
      "radio": 0,
      "repath": 0.08333333333333304,
      "route": [
        {
          "x": 7.5,
          "y": 2.5
        },
        {
          "x": 7.5,
          "y": 8.5
        },
        {
          "x": 7.5,
          "y": 12.5
        },
        {
          "x": 11.5,
          "y": 12.5
        },
        {
          "x": 7.5,
          "y": 12.5
        }
      ],
      "searchTime": 9,
      "seeing": false,
      "state": "investigate",
      "suspicion": 0,
      "wait": -0.00538506189671779,
      "wp": 0,
      "x": 7.500000000001293,
      "y": 12.371573179249587
    },
    {
      "angle": 3.1404572457096593,
      "capture": 0,
      "heardId": 0,
      "id": 5,
      "lastKnown": {
        "x": 7.059478524418799,
        "y": 13.551801047791717
      },
      "lost": 0,
      "path": [
        {
          "x": 16.5,
          "y": 13.5
        },
        {
          "x": 15.5,
          "y": 13.5
        },
        {
          "x": 14.5,
          "y": 13.5
        },
        {
          "x": 13.5,
          "y": 13.5
        },
        {
          "x": 12.5,
          "y": 13.5
        },
        {
          "x": 11.5,
          "y": 13.5
        },
        {
          "x": 10.5,
          "y": 13.5
        },
        {
          "x": 9.5,
          "y": 13.5
        },
        {
          "x": 8.5,
          "y": 13.5
        },
        {
          "x": 7.5,
          "y": 13.5
        }
      ],
      "radio": 0,
      "repath": 0.1749999999999996,
      "route": [
        {
          "x": 20.5,
          "y": 2.5
        },
        {
          "x": 20.5,
          "y": 8.5
        },
        {
          "x": 20.5,
          "y": 12.5
        },
        {
          "x": 24.5,
          "y": 12.5
        },
        {
          "x": 20.5,
          "y": 12.5
        }
      ],
      "searchTime": 9,
      "seeing": false,
      "state": "investigate",
      "suspicion": 0,
      "wait": -0.01330844582989572,
      "wp": 2,
      "x": 16.98802876919027,
      "y": 13.499457852050924
    },
    {
      "angle": 1.5707963267999865,
      "capture": 0,
      "heardId": 0,
      "id": 6,
      "lastKnown": {
        "x": 7.059478524418799,
        "y": 13.551801047791717
      },
      "lost": 0,
      "path": [
        {
          "x": 32.5,
          "y": 13.5
        },
        {
          "x": 31.5,
          "y": 13.5
        },
        {
          "x": 30.5,
          "y": 13.5
        },
        {
          "x": 29.5,
          "y": 13.5
        },
        {
          "x": 28.5,
          "y": 13.5
        },
        {
          "x": 27.5,
          "y": 13.5
        },
        {
          "x": 26.5,
          "y": 13.5
        },
        {
          "x": 25.5,
          "y": 13.5
        },
        {
          "x": 24.5,
          "y": 13.5
        },
        {
          "x": 23.5,
          "y": 13.5
        },
        {
          "x": 22.5,
          "y": 13.5
        },
        {
          "x": 21.5,
          "y": 13.5
        },
        {
          "x": 20.5,
          "y": 13.5
        },
        {
          "x": 19.5,
          "y": 13.5
        },
        {
          "x": 18.5,
          "y": 13.5
        },
        {
          "x": 17.5,
          "y": 13.5
        },
        {
          "x": 16.5,
          "y": 13.5
        },
        {
          "x": 15.5,
          "y": 13.5
        },
        {
          "x": 14.5,
          "y": 13.5
        },
        {
          "x": 13.5,
          "y": 13.5
        },
        {
          "x": 12.5,
          "y": 13.5
        },
        {
          "x": 11.5,
          "y": 13.5
        },
        {
          "x": 10.5,
          "y": 13.5
        },
        {
          "x": 9.5,
          "y": 13.5
        },
        {
          "x": 8.5,
          "y": 13.5
        },
        {
          "x": 7.5,
          "y": 13.5
        }
      ],
      "radio": 0,
      "repath": 0.06666666666666626,
      "route": [
        {
          "x": 32.5,
          "y": 2.5
        },
        {
          "x": 32.5,
          "y": 8.5
        },
        {
          "x": 32.5,
          "y": 12.5
        },
        {
          "x": 36.5,
          "y": 12.5
        },
        {
          "x": 32.5,
          "y": 12.5
        }
      ],
      "searchTime": 9,
      "seeing": false,
      "state": "investigate",
      "suspicion": 0,
      "wait": -0.003826959431172238,
      "wp": 0,
      "x": 32.500000000001705,
      "y": 13.09757317920528
    },
    {
      "angle": 1.6203069800484735,
      "capture": 0,
      "heardId": 18,
      "id": 7,
      "lastKnown": {
        "x": 6.501465857608556,
        "y": 15.36077213997667
      },
      "lost": 1.4166666666666663,
      "path": [
        {
          "x": 6.5,
          "y": 15.5
        }
      ],
      "radio": 0,
      "repath": 0.2083333333333328,
      "route": [
        {
          "x": 7.5,
          "y": 2.5
        },
        {
          "x": 7.5,
          "y": 8.5
        },
        {
          "x": 7.5,
          "y": 12.5
        },
        {
          "x": 11.5,
          "y": 12.5
        },
        {
          "x": 7.5,
          "y": 12.5
        }
      ],
      "searchTarget": {
        "x": 7.5,
        "y": 13.5
      },
      "searchTime": 6,
      "seeing": false,
      "state": "investigate",
      "suspicion": 0.11166666666666936,
      "wait": 0.05405850952956765,
      "wp": 2,
      "x": 6.509943554819691,
      "y": 14.617143274855268
    },
    {
      "angle": 3.133830257614519,
      "capture": 0,
      "heardId": 0,
      "id": 8,
      "lastKnown": {
        "x": 7.059478524418799,
        "y": 13.551801047791717
      },
      "lost": 0,
      "path": [
        {
          "x": 17.5,
          "y": 13.5
        },
        {
          "x": 16.5,
          "y": 13.5
        },
        {
          "x": 15.5,
          "y": 13.5
        },
        {
          "x": 14.5,
          "y": 13.5
        },
        {
          "x": 13.5,
          "y": 13.5
        },
        {
          "x": 12.5,
          "y": 13.5
        },
        {
          "x": 11.5,
          "y": 13.5
        },
        {
          "x": 10.5,
          "y": 13.5
        },
        {
          "x": 9.5,
          "y": 13.5
        },
        {
          "x": 8.5,
          "y": 13.5
        },
        {
          "x": 7.5,
          "y": 13.5
        }
      ],
      "radio": 0,
      "repath": 0.2999999999999993,
      "route": [
        {
          "x": 20.5,
          "y": 2.5
        },
        {
          "x": 20.5,
          "y": 8.5
        },
        {
          "x": 20.5,
          "y": 12.5
        },
        {
          "x": 24.5,
          "y": 12.5
        },
        {
          "x": 20.5,
          "y": 12.5
        }
      ],
      "searchTime": 9,
      "seeing": false,
      "state": "investigate",
      "suspicion": 0,
      "wait": -0.006630939664316226,
      "wp": 0,
      "x": 18.242898190066597,
      "y": 13.497429758343705
    }
  ],
  "historyCount": 2,
  "keys": [
    "ArrowRight"
  ],
  "objective": {
    "collected": false,
    "x": 36.5,
    "y": 3.5
  },
  "paused": false,
  "phase": "active",
  "player": {
    "angle": 0,
    "exposure": 0.6176916666666682,
    "health": 100,
    "key": true,
    "noise": 5.833333333333336,
    "objective": false,
    "path": [],
    "run": false,
    "x": 3.620202756933237,
    "y": 21.499977494030716
  },
  "preset": "blackvault",
  "replay": null,
  "result": null,
  "securityOff": false,
  "seed": "DENSITY-09",
  "selected": 1,
  "smokes": [
    {
      "maxTtl": 9,
      "radius": 1.85,
      "ttl": 4.649999999999963,
      "x": 7.274662572560314,
      "y": 13.526497493300788
    }
  ],
  "sounds": [
    {
      "age": 2.166666666666664,
      "id": 18,
      "intensity": 6.5,
      "owner": "player",
      "ttl": 2.4,
      "type": "footstep",
      "x": 6.501465857608556,
      "y": 15.36077213997667
    },
    {
      "age": 1.8333333333333317,
      "id": 19,
      "intensity": 6.5,
      "owner": "player",
      "ttl": 2.4,
      "type": "footstep",
      "x": 6.500033276735578,
      "y": 16.860767786029434
    },
    {
      "age": 1.4999999999999996,
      "id": 20,
      "intensity": 6.5,
      "owner": "player",
      "ttl": 2.4,
      "type": "footstep",
      "x": 6.500000743078473,
      "y": 18.360767785304212
    },
    {
      "age": 1.1666666666666674,
      "id": 21,
      "intensity": 6.5,
      "owner": "player",
      "ttl": 2.4,
      "type": "footstep",
      "x": 6.5000000168683,
      "y": 19.86076778530309
    },
    {
      "age": 0.8333333333333343,
      "id": 22,
      "intensity": 6.5,
      "owner": "player",
      "ttl": 2.4,
      "type": "footstep",
      "x": 6.500000000376674,
      "y": 21.36076778530307
    },
    {
      "age": 0.49999999999999994,
      "id": 23,
      "intensity": 6.5,
      "owner": "player",
      "ttl": 2.4,
      "type": "footstep",
      "x": 5.0768601282794155,
      "y": 21.496574962260745
    },
    {
      "age": 0.16666666666666666,
      "id": 24,
      "intensity": 6.5,
      "owner": "player",
      "ttl": 2.4,
      "type": "footstep",
      "x": 3.576869423599903,
      "y": 21.499977494030716
    }
  ],
  "storageOK": true,
  "terminals": [
    {
      "name": "Access terminal",
      "type": "badge",
      "used": true,
      "x": 3.5,
      "y": 20.5
    },
    {
      "name": "Security terminal",
      "type": "security",
      "used": false,
      "x": 15.5,
      "y": 3.5
    }
  ],
  "time": 10.18333333333342,
  "touchDirections": [],
  "view": {
    "height": 475,
    "scale": 17.12,
    "width": 918,
    "x": 108.03999999999996,
    "y": 23.5
  }
}

$ agent-browser --session blackline wait --fn BLACKLINE.snapshot().player.x>4.120202756933237
true

$ agent-browser --session blackline keyup ArrowRight
✓ Done

$ agent-browser --session blackline press Escape
✓ Done

$ agent-browser --session blackline eval ({dpr:devicePixelRatio,canvasWidth:document.querySelector("#game").width,cssWidth:document.querySelector("#game").getBoundingClientRect().width,state:BLACKLINE.snapshot()})
{
  "canvasWidth": 1836,
  "cssWidth": 918,
  "dpr": 2,
  "state": {
    "action": null,
    "alarms": 1,
    "alert": 93.97666666666622,
    "audio": {
      "activeNodes": 0,
      "effects": 0.65,
      "enabled": true,
      "master": 0.5,
      "state": "running"
    },
    "cameras": [
      {
        "angle": 3.262879701481831,
        "base": 3.141592653589793,
        "disabled": 0,
        "phase": 2.14700758131221,
        "seeing": false,
        "suspicion": 0,
        "x": 38.9,
        "y": 12.5
      },
      {
        "angle": 2.5496234159409887,
        "base": 2.2,
        "disabled": 0,
        "phase": 4.158386518713087,
        "seeing": false,
        "suspicion": 0,
        "x": 38.5,
        "y": 2.5
      }
    ],
    "charges": [
      2,
      0,
      1
    ],
    "cooldown": 0,
    "detections": 2,
    "diagnostics": {
      "collision": false,
      "memory": false,
      "navigation": false,
      "perception": false,
      "sound": false,
      "timing": false
    },
    "difficulty": "elite",
    "doors": [
      {
        "anim": 0.9999999999999998,
        "id": 0,
        "locked": false,
        "open": true,
        "x": 7,
        "y": 10
      },
      {
        "anim": 0.9999999999999998,
        "id": 1,
        "locked": false,
        "open": true,
        "x": 20,
        "y": 10
      },
      {
        "anim": 0.9999999999999998,
        "id": 2,
        "locked": false,
        "open": true,
        "x": 32,
        "y": 10
      },
      {
        "anim": 0.9999999999999998,
        "id": 3,
        "locked": false,
        "open": true,
        "x": 6,
        "y": 14
      },
      {
        "anim": 0,
        "id": 4,
        "locked": false,
        "open": false,
        "x": 19,
        "y": 14
      },
      {
        "anim": 0,
        "id": 5,
        "locked": false,
        "open": false,
        "x": 32,
        "y": 14
      }
    ],
    "events": [
      {
        "t": 0,
        "text": "Operation underway.",
        "type": "start"
      },
      {
        "t": 0.017,
        "text": "Connecting to terminal. Hold position.",
        "type": "action"
      },
      {
        "t": 1.217,
        "text": "Access badge cloned. All locks authorized.",
        "type": "terminal",
        "x": 3.5,
        "y": 20.5
      },
      {
        "t": 1.217,
        "text": "terminal: noise 2.5",
        "type": "sound",
        "x": 3.5,
        "y": 20.5
      },
      {
        "t": 2.317,
        "text": "G02 · idle / observing",
        "type": "guard",
        "x": 20.705,
        "y": 12.5
      },
      {
        "t": 2.317,
        "text": "G04 · idle / observing",
        "type": "guard",
        "x": 7.705,
        "y": 12.5
      },
      {
        "t": 2.317,
        "text": "G06 · idle / observing",
        "type": "guard",
        "x": 32.705,
        "y": 12.5
      },
      {
        "t": 2.317,
        "text": "G08 · idle / observing",
        "type": "guard",
        "x": 20.705,
        "y": 12.5
      },
      {
        "t": 3.033,
        "text": "G02 · patrol",
        "type": "guard",
        "x": 20.705,
        "y": 12.5
      },
      {
        "t": 3.117,
        "text": "G06 · patrol",
        "type": "guard",
        "x": 32.705,
        "y": 12.5
      },
      {
        "t": 3.25,
        "text": "G04 · patrol",
        "type": "guard",
        "x": 7.705,
        "y": 12.5
      },
      {
        "t": 3.533,
        "text": "G01 · idle / observing",
        "type": "guard",
        "x": 7.5,
        "y": 8.302
      },
      {
        "t": 3.533,
        "text": "G03 · idle / observing",
        "type": "guard",
        "x": 32.5,
        "y": 8.302
      },
      {
        "t": 3.533,
        "text": "G05 · idle / observing",
        "type": "guard",
        "x": 20.5,
        "y": 8.302
      },
      {
        "t": 3.533,
        "text": "G07 · idle / observing",
        "type": "guard",
        "x": 7.5,
        "y": 8.302
      },
      {
        "t": 3.6,
        "text": "guard door: noise 2.0",
        "type": "sound",
        "x": 20.5,
        "y": 10.5
      },
      {
        "t": 3.683,
        "text": "guard door: noise 2.0",
        "type": "sound",
        "x": 32.5,
        "y": 10.5
      },
      {
        "t": 3.817,
        "text": "guard door: noise 2.0",
        "type": "sound",
        "x": 7.5,
        "y": 10.5
      },
      {
        "t": 4.367,
        "text": "G01 · patrol",
        "type": "guard",
        "x": 7.5,
        "y": 8.302
      },
      {
        "t": 4.517,
        "text": "G08 · patrol",
        "type": "guard",
        "x": 20.705,
        "y": 12.5
      },
      {
        "t": 4.6,
        "text": "G03 · patrol",
        "type": "guard",
        "x": 32.5,
        "y": 8.302
      },
      {
        "t": 4.733,
        "text": "door: noise 3.0",
        "type": "sound",
        "x": 6.5,
        "y": 14.5
      },
      {
        "t": 4.733,
        "text": "Door opened.",
        "type": "door",
        "x": 6.5,
        "y": 14.5
      },
      {
        "t": 4.75,
        "text": "G01 · suspicious / movement seen",
        "type": "guard",
        "x": 7.5,
        "y": 8.907
      },
      {
        "t": 4.75,
        "text": "G07 · suspicious / movement seen",
        "type": "guard",
        "x": 7.5,
        "y": 8.302
      },
      {
        "t": 5.517,
        "text": "G07 · investigate / last visual position",
        "type": "guard",
        "x": 7.5,
        "y": 8.302
      },
      {
        "t": 5.533,
        "text": "G07 · suspicious / movement seen",
        "type": "guard",
        "x": 7.5,
        "y": 8.334
      },
      {
        "t": 5.583,
        "text": "G05 · patrol",
        "type": "guard",
        "x": 20.5,
        "y": 8.302
      },
      {
        "t": 5.75,
        "text": "G01 · pursuit / visual contact",
        "type": "guard",
        "x": 7.5,
        "y": 8.907
      },
      {
        "t": 5.75,
        "text": "Alarm broadcast · guard 1",
        "type": "alarm",
        "x": 7.059,
        "y": 13.552
      },
      {
        "t": 5.767,
        "text": "G07 · pursuit / visual contact",
        "type": "guard",
        "x": 7.5,
        "y": 8.334
      },
      {
        "t": 5.833,
        "text": "Smoke deployed. Vision blocked for 9 seconds.",
        "type": "gadget",
        "x": 7.275,
        "y": 13.526
      },
      {
        "t": 5.833,
        "text": "smoke: noise 4.0",
        "type": "sound",
        "x": 7.275,
        "y": 13.526
      },
      {
        "t": 6.733,
        "text": "G08 · investigate / radio report",
        "type": "guard",
        "x": 20.5,
        "y": 8.889
      },
      {
        "t": 6.75,
        "text": "G06 · investigate / radio report",
        "type": "guard",
        "x": 32.5,
        "y": 6.551
      },
      {
        "t": 6.95,
        "text": "G02 · investigate / radio report",
        "type": "guard",
        "x": 20.5,
        "y": 6.084
      },
      {
        "t": 6.95,
        "text": "G05 · investigate / radio report",
        "type": "guard",
        "x": 20.5,
        "y": 10.53
      },
      {
        "t": 7.017,
        "text": "G04 · investigate / footstep heard",
        "type": "guard",
        "x": 7.5,
        "y": 6.331
      },
      {
        "t": 7.017,
        "text": "G04 investigating footstep",
        "type": "heard",
        "x": 7.499,
        "y": 11.684
      },
      {
        "t": 7.033,
        "text": "G03 · idle / observing",
        "type": "guard",
        "x": 32.5,
        "y": 12.29
      },
      {
        "t": 7.133,
        "text": "G03 · investigate / radio report",
        "type": "guard",
        "x": 32.5,
        "y": 12.29
      },
      {
        "t": 7.25,
        "text": "G01 · search / contact lost",
        "type": "guard",
        "x": 7.5,
        "y": 13.403
      },
      {
        "t": 7.25,
        "text": "G01 · investigate / footstep heard",
        "type": "guard",
        "x": 7.5,
        "y": 13.403
      },
      {
        "t": 7.25,
        "text": "G01 investigating footstep",
        "type": "heard",
        "x": 7.499,
        "y": 11.684
      },
      {
        "t": 7.35,
        "text": "G01 investigating footstep",
        "type": "heard",
        "x": 7.5,
        "y": 13.184
      },
      {
        "t": 7.35,
        "text": "G01 · search / at source",
        "type": "guard",
        "x": 7.5,
        "y": 13.214
      },
      {
        "t": 7.683,
        "text": "G01 · investigate / footstep heard",
        "type": "guard",
        "x": 7.923,
        "y": 13.335
      },
      {
        "t": 7.683,
        "text": "G01 investigating footstep",
        "type": "heard",
        "x": 6.565,
        "y": 13.864
      },
      {
        "t": 8.017,
        "text": "G01 investigating footstep",
        "type": "heard",
        "x": 6.501,
        "y": 15.361
      },
      {
        "t": 8.183,
        "text": "G07 · search / contact lost",
        "type": "guard",
        "x": 7.5,
        "y": 11.584
      },
      {
        "t": 8.183,
        "text": "G07 · investigate / footstep heard",
        "type": "guard",
        "x": 7.5,
        "y": 11.584
      },
      {
        "t": 8.183,
        "text": "G07 investigating footstep",
        "type": "heard",
        "x": 7.499,
        "y": 11.684
      },
      {
        "t": 8.183,
        "text": "G07 · search / at source",
        "type": "guard",
        "x": 7.5,
        "y": 11.584
      },
      {
        "t": 8.2,
        "text": "G07 · investigate / footstep heard",
        "type": "guard",
        "x": 7.5,
        "y": 11.606
      },
      {
        "t": 8.2,
        "text": "G07 investigating footstep",
        "type": "heard",
        "x": 6.565,
        "y": 13.864
      },
      {
        "t": 8.217,
        "text": "G07 investigating footstep",
        "type": "heard",
        "x": 6.501,
        "y": 15.361
      },
      {
        "t": 8.35,
        "text": "G01 investigating footstep",
        "type": "heard",
        "x": 6.5,
        "y": 16.861
      },
      {
        "t": 8.683,
        "text": "G01 investigating footstep",
        "type": "heard",
        "x": 6.5,
        "y": 18.361
      },
      {
        "t": 9.017,
        "text": "G01 investigating footstep",
        "type": "heard",
        "x": 6.5,
        "y": 19.861
      },
      {
        "t": 9.15,
        "text": "G01 · suspicious / movement seen",
        "type": "guard",
        "x": 6.512,
        "y": 15.094
      },
      {
        "t": 9.267,
        "text": "G01 · investigate / last visual position",
        "type": "guard",
        "x": 6.512,
        "y": 15.094
      },
      {
        "t": 9.283,
        "text": "G01 · suspicious / movement seen",
        "type": "guard",
        "x": 6.511,
        "y": 15.125
      },
      {
        "t": 9.517,
        "text": "G01 · investigate / last visual position",
        "type": "guard",
        "x": 6.511,
        "y": 15.125
      },
      {
        "t": 9.967,
        "text": "G01 · suspicious / movement seen",
        "type": "guard",
        "x": 6.504,
        "y": 15.979
      },
      {
        "t": 10.267,
        "text": "G01 · investigate / last visual position",
        "type": "guard",
        "x": 6.504,
        "y": 15.979
      },
      {
        "t": 10.317,
        "text": "G07 · search / at source",
        "type": "guard",
        "x": 6.507,
        "y": 14.839
      }
    ],
    "exit": {
      "x": 3.5,
      "y": 21.5
    },
    "fingerprint": "4b8e5749",
    "fps": 59.55716642282103,
    "frameTime": 2.4000000059604645,
    "guards": [
      {
        "angle": 1.6240363036791354,
        "capture": 0,
        "heardId": 21,
        "id": 1,
        "lastKnown": {
          "x": 3.7935360902665702,
          "y": 21.499977494030716
        },
        "lost": 0,
        "path": [
          {
            "x": 6.5,
            "y": 17.5
          },
          {
            "x": 6.5,
            "y": 18.5
          },
          {
            "x": 6.5,
            "y": 19.5
          },
          {
            "x": 6.5,
            "y": 20.5
          },
          {
            "x": 6.5,
            "y": 21.5
          },
          {
            "x": 5.5,
            "y": 21.5
          },
          {
            "x": 4.5,
            "y": 21.5
          },
          {
            "x": 3.5,
            "y": 21.5
          }
        ],
        "radio": 0,
        "repath": 0.3583333333333332,
        "route": [
          {
            "x": 7.5,
            "y": 2.5
          },
          {
            "x": 7.5,
            "y": 8.5
          },
          {
            "x": 7.5,
            "y": 12.5
          },
          {
            "x": 11.5,
            "y": 12.5
          },
          {
            "x": 7.5,
            "y": 12.5
          }
        ],
        "searchTarget": {
          "x": 9.5,
          "y": 11.5
        },
        "searchTime": 7,
        "seeing": false,
        "state": "investigate",
        "suspicion": 0.6142250000000019,
        "wait": -0.009855762271521917,
        "wp": 2,
        "x": 6.500884641847655,
        "y": 16.42203240249865
      },
      {
        "angle": 1.570796326795444,
        "capture": 0,
        "heardId": 0,
        "id": 2,
        "lastKnown": {
          "x": 7.059478524418799,
          "y": 13.551801047791717
        },
        "lost": 0,
        "path": [
          {
            "x": 20.5,
            "y": 13.5
          },
          {
            "x": 19.5,
            "y": 13.5
          },
          {
            "x": 18.5,
            "y": 13.5
          },
          {
            "x": 17.5,
            "y": 13.5
          },
          {
            "x": 16.5,
            "y": 13.5
          },
          {
            "x": 15.5,
            "y": 13.5
          },
          {
            "x": 14.5,
            "y": 13.5
          },
          {
            "x": 13.5,
            "y": 13.5
          },
          {
            "x": 12.5,
            "y": 13.5
          },
          {
            "x": 11.5,
            "y": 13.5
          },
          {
            "x": 10.5,
            "y": 13.5
          },
          {
            "x": 9.5,
            "y": 13.5
          },
          {
            "x": 8.5,
            "y": 13.5
          },
          {
            "x": 7.5,
            "y": 13.5
          }
        ],
        "radio": 0,
        "repath": 0.0666666666666666,
        "route": [
          {
            "x": 20.5,
            "y": 2.5
          },
          {
            "x": 20.5,
            "y": 8.5
          },
          {
            "x": 20.5,
            "y": 12.5
          },
          {
            "x": 24.5,
            "y": 12.5
          },
          {
            "x": 20.5,
            "y": 12.5
          }
        ],
        "searchTime": 9,
        "seeing": false,
        "state": "investigate",
        "suspicion": 0,
        "wait": -0.0028473960158110316,
        "wp": 0,
        "x": 20.500000000000192,
        "y": 12.819823179249598
      },
      {
        "angle": 3.141586409683552,
        "capture": 0,
        "heardId": 0,
        "id": 3,
        "lastKnown": {
          "x": 7.059478524418799,
          "y": 13.551801047791717
        },
        "lost": 0,
        "path": [
          {
            "x": 26.5,
            "y": 13.5
          },
          {
            "x": 25.5,
            "y": 13.5
          },
          {
            "x": 24.5,
            "y": 13.5
          },
          {
            "x": 23.5,
            "y": 13.5
          },
          {
            "x": 22.5,
            "y": 13.5
          },
          {
            "x": 21.5,
            "y": 13.5
          },
          {
            "x": 20.5,
            "y": 13.5
          },
          {
            "x": 19.5,
            "y": 13.5
          },
          {
            "x": 18.5,
            "y": 13.5
          },
          {
            "x": 17.5,
            "y": 13.5
          },
          {
            "x": 16.5,
            "y": 13.5
          },
          {
            "x": 15.5,
            "y": 13.5
          },
          {
            "x": 14.5,
            "y": 13.5
          },
          {
            "x": 13.5,
            "y": 13.5
          },
          {
            "x": 12.5,
            "y": 13.5
          },
          {
            "x": 11.5,
            "y": 13.5
          },
          {
            "x": 10.5,
            "y": 13.5
          },
          {
            "x": 9.5,
            "y": 13.5
          },
          {
            "x": 8.5,
            "y": 13.5
          },
          {
            "x": 7.5,
            "y": 13.5
          }
        ],
        "radio": 0,
        "repath": 0.4416666666666663,
        "route": [
          {
            "x": 32.5,
            "y": 2.5
          },
          {
            "x": 32.5,
            "y": 8.5
          },
          {
            "x": 32.5,
            "y": 12.5
          },
          {
            "x": 36.5,
            "y": 12.5
          },
          {
            "x": 32.5,
            "y": 12.5
          }
        ],
        "searchTime": 9,
        "seeing": false,
        "state": "investigate",
        "suspicion": 0,
        "wait": 1.6060992598921684,
        "wp": 3,
        "x": 27.223357885690927,
        "y": 13.499998114151516
      },
      {
        "angle": 1.570796326796532,
        "capture": 0,
        "heardId": 15,
        "id": 4,
        "lastKnown": {
          "x": 7.059478524418799,
          "y": 13.551801047791717
        },
        "lost": 0,
        "path": [
          {
            "x": 7.5,
            "y": 13.5
          }
        ],
        "radio": 0,
        "repath": 0.43333333333333296,
        "route": [
          {
            "x": 7.5,
            "y": 2.5
          },
          {
            "x": 7.5,
            "y": 8.5
          },
          {
            "x": 7.5,
            "y": 12.5
          },
          {
            "x": 11.5,
            "y": 12.5
          },
          {
            "x": 7.5,
            "y": 12.5
          }
        ],
        "searchTime": 9,
        "seeing": false,
        "state": "investigate",
        "suspicion": 0,
        "wait": -0.00538506189671779,
        "wp": 0,
        "x": 7.500000000000638,
        "y": 12.94082317924959
      },
      {
        "angle": 3.141170153296593,
        "capture": 0,
        "heardId": 0,
        "id": 5,
        "lastKnown": {
          "x": 7.059478524418799,
          "y": 13.551801047791717
        },
        "lost": 0,
        "path": [
          {
            "x": 15.5,
            "y": 13.5
          },
          {
            "x": 14.5,
            "y": 13.5
          },
          {
            "x": 13.5,
            "y": 13.5
          },
          {
            "x": 12.5,
            "y": 13.5
          },
          {
            "x": 11.5,
            "y": 13.5
          },
          {
            "x": 10.5,
            "y": 13.5
          },
          {
            "x": 9.5,
            "y": 13.5
          },
          {
            "x": 8.5,
            "y": 13.5
          },
          {
            "x": 7.5,
            "y": 13.5
          }
        ],
        "radio": 0,
        "repath": 0.558333333333333,
        "route": [
          {
            "x": 20.5,
            "y": 2.5
          },
          {
            "x": 20.5,
            "y": 8.5
          },
          {
            "x": 20.5,
            "y": 12.5
          },
          {
            "x": 24.5,
            "y": 12.5
          },
          {
            "x": 20.5,
            "y": 12.5
          }
        ],
        "searchTime": 9,
        "seeing": false,
        "state": "investigate",
        "suspicion": 0,
        "wait": -0.01330844582989572,
        "wp": 2,
        "x": 16.4187789676846,
        "y": 13.499850373773803
      },
      {
        "angle": 2.7320703071349928,
        "capture": 0,
        "heardId": 0,
        "id": 6,
        "lastKnown": {
          "x": 7.059478524418799,
          "y": 13.551801047791717
        },
        "lost": 0,
        "path": [
          {
            "x": 31.5,
            "y": 13.5
          },
          {
            "x": 30.5,
            "y": 13.5
          },
          {
            "x": 29.5,
            "y": 13.5
          },
          {
            "x": 28.5,
            "y": 13.5
          },
          {
            "x": 27.5,
            "y": 13.5
          },
          {
            "x": 26.5,
            "y": 13.5
          },
          {
            "x": 25.5,
            "y": 13.5
          },
          {
            "x": 24.5,
            "y": 13.5
          },
          {
            "x": 23.5,
            "y": 13.5
          },
          {
            "x": 22.5,
            "y": 13.5
          },
          {
            "x": 21.5,
            "y": 13.5
          },
          {
            "x": 20.5,
            "y": 13.5
          },
          {
            "x": 19.5,
            "y": 13.5
          },
          {
            "x": 18.5,
            "y": 13.5
          },
          {
            "x": 17.5,
            "y": 13.5
          },
          {
            "x": 16.5,
            "y": 13.5
          },
          {
            "x": 15.5,
            "y": 13.5
          },
          {
            "x": 14.5,
            "y": 13.5
          },
          {
            "x": 13.5,
            "y": 13.5
          },
          {
            "x": 12.5,
            "y": 13.5
          },
          {
            "x": 11.5,
            "y": 13.5
          },
          {
            "x": 10.5,
            "y": 13.5
          },
          {
            "x": 9.5,
            "y": 13.5
          },
          {
            "x": 8.5,
            "y": 13.5
          },
          {
            "x": 7.5,
            "y": 13.5
          }
        ],
        "radio": 0,
        "repath": 0.4666666666666662,
        "route": [
          {
            "x": 32.5,
            "y": 2.5
          },
          {
            "x": 32.5,
            "y": 8.5
          },
          {
            "x": 32.5,
            "y": 12.5
          },
          {
            "x": 36.5,
            "y": 12.5
          },
          {
            "x": 32.5,
            "y": 12.5
          }
        ],
        "searchTime": 9,
        "seeing": false,
        "state": "investigate",
        "suspicion": 0,
        "wait": -0.003826959431172238,
        "wp": 0,
        "x": 32.04658443190413,
        "y": 13.331896962750063
      },
      {
        "angle": 1.5841106605856834,
        "capture": 0,
        "heardId": 18,
        "id": 7,
        "lastKnown": {
          "x": 6.501465857608556,
          "y": 15.36077213997667
        },
        "lost": 1.4166666666666663,
        "path": [
          {
            "x": 6.5,
            "y": 15.5
          },
          {
            "x": 7.5,
            "y": 15.5
          },
          {
            "x": 8.5,
            "y": 15.5
          }
        ],
        "radio": 0,
        "repath": 0.5583333333333329,
        "route": [
          {
            "x": 7.5,
            "y": 2.5
          },
          {
            "x": 7.5,
            "y": 8.5
          },
          {
            "x": 7.5,
            "y": 12.5
          },
          {
            "x": 11.5,
            "y": 12.5
          },
          {
            "x": 7.5,
            "y": 12.5
          }
        ],
        "searchTarget": {
          "x": 8.5,
          "y": 15.5
        },
        "searchTime": 6.816666666666667,
        "seeing": false,
        "state": "search",
        "suspicion": 0.033666666666669405,
        "wait": 0.05405850952956765,
        "wp": 2,
        "x": 6.504724924926404,
        "y": 15.080488887251722
      },
      {
        "angle": 3.1383326689852415,
        "capture": 0,
        "heardId": 0,
        "id": 8,
        "lastKnown": {
          "x": 7.059478524418799,
          "y": 13.551801047791717
        },
        "lost": 0,
        "path": [
          {
            "x": 16.5,
            "y": 13.5
          },
          {
            "x": 15.5,
            "y": 13.5
          },
          {
            "x": 14.5,
            "y": 13.5
          },
          {
            "x": 13.5,
            "y": 13.5
          },
          {
            "x": 12.5,
            "y": 13.5
          },
          {
            "x": 11.5,
            "y": 13.5
          },
          {
            "x": 10.5,
            "y": 13.5
          },
          {
            "x": 9.5,
            "y": 13.5
          },
          {
            "x": 8.5,
            "y": 13.5
          },
          {
            "x": 7.5,
            "y": 13.5
          }
        ],
        "radio": 0,
        "repath": 0.75,
        "route": [
          {
            "x": 20.5,
            "y": 2.5
          },
          {
            "x": 20.5,
            "y": 8.5
          },
          {
            "x": 20.5,
            "y": 12.5
          },
          {
            "x": 24.5,
            "y": 12.5
          },
          {
            "x": 20.5,
            "y": 12.5
          }
        ],
        "searchTime": 9,
        "seeing": false,
        "state": "investigate",
        "suspicion": 0,
        "wait": -0.006630939664316226,
        "wp": 0,
        "x": 17.67365141317778,
        "y": 13.499308429965684
      }
    ],
    "historyCount": 2,
    "keys": [],
    "objective": {
      "collected": false,
      "x": 36.5,
      "y": 3.5
    },
    "paused": true,
    "phase": "active",
    "player": {
      "angle": 0,
      "exposure": 0,
      "health": 100,
      "key": true,
      "noise": 4.63333333333334,
      "objective": false,
      "path": [],
      "run": false,
      "x": 4.4002027569332345,
      "y": 21.499977494030716
    },
    "preset": "blackvault",
    "replay": null,
    "result": null,
    "securityOff": false,
    "seed": "DENSITY-09",
    "selected": 1,
    "smokes": [
      {
        "maxTtl": 9,
        "radius": 1.85,
        "ttl": 4.349999999999964,
        "x": 7.274662572560314,
        "y": 13.526497493300788
      }
    ],
    "sounds": [
      {
        "age": 2.13333333333333,
        "id": 19,
        "intensity": 6.5,
        "owner": "player",
        "ttl": 2.4,
        "type": "footstep",
        "x": 6.500033276735578,
        "y": 16.860767786029434
      },
      {
        "age": 1.7999999999999985,
        "id": 20,
        "intensity": 6.5,
        "owner": "player",
        "ttl": 2.4,
        "type": "footstep",
        "x": 6.500000743078473,
        "y": 18.360767785304212
      },
      {
        "age": 1.4666666666666663,
        "id": 21,
        "intensity": 6.5,
        "owner": "player",
        "ttl": 2.4,
        "type": "footstep",
        "x": 6.5000000168683,
        "y": 19.86076778530309
      },
      {
        "age": 1.1333333333333342,
        "id": 22,
        "intensity": 6.5,
        "owner": "player",
        "ttl": 2.4,
        "type": "footstep",
        "x": 6.500000000376674,
        "y": 21.36076778530307
      },
      {
        "age": 0.8000000000000008,
        "id": 23,
        "intensity": 6.5,
        "owner": "player",
        "ttl": 2.4,
        "type": "footstep",
        "x": 5.0768601282794155,
        "y": 21.496574962260745
      },
      {
        "age": 0.4666666666666666,
        "id": 24,
        "intensity": 6.5,
        "owner": "player",
        "ttl": 2.4,
        "type": "footstep",
        "x": 3.576869423599903,
        "y": 21.499977494030716
      }
    ],
    "storageOK": true,
    "terminals": [
      {
        "name": "Access terminal",
        "type": "badge",
        "used": true,
        "x": 3.5,
        "y": 20.5
      },
      {
        "name": "Security terminal",
        "type": "security",
        "used": false,
        "x": 15.5,
        "y": 3.5
      }
    ],
    "time": 10.483333333333434,
    "touchDirections": [],
    "view": {
      "height": 475,
      "scale": 17.12,
      "width": 918,
      "x": 108.03999999999996,
      "y": 23.5
    }
  }
}

$ agent-browser --session blackline errors

$ agent-browser --session blackline console

$ agent-browser --session blackline set viewport 1280 800 1
✓ Done

$ agent-browser --session blackline find role button click --name 'New mission'
✓ Done

$ agent-browser --session blackline find role button click --name Dockside
✓ Done

$ agent-browser --session blackline find label 'Mission seed' fill DOCK-031
✓ Done

$ agent-browser --session blackline select #difficultyInput ghost
✓ Done

$ agent-browser --session blackline find role button click --name 'Generate mission'
✓ Done

$ agent-browser --session blackline find role button click --name Infiltrate
✓ Done

$ agent-browser --session blackline press e
✓ Done

$ agent-browser --session blackline wait --fn BLACKLINE.snapshot().player.key
true

$ agent-browser --session blackline keydown ArrowUp
✓ Done

$ agent-browser --session blackline wait --fn BLACKLINE.snapshot().player.y<12.55
true

$ agent-browser --session blackline keyup ArrowUp
✓ Done

$ agent-browser --session blackline press e
✓ Done

$ agent-browser --session blackline eval '(()=>{const s=BLACKLINE.snapshot(),r=document.getElementById("game").getBoundingClientRect();return {x:r.x,y:r.y,v:s.view}})()'
{
  "v": {
    "height": 475,
    "scale": 22.526315789473685,
    "width": 918,
    "x": 177.42105263157896,
    "y": 23.5
  },
  "x": 35,
  "y": 201
}

$ agent-browser --session blackline mouse move 336 416
✓ Done

$ agent-browser --session blackline mouse down left
✓ Done

$ agent-browser --session blackline mouse up left
✓ Done

$ agent-browser --session blackline wait --fn Math.hypot(BLACKLINE.snapshot().player.x-5.5,BLACKLINE.snapshot().player.y-8.5)<0.2
true

$ agent-browser --session blackline eval BLACKLINE.snapshot()
{
  "action": null,
  "alarms": 0,
  "alert": 0,
  "audio": {
    "activeNodes": 0,
    "effects": 0.65,
    "enabled": true,
    "master": 0.5,
    "state": "running"
  },
  "cameras": [
    {
      "angle": 2.7578014151936463,
      "base": 3.141592653589793,
      "disabled": 0,
      "phase": 3.3152712425217032,
      "seeing": false,
      "suspicion": 0,
      "x": 22.9,
      "y": 9.5
    },
    {
      "angle": 2.003720442024589,
      "base": 2.2,
      "disabled": 0,
      "phase": 1.601427550893277,
      "seeing": false,
      "suspicion": 0,
      "x": 22.5,
      "y": 2.5
    }
  ],
  "charges": [
    5,
    4,
    3
  ],
  "cooldown": 0,
  "detections": 0,
  "diagnostics": {
    "collision": false,
    "memory": false,
    "navigation": false,
    "perception": false,
    "sound": false,
    "timing": false
  },
  "difficulty": "ghost",
  "doors": [
    {
      "anim": 0,
      "id": 0,
      "locked": false,
      "open": false,
      "x": 5,
      "y": 7
    },
    {
      "anim": 0,
      "id": 1,
      "locked": false,
      "open": false,
      "x": 11,
      "y": 7
    },
    {
      "anim": 0,
      "id": 2,
      "locked": false,
      "open": false,
      "x": 20,
      "y": 7
    },
    {
      "anim": 0.9999999999646756,
      "id": 3,
      "locked": false,
      "open": true,
      "x": 3,
      "y": 11
    },
    {
      "anim": 0,
      "id": 4,
      "locked": false,
      "open": false,
      "x": 11,
      "y": 11
    },
    {
      "anim": 0,
      "id": 5,
      "locked": false,
      "open": false,
      "x": 21,
      "y": 11
    }
  ],
  "events": [
    {
      "t": 0,
      "text": "Operation underway.",
      "type": "start"
    },
    {
      "t": 0,
      "text": "Connecting to terminal. Hold position.",
      "type": "action"
    },
    {
      "t": 1.2,
      "text": "Access badge cloned. All locks authorized.",
      "type": "terminal",
      "x": 3.5,
      "y": 14.5
    },
    {
      "t": 1.2,
      "text": "terminal: noise 2.5",
      "type": "sound",
      "x": 3.5,
      "y": 14.5
    },
    {
      "t": 2.45,
      "text": "G01 · idle / observing",
      "type": "guard",
      "x": 5.5,
      "y": 5.298
    },
    {
      "t": 2.517,
      "text": "door: noise 3.0",
      "type": "sound",
      "x": 3.5,
      "y": 11.5
    },
    {
      "t": 2.517,
      "text": "Door opened.",
      "type": "door",
      "x": 3.5,
      "y": 11.5
    },
    {
      "t": 3.317,
      "text": "G02 · idle / observing",
      "type": "guard",
      "x": 11.705,
      "y": 9.5
    },
    {
      "t": 3.9,
      "text": "G01 · patrol",
      "type": "guard",
      "x": 5.5,
      "y": 5.298
    },
    {
      "t": 4.367,
      "text": "G02 · patrol",
      "type": "guard",
      "x": 11.705,
      "y": 9.5
    }
  ],
  "exit": {
    "x": 3.5,
    "y": 15.5
  },
  "fingerprint": "998045ba",
  "fps": 60.00284784793481,
  "frameTime": 1.100000023841858,
  "guards": [
    {
      "angle": 1.5707211780075554,
      "capture": 0,
      "heardId": 0,
      "id": 1,
      "lastKnown": null,
      "lost": 0,
      "path": [
        {
          "x": 5.5,
          "y": 6.5
        },
        {
          "x": 5.5,
          "y": 7.5
        },
        {
          "x": 5.5,
          "y": 8.5
        },
        {
          "x": 5.5,
          "y": 9.5
        }
      ],
      "radio": 0,
      "repath": 0.3583333333333332,
      "route": [
        {
          "x": 5.5,
          "y": 2.5
        },
        {
          "x": 5.5,
          "y": 5.5
        },
        {
          "x": 5.5,
          "y": 9.5
        },
        {
          "x": 9.5,
          "y": 9.5
        },
        {
          "x": 5.5,
          "y": 9.5
        }
      ],
      "searchTime": 0,
      "seeing": false,
      "state": "patrol",
      "suspicion": 0,
      "wait": -0.0006313472986220828,
      "wp": 2,
      "x": 5.5,
      "y": 6.23750000000003
    },
    {
      "angle": 4.452564640836234,
      "capture": 0,
      "heardId": 0,
      "id": 2,
      "lastKnown": null,
      "lost": 0,
      "path": [
        {
          "x": 11.5,
          "y": 8.5
        },
        {
          "x": 11.5,
          "y": 7.5
        },
        {
          "x": 11.5,
          "y": 6.5
        },
        {
          "x": 11.5,
          "y": 5.5
        },
        {
          "x": 11.5,
          "y": 4.5
        },
        {
          "x": 11.5,
          "y": 3.5
        },
        {
          "x": 11.5,
          "y": 2.5
        }
      ],
      "radio": 0,
      "repath": 0.26666666666666655,
      "route": [
        {
          "x": 11.5,
          "y": 2.5
        },
        {
          "x": 11.5,
          "y": 5.5
        },
        {
          "x": 11.5,
          "y": 9.5
        },
        {
          "x": 15.5,
          "y": 9.5
        },
        {
          "x": 11.5,
          "y": 9.5
        }
      ],
      "searchTime": 0,
      "seeing": false,
      "state": "patrol",
      "suspicion": 0,
      "wait": -0.002779870666564887,
      "wp": 0,
      "x": 11.624168492863182,
      "y": 9.105699965186409
    }
  ],
  "historyCount": 2,
  "keys": [],
  "objective": {
    "collected": false,
    "x": 5.5,
    "y": 3.5
  },
  "paused": false,
  "phase": "active",
  "player": {
    "angle": -1.5622664293151225,
    "exposure": 0,
    "health": 100,
    "key": true,
    "noise": 0,
    "objective": false,
    "path": [
      {
        "x": 5.5,
        "y": 8.5
      }
    ],
    "run": false,
    "x": 5.498789338358199,
    "y": 8.641928116051965
  },
  "preset": "dockside",
  "replay": null,
  "result": null,
  "securityOff": false,
  "seed": "DOCK-031",
  "selected": 0,
  "smokes": [],
  "sounds": [
    {
      "age": 2.249999999999997,
      "id": 3,
      "intensity": 1.15,
      "owner": "player",
      "ttl": 2.4,
      "type": "footstep",
      "x": 3.5,
      "y": 12.380000000000024
    },
    {
      "age": 2.199999999999997,
      "id": 4,
      "intensity": 3,
      "owner": "player",
      "ttl": 2.4,
      "type": "door",
      "x": 3.5,
      "y": 11.5
    },
    {
      "age": 1.5999999999999992,
      "id": 5,
      "intensity": 1.15,
      "owner": "player",
      "ttl": 2.4,
      "type": "footstep",
      "x": 3.5,
      "y": 10.993333333333368
    },
    {
      "age": 1.000000000000001,
      "id": 6,
      "intensity": 1.15,
      "owner": "player",
      "ttl": 2.4,
      "type": "footstep",
      "x": 4.66516976425915,
      "y": 10.507471281544351
    },
    {
      "age": 0.4,
      "id": 7,
      "intensity": 1.15,
      "owner": "player",
      "ttl": 2.4,
      "type": "footstep",
      "x": 5.482195632842992,
      "y": 9.681479339867636
    }
  ],
  "storageOK": true,
  "terminals": [
    {
      "name": "Access terminal",
      "type": "badge",
      "used": true,
      "x": 3.5,
      "y": 14.5
    },
    {
      "name": "Security terminal",
      "type": "security",
      "used": false,
      "x": 10.5,
      "y": 3.5
    }
  ],
  "time": 4.716666666666655,
  "touchDirections": [],
  "view": {
    "height": 475,
    "scale": 22.526315789473685,
    "width": 918,
    "x": 177.42105263157896,
    "y": 23.5
  }
}

$ agent-browser --session blackline press e
✓ Done

$ agent-browser --session blackline press 2
✓ Done

$ agent-browser --session blackline press q
✓ Done

$ agent-browser --session blackline eval '(()=>{const s=BLACKLINE.snapshot(),r=document.getElementById("game").getBoundingClientRect();return {x:r.x,y:r.y,v:s.view}})()'
{
  "v": {
    "height": 475,
    "scale": 22.526315789473685,
    "width": 918,
    "x": 177.42105263157896,
    "y": 23.5
  },
  "x": 35,
  "y": 201
}

$ agent-browser --session blackline mouse move 336 371
✓ Done

$ agent-browser --session blackline mouse down left
✓ Done

$ agent-browser --session blackline mouse up left
✓ Done

$ agent-browser --session blackline wait --fn Math.hypot(BLACKLINE.snapshot().player.x-5.5,BLACKLINE.snapshot().player.y-6.5)<0.2
true

$ agent-browser --session blackline wait --fn BLACKLINE.snapshot().cooldown===0
true

$ agent-browser --session blackline press 1
✓ Done

$ agent-browser --session blackline eval '(()=>{const s=BLACKLINE.snapshot(),r=document.getElementById("game").getBoundingClientRect();return {x:r.x,y:r.y,v:s.view}})()'
{
  "v": {
    "height": 475,
    "scale": 22.526315789473685,
    "width": 918,
    "x": 177.42105263157896,
    "y": 23.5
  },
  "x": 35,
  "y": 201
}

$ agent-browser --session blackline mouse move 246 371
✓ Done

$ agent-browser --session blackline press q
✓ Done

$ agent-browser --session blackline wait --fn 'BLACKLINE.snapshot().events.some(e=>e.type==="heard" && e.text.includes("distraction"))'
true

$ agent-browser --session blackline eval '(()=>{const s=BLACKLINE.snapshot(),r=document.getElementById("game").getBoundingClientRect();return {x:r.x,y:r.y,v:s.view}})()'
{
  "v": {
    "height": 475,
    "scale": 22.526315789473685,
    "width": 918,
    "x": 177.42105263157896,
    "y": 23.5
  },
  "x": 35,
  "y": 201
}

$ agent-browser --session blackline mouse move 336 303
✓ Done

$ agent-browser --session blackline mouse down left
✓ Done

$ agent-browser --session blackline mouse up left
✓ Done

$ agent-browser --session blackline wait --fn Math.hypot(BLACKLINE.snapshot().player.x-5.5,BLACKLINE.snapshot().player.y-3.5)<0.2
true

$ agent-browser --session blackline press e
✓ Done

$ agent-browser --session blackline wait --fn BLACKLINE.snapshot().player.objective
true

$ agent-browser --session blackline wait --fn document.querySelector("#objLedger").classList.contains("done")
true

$ agent-browser --session blackline screenshot /home/pyro/projects/naked/astra/bench/10-stealth-heist/evidence/screenshots/23-final-objective.png
✓ Screenshot saved to /home/pyro/projects/naked/astra/bench/10-stealth-heist/evidence/screenshots/23-final-objective.png

$ agent-browser --session blackline eval '(()=>{const s=BLACKLINE.snapshot(),r=document.getElementById("game").getBoundingClientRect();return {x:r.x,y:r.y,v:s.view}})()'
{
  "v": {
    "height": 475,
    "scale": 22.526315789473685,
    "width": 918,
    "x": 177.42105263157896,
    "y": 23.5
  },
  "x": 35,
  "y": 201
}

$ agent-browser --session blackline mouse move 291 281
✓ Done

$ agent-browser --session blackline mouse down left
✓ Done

$ agent-browser --session blackline mouse up left
✓ Done

$ agent-browser --session blackline wait --fn Math.hypot(BLACKLINE.snapshot().player.x-3.5,BLACKLINE.snapshot().player.y-2.5)<0.2
true

$ agent-browser --session blackline press e
✓ Done

$ agent-browser --session blackline eval '(()=>{const s=BLACKLINE.snapshot(),r=document.getElementById("game").getBoundingClientRect();return {x:r.x,y:r.y,v:s.view}})()'
{
  "v": {
    "height": 475,
    "scale": 22.526315789473685,
    "width": 918,
    "x": 177.42105263157896,
    "y": 23.5
  },
  "x": 35,
  "y": 201
}

$ agent-browser --session blackline mouse move 336 416
✓ Done

$ agent-browser --session blackline mouse down left
✓ Done

$ agent-browser --session blackline mouse up left
✓ Done

$ agent-browser --session blackline wait --fn Math.hypot(BLACKLINE.snapshot().player.x-5.5,BLACKLINE.snapshot().player.y-8.5)<0.2
true

$ agent-browser --session blackline eval '(()=>{const s=BLACKLINE.snapshot(),r=document.getElementById("game").getBoundingClientRect();return {x:r.x,y:r.y,v:s.view}})()'
{
  "v": {
    "height": 475,
    "scale": 22.526315789473685,
    "width": 918,
    "x": 177.42105263157896,
    "y": 23.5
  },
  "x": 35,
  "y": 201
}

$ agent-browser --session blackline mouse move 291 574
✓ Done

$ agent-browser --session blackline mouse down left
✓ Done

$ agent-browser --session blackline mouse up left
✓ Done

$ agent-browser --session blackline wait --fn Math.hypot(BLACKLINE.snapshot().player.x-3.5,BLACKLINE.snapshot().player.y-15.5)<0.2
true

$ agent-browser --session blackline press 2
✓ Done

$ agent-browser --session blackline press q
✓ Done

$ agent-browser --session blackline wait --fn BLACKLINE.snapshot().guards.every(g=>!g.seeing)
true

$ agent-browser --session blackline press e
✓ Done

$ agent-browser --session blackline wait --fn BLACKLINE.snapshot().phase==="won"
true

$ agent-browser --session blackline wait --fn 'document.querySelector("#dialogTitle")?.textContent==="Gone before dawn."'
true

$ agent-browser --session blackline eval BLACKLINE.snapshot()
{
  "action": null,
  "alarms": 1,
  "alert": 86.30666666666565,
  "audio": {
    "activeNodes": 2,
    "effects": 0.65,
    "enabled": true,
    "master": 0.5,
    "state": "running"
  },
  "cameras": [
    {
      "angle": 2.880532463574573,
      "base": 3.141592653589793,
      "disabled": 0,
      "phase": 3.3152712425217032,
      "seeing": false,
      "suspicion": 0,
      "x": 22.9,
      "y": 9.5
    },
    {
      "angle": 2.612093044457886,
      "base": 2.2,
      "disabled": 0,
      "phase": 1.601427550893277,
      "seeing": false,
      "suspicion": 0,
      "x": 22.5,
      "y": 2.5
    }
  ],
  "charges": [
    4,
    2,
    3
  ],
  "cooldown": 1.0833333333333337,
  "detections": 1,
  "diagnostics": {
    "collision": false,
    "memory": false,
    "navigation": false,
    "perception": false,
    "sound": false,
    "timing": false
  },
  "difficulty": "ghost",
  "doors": [
    {
      "anim": 0.9999999999999998,
      "id": 0,
      "locked": false,
      "open": true,
      "x": 5,
      "y": 7
    },
    {
      "anim": 0.9999999999999998,
      "id": 1,
      "locked": false,
      "open": true,
      "x": 11,
      "y": 7
    },
    {
      "anim": 0,
      "id": 2,
      "locked": false,
      "open": false,
      "x": 20,
      "y": 7
    },
    {
      "anim": 0.9999999999999998,
      "id": 3,
      "locked": false,
      "open": true,
      "x": 3,
      "y": 11
    },
    {
      "anim": 0,
      "id": 4,
      "locked": false,
      "open": false,
      "x": 11,
      "y": 11
    },
    {
      "anim": 0,
      "id": 5,
      "locked": false,
      "open": false,
      "x": 21,
      "y": 11
    }
  ],
  "events": [
    {
      "t": 0,
      "text": "Operation underway.",
      "type": "start"
    },
    {
      "t": 0,
      "text": "Connecting to terminal. Hold position.",
      "type": "action"
    },
    {
      "t": 1.2,
      "text": "Access badge cloned. All locks authorized.",
      "type": "terminal",
      "x": 3.5,
      "y": 14.5
    },
    {
      "t": 1.2,
      "text": "terminal: noise 2.5",
      "type": "sound",
      "x": 3.5,
      "y": 14.5
    },
    {
      "t": 2.45,
      "text": "G01 · idle / observing",
      "type": "guard",
      "x": 5.5,
      "y": 5.298
    },
    {
      "t": 2.517,
      "text": "door: noise 3.0",
      "type": "sound",
      "x": 3.5,
      "y": 11.5
    },
    {
      "t": 2.517,
      "text": "Door opened.",
      "type": "door",
      "x": 3.5,
      "y": 11.5
    },
    {
      "t": 3.317,
      "text": "G02 · idle / observing",
      "type": "guard",
      "x": 11.705,
      "y": 9.5
    },
    {
      "t": 3.9,
      "text": "G01 · patrol",
      "type": "guard",
      "x": 5.5,
      "y": 5.298
    },
    {
      "t": 4.367,
      "text": "G02 · patrol",
      "type": "guard",
      "x": 11.705,
      "y": 9.5
    },
    {
      "t": 4.717,
      "text": "door: noise 3.0",
      "type": "sound",
      "x": 5.5,
      "y": 7.5
    },
    {
      "t": 4.717,
      "text": "Door opened.",
      "type": "door",
      "x": 5.5,
      "y": 7.5
    },
    {
      "t": 4.733,
      "text": "G01 · suspicious / movement seen",
      "type": "guard",
      "x": 5.5,
      "y": 6.238
    },
    {
      "t": 4.733,
      "text": "Smoke deployed. Vision blocked for 9 seconds.",
      "type": "gadget",
      "x": 5.499,
      "y": 8.642
    },
    {
      "t": 4.733,
      "text": "smoke: noise 4.0",
      "type": "sound",
      "x": 5.499,
      "y": 8.642
    },
    {
      "t": 4.75,
      "text": "G01 · investigate / last visual position",
      "type": "guard",
      "x": 5.5,
      "y": 6.238
    },
    {
      "t": 4.75,
      "text": "G01 investigating door",
      "type": "heard",
      "x": 5.5,
      "y": 7.5
    },
    {
      "t": 4.767,
      "text": "G01 investigating smoke",
      "type": "heard",
      "x": 5.499,
      "y": 8.642
    },
    {
      "t": 4.983,
      "text": "guard door: noise 2.0",
      "type": "sound",
      "x": 11.5,
      "y": 7.5
    },
    {
      "t": 5.933,
      "text": "Distraction thrown.",
      "type": "gadget",
      "x": 1.491,
      "y": 6.504
    },
    {
      "t": 5.933,
      "text": "distraction: noise 10.0",
      "type": "sound",
      "x": 1.491,
      "y": 6.504
    },
    {
      "t": 5.95,
      "text": "G01 investigating distraction",
      "type": "heard",
      "x": 1.491,
      "y": 6.504
    },
    {
      "t": 7.233,
      "text": "Decrypting the ledger. Hold position.",
      "type": "action"
    },
    {
      "t": 7.5,
      "text": "G01 · suspicious / movement seen",
      "type": "guard",
      "x": 5.5,
      "y": 6.899
    },
    {
      "t": 8.133,
      "text": "Ledger acquired. Return to the green extraction zone.",
      "type": "objective",
      "x": 5.5,
      "y": 3.615
    },
    {
      "t": 8.133,
      "text": "ledger: noise 3.0",
      "type": "sound",
      "x": 5.5,
      "y": 3.615
    },
    {
      "t": 8.983,
      "text": "G01 · investigate / last visual position",
      "type": "guard",
      "x": 5.5,
      "y": 6.899
    },
    {
      "t": 9,
      "text": "G01 · suspicious / movement seen",
      "type": "guard",
      "x": 5.48,
      "y": 6.891
    },
    {
      "t": 9.217,
      "text": "G01 · pursuit / visual contact",
      "type": "guard",
      "x": 5.48,
      "y": 6.891
    },
    {
      "t": 9.217,
      "text": "Alarm broadcast · guard 1",
      "type": "alarm",
      "x": 3.574,
      "y": 3.242
    },
    {
      "t": 9.433,
      "text": "intel: noise 1.5",
      "type": "sound",
      "x": 3.518,
      "y": 2.682
    },
    {
      "t": 9.433,
      "text": "Optional intelligence acquired.",
      "type": "loot",
      "x": 3.518,
      "y": 2.682
    },
    {
      "t": 10.117,
      "text": "G02 · investigate / radio report",
      "type": "guard",
      "x": 11.5,
      "y": 2.922
    },
    {
      "t": 10.733,
      "text": "G01 · search / contact lost",
      "type": "guard",
      "x": 3.514,
      "y": 5.081
    },
    {
      "t": 15.967,
      "text": "Smoke deployed. Vision blocked for 9 seconds.",
      "type": "gadget",
      "x": 3.5,
      "y": 15.391
    },
    {
      "t": 15.967,
      "text": "smoke: noise 4.0",
      "type": "sound",
      "x": 3.5,
      "y": 15.391
    },
    {
      "t": 15.983,
      "text": "Ledger secured. Extraction complete.",
      "type": "extraction",
      "x": 3.5,
      "y": 15.391
    }
  ],
  "exit": {
    "x": 3.5,
    "y": 15.5
  },
  "fingerprint": "998045ba",
  "fps": 60.01384057790944,
  "frameTime": 0.800000011920929,
  "guards": [
    {
      "angle": -1.5411948600335128,
      "capture": 0,
      "heardId": 12,
      "id": 1,
      "lastKnown": {
        "x": 3.548001618803691,
        "y": 2.98354649226379
      },
      "lost": 1.4166666666666663,
      "path": [
        {
          "x": 4.5,
          "y": 1.5
        }
      ],
      "radio": 0,
      "repath": 0.30833333333333324,
      "route": [
        {
          "x": 5.5,
          "y": 2.5
        },
        {
          "x": 5.5,
          "y": 5.5
        },
        {
          "x": 5.5,
          "y": 9.5
        },
        {
          "x": 9.5,
          "y": 9.5
        },
        {
          "x": 5.5,
          "y": 9.5
        }
      ],
      "searchTarget": {
        "x": 4.5,
        "y": 1.5
      },
      "searchTime": 5.312582391252002,
      "seeing": false,
      "state": "search",
      "suspicion": 0,
      "wait": -0.0006313472986220828,
      "wp": 2,
      "x": 4.4703626344467615,
      "y": 2.653179993956031
    },
    {
      "angle": 3.1384607654161987,
      "capture": 0,
      "heardId": 0,
      "id": 2,
      "lastKnown": {
        "x": 3.573685555366999,
        "y": 3.2422747964800305
      },
      "lost": 0,
      "path": [
        {
          "x": 8.5,
          "y": 8.5
        },
        {
          "x": 7.5,
          "y": 8.5
        },
        {
          "x": 6.5,
          "y": 8.5
        },
        {
          "x": 5.5,
          "y": 8.5
        },
        {
          "x": 5.5,
          "y": 7.5
        },
        {
          "x": 5.5,
          "y": 6.5
        },
        {
          "x": 4.5,
          "y": 6.5
        },
        {
          "x": 3.5,
          "y": 6.5
        },
        {
          "x": 3.5,
          "y": 5.5
        },
        {
          "x": 3.5,
          "y": 4.5
        },
        {
          "x": 3.5,
          "y": 3.5
        }
      ],
      "radio": 0,
      "repath": 0.13333333333333325,
      "route": [
        {
          "x": 11.5,
          "y": 2.5
        },
        {
          "x": 11.5,
          "y": 5.5
        },
        {
          "x": 11.5,
          "y": 9.5
        },
        {
          "x": 15.5,
          "y": 9.5
        },
        {
          "x": 11.5,
          "y": 9.5
        }
      ],
      "searchTime": 9,
      "seeing": false,
      "state": "investigate",
      "suspicion": 0,
      "wait": -0.002779870666564887,
      "wp": 0,
      "x": 9.191109284013432,
      "y": 8.497894536754854
    }
  ],
  "historyCount": 3,
  "keys": [],
  "objective": {
    "collected": true,
    "x": 5.5,
    "y": 3.5
  },
  "paused": true,
  "phase": "won",
  "player": {
    "angle": 1.5708032192443042,
    "exposure": 0,
    "health": 100,
    "key": true,
    "noise": 3.933333333333333,
    "objective": true,
    "path": [],
    "run": false,
    "x": 3.500000750201595,
    "y": 15.391156024385356
  },
  "preset": "dockside",
  "replay": null,
  "result": {
    "alarms": 1,
    "detections": 1,
    "loot": 1,
    "rank": "B",
    "score": 1503,
    "time": 15.98,
    "won": true
  },
  "securityOff": false,
  "seed": "DOCK-031",
  "selected": 1,
  "smokes": [
    {
      "maxTtl": 9,
      "radius": 1.85,
      "ttl": 8.983333333333333,
      "x": 3.500000750201595,
      "y": 15.391156024385356
    }
  ],
  "sounds": [
    {
      "age": 2.066666666666664,
      "id": 26,
      "intensity": 1.15,
      "owner": "player",
      "ttl": 2.4,
      "type": "footstep",
      "x": 3.90278605950064,
      "y": 10.495896698495322
    },
    {
      "age": 1.4666666666666663,
      "id": 27,
      "intensity": 1.15,
      "owner": "player",
      "ttl": 2.4,
      "type": "footstep",
      "x": 3.506484870948185,
      "y": 11.751180702336129
    },
    {
      "age": 0.8666666666666677,
      "id": 28,
      "intensity": 1.15,
      "owner": "player",
      "ttl": 2.4,
      "type": "footstep",
      "x": 3.500147109368727,
      "y": 13.311156053304382
    },
    {
      "age": 0.26666666666666666,
      "id": 29,
      "intensity": 1.15,
      "owner": "player",
      "ttl": 2.4,
      "type": "footstep",
      "x": 3.500004334275288,
      "y": 14.871156024397704
    },
    {
      "age": 0.016666666666666666,
      "id": 30,
      "intensity": 4,
      "owner": "player",
      "ttl": 2.4,
      "type": "smoke",
      "x": 3.500000750201595,
      "y": 15.391156024385356
    }
  ],
  "storageOK": true,
  "terminals": [
    {
      "name": "Access terminal",
      "type": "badge",
      "used": true,
      "x": 3.5,
      "y": 14.5
    },
    {
      "name": "Security terminal",
      "type": "security",
      "used": false,
      "x": 10.5,
      "y": 3.5
    }
  ],
  "time": 15.983333333333707,
  "touchDirections": [],
  "view": {
    "height": 475,
    "scale": 22.526315789473685,
    "width": 918,
    "x": 177.42105263157896,
    "y": 23.5
  }
}

$ agent-browser --session blackline screenshot /home/pyro/projects/naked/astra/bench/10-stealth-heist/evidence/screenshots/24-final-victory.png
✓ Screenshot saved to /home/pyro/projects/naked/astra/bench/10-stealth-heist/evidence/screenshots/24-final-victory.png

$ agent-browser --session blackline find role button click --name 'Export JSON'
✓ Done

$ agent-browser --session blackline eval BLACKLINE.record()
{
  "format": "blackline-operation",
  "mission": {
    "difficulty": "ghost",
    "fingerprint": "998045ba",
    "preset": "dockside",
    "seed": "DOCK-031"
  },
  "run": {
    "elapsed": 15.983333333333707,
    "events": [
      {
        "t": 0,
        "text": "Operation underway.",
        "type": "start"
      },
      {
        "t": 0,
        "text": "Connecting to terminal. Hold position.",
        "type": "action"
      },
      {
        "t": 1.2,
        "text": "Access badge cloned. All locks authorized.",
        "type": "terminal",
        "x": 3.5,
        "y": 14.5
      },
      {
        "t": 1.2,
        "text": "terminal: noise 2.5",
        "type": "sound",
        "x": 3.5,
        "y": 14.5
      },
      {
        "t": 2.45,
        "text": "G01 · idle / observing",
        "type": "guard",
        "x": 5.5,
        "y": 5.298
      },
      {
        "t": 2.517,
        "text": "door: noise 3.0",
        "type": "sound",
        "x": 3.5,
        "y": 11.5
      },
      {
        "t": 2.517,
        "text": "Door opened.",
        "type": "door",
        "x": 3.5,
        "y": 11.5
      },
      {
        "t": 3.317,
        "text": "G02 · idle / observing",
        "type": "guard",
        "x": 11.705,
        "y": 9.5
      },
      {
        "t": 3.9,
        "text": "G01 · patrol",
        "type": "guard",
        "x": 5.5,
        "y": 5.298
      },
      {
        "t": 4.367,
        "text": "G02 · patrol",
        "type": "guard",
        "x": 11.705,
        "y": 9.5
      },
      {
        "t": 4.717,
        "text": "door: noise 3.0",
        "type": "sound",
        "x": 5.5,
        "y": 7.5
      },
      {
        "t": 4.717,
        "text": "Door opened.",
        "type": "door",
        "x": 5.5,
        "y": 7.5
      },
      {
        "t": 4.733,
        "text": "G01 · suspicious / movement seen",
        "type": "guard",
        "x": 5.5,
        "y": 6.238
      },
      {
        "t": 4.733,
        "text": "Smoke deployed. Vision blocked for 9 seconds.",
        "type": "gadget",
        "x": 5.499,
        "y": 8.642
      },
      {
        "t": 4.733,
        "text": "smoke: noise 4.0",
        "type": "sound",
        "x": 5.499,
        "y": 8.642
      },
      {
        "t": 4.75,
        "text": "G01 · investigate / last visual position",
        "type": "guard",
        "x": 5.5,
        "y": 6.238
      },
      {
        "t": 4.75,
        "text": "G01 investigating door",
        "type": "heard",
        "x": 5.5,
        "y": 7.5
      },
      {
        "t": 4.767,
        "text": "G01 investigating smoke",
        "type": "heard",
        "x": 5.499,
        "y": 8.642
      },
      {
        "t": 4.983,
        "text": "guard door: noise 2.0",
        "type": "sound",
        "x": 11.5,
        "y": 7.5
      },
      {
        "t": 5.933,
        "text": "Distraction thrown.",
        "type": "gadget",
        "x": 1.491,
        "y": 6.504
      },
      {
        "t": 5.933,
        "text": "distraction: noise 10.0",
        "type": "sound",
        "x": 1.491,
        "y": 6.504
      },
      {
        "t": 5.95,
        "text": "G01 investigating distraction",
        "type": "heard",
        "x": 1.491,
        "y": 6.504
      },
      {
        "t": 7.233,
        "text": "Decrypting the ledger. Hold position.",
        "type": "action"
      },
      {
        "t": 7.5,
        "text": "G01 · suspicious / movement seen",
        "type": "guard",
        "x": 5.5,
        "y": 6.899
      },
      {
        "t": 8.133,
        "text": "Ledger acquired. Return to the green extraction zone.",
        "type": "objective",
        "x": 5.5,
        "y": 3.615
      },
      {
        "t": 8.133,
        "text": "ledger: noise 3.0",
        "type": "sound",
        "x": 5.5,
        "y": 3.615
      },
      {
        "t": 8.983,
        "text": "G01 · investigate / last visual position",
        "type": "guard",
        "x": 5.5,
        "y": 6.899
      },
      {
        "t": 9,
        "text": "G01 · suspicious / movement seen",
        "type": "guard",
        "x": 5.48,
        "y": 6.891
      },
      {
        "t": 9.217,
        "text": "G01 · pursuit / visual contact",
        "type": "guard",
        "x": 5.48,
        "y": 6.891
      },
      {
        "t": 9.217,
        "text": "Alarm broadcast · guard 1",
        "type": "alarm",
        "x": 3.574,
        "y": 3.242
      },
      {
        "t": 9.433,
        "text": "intel: noise 1.5",
        "type": "sound",
        "x": 3.518,
        "y": 2.682
      },
      {
        "t": 9.433,
        "text": "Optional intelligence acquired.",
        "type": "loot",
        "x": 3.518,
        "y": 2.682
      },
      {
        "t": 10.117,
        "text": "G02 · investigate / radio report",
        "type": "guard",
        "x": 11.5,
        "y": 2.922
      },
      {
        "t": 10.733,
        "text": "G01 · search / contact lost",
        "type": "guard",
        "x": 3.514,
        "y": 5.081
      },
      {
        "t": 15.967,
        "text": "Smoke deployed. Vision blocked for 9 seconds.",
        "type": "gadget",
        "x": 3.5,
        "y": 15.391
      },
      {
        "t": 15.967,
        "text": "smoke: noise 4.0",
        "type": "sound",
        "x": 3.5,
        "y": 15.391
      },
      {
        "t": 15.983,
        "text": "Ledger secured. Extraction complete.",
        "type": "extraction",
        "x": 3.5,
        "y": 15.391
      }
    ],
    "result": {
      "alarms": 1,
      "detections": 1,
      "loot": 1,
      "rank": "B",
      "score": 1503,
      "time": 15.98,
      "won": true
    },
    "trace": [
      {
        "a": -1.571,
        "alert": 0,
        "doors": "000000",
        "guards": [
          {
            "a": 1.57,
            "s": "patrol",
            "x": 5.5,
            "y": 2.5
          },
          {
            "a": 3.14,
            "s": "patrol",
            "x": 15.5,
            "y": 9.5
          }
        ],
        "objective": false,
        "t": 0,
        "x": 3.5,
        "y": 15.5
      },
      {
        "a": -1.571,
        "alert": 0,
        "doors": "000000",
        "guards": [
          {
            "a": 1.57,
            "s": "patrol",
            "x": 5.5,
            "y": 3.09
          },
          {
            "a": 3.14,
            "s": "patrol",
            "x": 14.91,
            "y": 9.5
          }
        ],
        "objective": false,
        "t": 0.52,
        "x": 3.5,
        "y": 15.5
      },
      {
        "a": -1.571,
        "alert": 0,
        "doors": "000000",
        "guards": [
          {
            "a": 1.57,
            "s": "patrol",
            "x": 5.5,
            "y": 3.69
          },
          {
            "a": 3.14,
            "s": "patrol",
            "x": 14.31,
            "y": 9.5
          }
        ],
        "objective": false,
        "t": 1.03,
        "x": 3.5,
        "y": 15.5
      },
      {
        "a": -1.571,
        "alert": 0,
        "doors": "000000",
        "guards": [
          {
            "a": 1.57,
            "s": "patrol",
            "x": 5.5,
            "y": 4.28
          },
          {
            "a": 3.14,
            "s": "patrol",
            "x": 13.72,
            "y": 9.5
          }
        ],
        "objective": false,
        "t": 1.55,
        "x": 3.5,
        "y": 14.763
      },
      {
        "a": -1.571,
        "alert": 0,
        "doors": "000000",
        "guards": [
          {
            "a": 1.57,
            "s": "patrol",
            "x": 5.5,
            "y": 4.88
          },
          {
            "a": 3.14,
            "s": "patrol",
            "x": 13.12,
            "y": 9.5
          }
        ],
        "objective": false,
        "t": 2.07,
        "x": 3.5,
        "y": 13.42
      },
      {
        "a": 1.571,
        "alert": 0,
        "doors": "000100",
        "guards": [
          {
            "a": 1.58,
            "s": "idle",
            "x": 5.5,
            "y": 5.3
          },
          {
            "a": 3.14,
            "s": "patrol",
            "x": 12.53,
            "y": 9.5
          }
        ],
        "objective": false,
        "t": 2.58,
        "x": 3.5,
        "y": 12.38
      },
      {
        "a": -1.571,
        "alert": 0,
        "doors": "000100",
        "guards": [
          {
            "a": 1.55,
            "s": "idle",
            "x": 5.5,
            "y": 5.3
          },
          {
            "a": 3.14,
            "s": "patrol",
            "x": 11.93,
            "y": 9.5
          }
        ],
        "objective": false,
        "t": 3.1,
        "x": 3.5,
        "y": 11.037
      },
      {
        "a": -0.103,
        "alert": 0,
        "doors": "000100",
        "guards": [
          {
            "a": 1.44,
            "s": "idle",
            "x": 5.5,
            "y": 5.3
          },
          {
            "a": 3.02,
            "s": "idle",
            "x": 11.7,
            "y": 9.5
          }
        ],
        "objective": false,
        "t": 3.62,
        "x": 4.405,
        "y": 10.51
      },
      {
        "a": -1.473,
        "alert": 0,
        "doors": "000100",
        "guards": [
          {
            "a": 1.55,
            "s": "patrol",
            "x": 5.5,
            "y": 5.57
          },
          {
            "a": 2.83,
            "s": "idle",
            "x": 11.7,
            "y": 9.5
          }
        ],
        "objective": false,
        "t": 4.13,
        "x": 5.436,
        "y": 10.156
      },
      {
        "a": -1.562,
        "alert": 0,
        "doors": "000100",
        "guards": [
          {
            "a": 1.57,
            "s": "patrol",
            "x": 5.5,
            "y": 6.16
          },
          {
            "a": 4.4,
            "s": "patrol",
            "x": 11.64,
            "y": 9.18
          }
        ],
        "objective": false,
        "t": 4.65,
        "x": 5.497,
        "y": 8.815
      },
      {
        "a": -1.571,
        "alert": 20,
        "doors": "110100",
        "guards": [
          {
            "a": 1.57,
            "s": "investigate",
            "x": 5.5,
            "y": 6.81
          },
          {
            "a": 4.64,
            "s": "patrol",
            "x": 11.55,
            "y": 8.59
          }
        ],
        "objective": false,
        "t": 5.17,
        "x": 5.5,
        "y": 7.559
      },
      {
        "a": -1.571,
        "alert": 20,
        "doors": "110100",
        "guards": [
          {
            "a": 1.57,
            "s": "investigate",
            "x": 5.5,
            "y": 7.49
          },
          {
            "a": 4.66,
            "s": "patrol",
            "x": 11.53,
            "y": 8
          }
        ],
        "objective": false,
        "t": 5.68,
        "x": 5.5,
        "y": 6.605
      },
      {
        "a": -1.571,
        "alert": 20,
        "doors": "110100",
        "guards": [
          {
            "a": 1.57,
            "s": "investigate",
            "x": 5.5,
            "y": 8.18
          },
          {
            "a": 4.7,
            "s": "patrol",
            "x": 11.5,
            "y": 7.41
          }
        ],
        "objective": false,
        "t": 6.2,
        "x": 5.5,
        "y": 6.259
      },
      {
        "a": -1.571,
        "alert": 20,
        "doors": "110100",
        "guards": [
          {
            "a": 4.61,
            "s": "investigate",
            "x": 5.5,
            "y": 7.91
          },
          {
            "a": 4.71,
            "s": "patrol",
            "x": 11.5,
            "y": 6.81
          }
        ],
        "objective": false,
        "t": 6.72,
        "x": 5.5,
        "y": 4.915
      },
      {
        "a": -1.571,
        "alert": 20,
        "doors": "110100",
        "guards": [
          {
            "a": 4.71,
            "s": "investigate",
            "x": 5.5,
            "y": 7.23
          },
          {
            "a": 4.71,
            "s": "patrol",
            "x": 11.5,
            "y": 6.22
          }
        ],
        "objective": false,
        "t": 7.23,
        "x": 5.5,
        "y": 3.615
      },
      {
        "a": -1.571,
        "alert": 19,
        "doors": "110100",
        "guards": [
          {
            "a": -1.57,
            "s": "suspicious",
            "x": 5.5,
            "y": 6.9
          },
          {
            "a": 4.71,
            "s": "patrol",
            "x": 11.5,
            "y": 5.62
          }
        ],
        "objective": false,
        "t": 7.75,
        "x": 5.5,
        "y": 3.615
      },
      {
        "a": -1.571,
        "alert": 18,
        "doors": "110100",
        "guards": [
          {
            "a": -1.57,
            "s": "suspicious",
            "x": 5.5,
            "y": 6.9
          },
          {
            "a": 4.71,
            "s": "patrol",
            "x": 11.5,
            "y": 5.03
          }
        ],
        "objective": true,
        "t": 8.27,
        "x": 5.5,
        "y": 3.615
      },
      {
        "a": -3.131,
        "alert": 17,
        "doors": "110100",
        "guards": [
          {
            "a": -1.87,
            "s": "suspicious",
            "x": 5.5,
            "y": 6.9
          },
          {
            "a": 4.71,
            "s": "patrol",
            "x": 11.5,
            "y": 4.44
          }
        ],
        "objective": true,
        "t": 8.78,
        "x": 4.466,
        "y": 3.51
      },
      {
        "a": -1.67,
        "alert": 100,
        "doors": "110100",
        "guards": [
          {
            "a": -2.5,
            "s": "pursuit",
            "x": 5.27,
            "y": 6.81
          },
          {
            "a": 4.71,
            "s": "patrol",
            "x": 11.5,
            "y": 3.84
          }
        ],
        "objective": true,
        "t": 9.3,
        "x": 3.552,
        "y": 3.027
      },
      {
        "a": -0.096,
        "alert": 100,
        "doors": "110100",
        "guards": [
          {
            "a": -3.05,
            "s": "pursuit",
            "x": 4.19,
            "y": 6.52
          },
          {
            "a": 4.71,
            "s": "patrol",
            "x": 11.5,
            "y": 3.25
          }
        ],
        "objective": true,
        "t": 9.82,
        "x": 4.329,
        "y": 2.516
      },
      {
        "a": 1.483,
        "alert": 100,
        "doors": "110100",
        "guards": [
          {
            "a": -1.79,
            "s": "pursuit",
            "x": 3.54,
            "y": 5.94
          },
          {
            "a": 1.89,
            "s": "investigate",
            "x": 11.5,
            "y": 3.23
          }
        ],
        "objective": true,
        "t": 10.33,
        "x": 5.435,
        "y": 2.76
      },
      {
        "a": 1.563,
        "alert": 100,
        "doors": "110100",
        "guards": [
          {
            "a": -1.6,
            "s": "search",
            "x": 3.51,
            "y": 4.96
          },
          {
            "a": 1.57,
            "s": "investigate",
            "x": 11.5,
            "y": 3.91
          }
        ],
        "objective": true,
        "t": 10.85,
        "x": 5.497,
        "y": 4.1
      },
      {
        "a": 1.571,
        "alert": 98,
        "doors": "110100",
        "guards": [
          {
            "a": -2.69,
            "s": "search",
            "x": 3.37,
            "y": 4.6
          },
          {
            "a": 1.57,
            "s": "investigate",
            "x": 11.5,
            "y": 4.6
          }
        ],
        "objective": true,
        "t": 11.37,
        "x": 5.5,
        "y": 5.444
      },
      {
        "a": 1.571,
        "alert": 97,
        "doors": "110100",
        "guards": [
          {
            "a": -3.02,
            "s": "search",
            "x": 2.89,
            "y": 4.55
          },
          {
            "a": 1.57,
            "s": "investigate",
            "x": 11.5,
            "y": 5.28
          }
        ],
        "objective": true,
        "t": 11.88,
        "x": 5.5,
        "y": 6.787
      },
      {
        "a": 1.571,
        "alert": 96,
        "doors": "110100",
        "guards": [
          {
            "a": -0.44,
            "s": "search",
            "x": 2.8,
            "y": 4.51
          },
          {
            "a": 1.57,
            "s": "investigate",
            "x": 11.5,
            "y": 5.96
          }
        ],
        "objective": true,
        "t": 12.4,
        "x": 5.5,
        "y": 8.13
      },
      {
        "a": 1.571,
        "alert": 94,
        "doors": "110100",
        "guards": [
          {
            "a": -0.01,
            "s": "search",
            "x": 3.28,
            "y": 4.51
          },
          {
            "a": 1.57,
            "s": "investigate",
            "x": 11.5,
            "y": 6.65
          }
        ],
        "objective": true,
        "t": 12.92,
        "x": 5.5,
        "y": 9.387
      },
      {
        "a": 3.026,
        "alert": 93,
        "doors": "110100",
        "guards": [
          {
            "a": 0,
            "s": "search",
            "x": 3.75,
            "y": 4.5
          },
          {
            "a": 1.57,
            "s": "investigate",
            "x": 11.5,
            "y": 7.33
          }
        ],
        "objective": true,
        "t": 13.43,
        "x": 5.156,
        "y": 10.424
      },
      {
        "a": 3.131,
        "alert": 92,
        "doors": "110100",
        "guards": [
          {
            "a": 0,
            "s": "search",
            "x": 4.23,
            "y": 4.5
          },
          {
            "a": 1.57,
            "s": "investigate",
            "x": 11.5,
            "y": 8.01
          }
        ],
        "objective": true,
        "t": 13.95,
        "x": 3.816,
        "y": 10.497
      },
      {
        "a": 1.579,
        "alert": 90,
        "doors": "110100",
        "guards": [
          {
            "a": -1.3,
            "s": "search",
            "x": 4.35,
            "y": 4.04
          },
          {
            "a": 2.88,
            "s": "investigate",
            "x": 11.19,
            "y": 8.42
          }
        ],
        "objective": true,
        "t": 14.47,
        "x": 3.508,
        "y": 11.621
      },
      {
        "a": 1.572,
        "alert": 89,
        "doors": "110100",
        "guards": [
          {
            "a": -1.48,
            "s": "search",
            "x": 4.41,
            "y": 3.57
          },
          {
            "a": 3.08,
            "s": "investigate",
            "x": 10.51,
            "y": 8.49
          }
        ],
        "objective": true,
        "t": 14.98,
        "x": 3.5,
        "y": 12.964
      },
      {
        "a": 1.571,
        "alert": 88,
        "doors": "110100",
        "guards": [
          {
            "a": -1.48,
            "s": "search",
            "x": 4.45,
            "y": 3.1
          },
          {
            "a": 3.13,
            "s": "investigate",
            "x": 9.83,
            "y": 8.5
          }
        ],
        "objective": true,
        "t": 15.5,
        "x": 3.5,
        "y": 14.308
      },
      {
        "a": 1.571,
        "alert": 86,
        "doors": "110100",
        "guards": [
          {
            "a": -1.54,
            "s": "search",
            "x": 4.47,
            "y": 2.65
          },
          {
            "a": 3.14,
            "s": "investigate",
            "x": 9.19,
            "y": 8.5
          }
        ],
        "objective": true,
        "t": 15.98,
        "x": 3.5,
        "y": 15.391
      }
    ]
  },
  "version": 1
}

$ agent-browser --session blackline find role button click --name 'Close dialog'
✓ Done

$ agent-browser --session blackline find role button click --name Settings
✓ Done

$ agent-browser --session blackline find role button click --name 'Import JSON'
✓ Done

$ agent-browser --session blackline upload #importFile /home/pyro/.codex-naked-home/Downloads/blackline-DOCK-031.json
✓ Done

$ agent-browser --session blackline wait --fn document.querySelector("#importText").value.includes("blackline-operation")
true

$ agent-browser --session blackline find role button click --name 'Validate & load'
✓ Done

$ agent-browser --session blackline wait --fn BLACKLINE.snapshot().replay!==null
true

$ agent-browser --session blackline find role button click --name 'Play timeline'
✓ Done

$ agent-browser --session blackline wait --fn BLACKLINE.snapshot().replay.index>1
true

$ agent-browser --session blackline find role button click --name 'Pause timeline'
✓ Done

$ agent-browser --session blackline focus #replaySlider
✓ Done

$ agent-browser --session blackline press End
✓ Done

$ agent-browser --session blackline eval BLACKLINE.snapshot()
{
  "action": null,
  "alarms": 0,
  "alert": 0,
  "audio": {
    "activeNodes": 0,
    "effects": 0.65,
    "enabled": true,
    "master": 0.5,
    "state": "running"
  },
  "cameras": [
    {
      "angle": 3.141592653589793,
      "base": 3.141592653589793,
      "disabled": 0,
      "phase": 3.3152712425217032,
      "suspicion": 0,
      "x": 22.9,
      "y": 9.5
    },
    {
      "angle": 2.2,
      "base": 2.2,
      "disabled": 0,
      "phase": 1.601427550893277,
      "suspicion": 0,
      "x": 22.5,
      "y": 2.5
    }
  ],
  "charges": [
    5,
    4,
    3
  ],
  "cooldown": 0,
  "detections": 0,
  "diagnostics": {
    "collision": false,
    "memory": false,
    "navigation": false,
    "perception": false,
    "sound": false,
    "timing": false
  },
  "difficulty": "ghost",
  "doors": [
    {
      "anim": 0,
      "id": 0,
      "locked": true,
      "open": false,
      "x": 5,
      "y": 7
    },
    {
      "anim": 0,
      "id": 1,
      "locked": false,
      "open": false,
      "x": 11,
      "y": 7
    },
    {
      "anim": 0,
      "id": 2,
      "locked": false,
      "open": false,
      "x": 20,
      "y": 7
    },
    {
      "anim": 0,
      "id": 3,
      "locked": false,
      "open": false,
      "x": 3,
      "y": 11
    },
    {
      "anim": 0,
      "id": 4,
      "locked": false,
      "open": false,
      "x": 11,
      "y": 11
    },
    {
      "anim": 0,
      "id": 5,
      "locked": false,
      "open": false,
      "x": 21,
      "y": 11
    }
  ],
  "events": [],
  "exit": {
    "x": 3.5,
    "y": 15.5
  },
  "fingerprint": "998045ba",
  "fps": 32.13959690559758,
  "frameTime": 0.699999988079071,
  "guards": [
    {
      "angle": 1.5707963267948966,
      "capture": 0,
      "heardId": 0,
      "id": 1,
      "lastKnown": null,
      "lost": 0,
      "path": [],
      "radio": 0,
      "repath": 0,
      "route": [
        {
          "x": 5.5,
          "y": 2.5
        },
        {
          "x": 5.5,
          "y": 5.5
        },
        {
          "x": 5.5,
          "y": 9.5
        },
        {
          "x": 9.5,
          "y": 9.5
        },
        {
          "x": 5.5,
          "y": 9.5
        }
      ],
      "searchTime": 0,
      "seeing": false,
      "state": "patrol",
      "suspicion": 0,
      "wait": 0,
      "wp": 1,
      "x": 5.5,
      "y": 2.5
    },
    {
      "angle": 3.141592653589793,
      "capture": 0,
      "heardId": 0,
      "id": 2,
      "lastKnown": null,
      "lost": 0,
      "path": [],
      "radio": 0,
      "repath": 0,
      "route": [
        {
          "x": 11.5,
          "y": 2.5
        },
        {
          "x": 11.5,
          "y": 5.5
        },
        {
          "x": 11.5,
          "y": 9.5
        },
        {
          "x": 15.5,
          "y": 9.5
        },
        {
          "x": 11.5,
          "y": 9.5
        }
      ],
      "searchTime": 0,
      "seeing": false,
      "state": "patrol",
      "suspicion": 0,
      "wait": 0,
      "wp": 4,
      "x": 15.5,
      "y": 9.5
    }
  ],
  "historyCount": 3,
  "keys": [],
  "objective": {
    "collected": false,
    "x": 5.5,
    "y": 3.5
  },
  "paused": true,
  "phase": "briefing",
  "player": {
    "angle": -1.5707963267948966,
    "exposure": 0,
    "health": 100,
    "key": false,
    "noise": 0,
    "objective": false,
    "path": [],
    "run": false,
    "x": 3.5,
    "y": 15.5
  },
  "preset": "dockside",
  "replay": {
    "index": 31,
    "playing": false,
    "samples": 32
  },
  "result": null,
  "securityOff": false,
  "seed": "DOCK-031",
  "selected": 0,
  "smokes": [],
  "sounds": [],
  "storageOK": true,
  "terminals": [
    {
      "name": "Access terminal",
      "type": "badge",
      "used": false,
      "x": 3.5,
      "y": 14.5
    },
    {
      "name": "Security terminal",
      "type": "security",
      "used": false,
      "x": 10.5,
      "y": 3.5
    }
  ],
  "time": 0,
  "touchDirections": [],
  "view": {
    "height": 475,
    "scale": 22.526315789473685,
    "width": 918,
    "x": 177.42105263157896,
    "y": 23.5
  }
}

$ agent-browser --session blackline eval BLACKLINE.snapshot()
{
  "action": null,
  "alarms": 0,
  "alert": 0,
  "audio": {
    "activeNodes": 0,
    "effects": 0.65,
    "enabled": true,
    "master": 0.5,
    "state": "running"
  },
  "cameras": [
    {
      "angle": 3.141592653589793,
      "base": 3.141592653589793,
      "disabled": 0,
      "phase": 3.3152712425217032,
      "suspicion": 0,
      "x": 22.9,
      "y": 9.5
    },
    {
      "angle": 2.2,
      "base": 2.2,
      "disabled": 0,
      "phase": 1.601427550893277,
      "suspicion": 0,
      "x": 22.5,
      "y": 2.5
    }
  ],
  "charges": [
    5,
    4,
    3
  ],
  "cooldown": 0,
  "detections": 0,
  "diagnostics": {
    "collision": false,
    "memory": false,
    "navigation": false,
    "perception": false,
    "sound": false,
    "timing": false
  },
  "difficulty": "ghost",
  "doors": [
    {
      "anim": 0,
      "id": 0,
      "locked": true,
      "open": false,
      "x": 5,
      "y": 7
    },
    {
      "anim": 0,
      "id": 1,
      "locked": false,
      "open": false,
      "x": 11,
      "y": 7
    },
    {
      "anim": 0,
      "id": 2,
      "locked": false,
      "open": false,
      "x": 20,
      "y": 7
    },
    {
      "anim": 0,
      "id": 3,
      "locked": false,
      "open": false,
      "x": 3,
      "y": 11
    },
    {
      "anim": 0,
      "id": 4,
      "locked": false,
      "open": false,
      "x": 11,
      "y": 11
    },
    {
      "anim": 0,
      "id": 5,
      "locked": false,
      "open": false,
      "x": 21,
      "y": 11
    }
  ],
  "events": [],
  "exit": {
    "x": 3.5,
    "y": 15.5
  },
  "fingerprint": "998045ba",
  "fps": 32.13959690559758,
  "frameTime": 0.699999988079071,
  "guards": [
    {
      "angle": 1.5707963267948966,
      "capture": 0,
      "heardId": 0,
      "id": 1,
      "lastKnown": null,
      "lost": 0,
      "path": [],
      "radio": 0,
      "repath": 0,
      "route": [
        {
          "x": 5.5,
          "y": 2.5
        },
        {
          "x": 5.5,
          "y": 5.5
        },
        {
          "x": 5.5,
          "y": 9.5
        },
        {
          "x": 9.5,
          "y": 9.5
        },
        {
          "x": 5.5,
          "y": 9.5
        }
      ],
      "searchTime": 0,
      "seeing": false,
      "state": "patrol",
      "suspicion": 0,
      "wait": 0,
      "wp": 1,
      "x": 5.5,
      "y": 2.5
    },
    {
      "angle": 3.141592653589793,
      "capture": 0,
      "heardId": 0,
      "id": 2,
      "lastKnown": null,
      "lost": 0,
      "path": [],
      "radio": 0,
      "repath": 0,
      "route": [
        {
          "x": 11.5,
          "y": 2.5
        },
        {
          "x": 11.5,
          "y": 5.5
        },
        {
          "x": 11.5,
          "y": 9.5
        },
        {
          "x": 15.5,
          "y": 9.5
        },
        {
          "x": 11.5,
          "y": 9.5
        }
      ],
      "searchTime": 0,
      "seeing": false,
      "state": "patrol",
      "suspicion": 0,
      "wait": 0,
      "wp": 4,
      "x": 15.5,
      "y": 9.5
    }
  ],
  "historyCount": 3,
  "keys": [],
  "objective": {
    "collected": false,
    "x": 5.5,
    "y": 3.5
  },
  "paused": true,
  "phase": "briefing",
  "player": {
    "angle": -1.5707963267948966,
    "exposure": 0,
    "health": 100,
    "key": false,
    "noise": 0,
    "objective": false,
    "path": [],
    "run": false,
    "x": 3.5,
    "y": 15.5
  },
  "preset": "dockside",
  "replay": {
    "index": 31,
    "playing": false,
    "samples": 32
  },
  "result": null,
  "securityOff": false,
  "seed": "DOCK-031",
  "selected": 0,
  "smokes": [],
  "sounds": [],
  "storageOK": true,
  "terminals": [
    {
      "name": "Access terminal",
      "type": "badge",
      "used": false,
      "x": 3.5,
      "y": 14.5
    },
    {
      "name": "Security terminal",
      "type": "security",
      "used": false,
      "x": 10.5,
      "y": 3.5
    }
  ],
  "time": 0,
  "touchDirections": [],
  "view": {
    "height": 475,
    "scale": 22.526315789473685,
    "width": 918,
    "x": 177.42105263157896,
    "y": 23.5
  }
}

$ agent-browser --session blackline find role button click --name 'Back to operation'
✓ Done

$ agent-browser --session blackline reload
file:///home/pyro/projects/naked/astra/bench/10-stealth-heist/index.html

$ agent-browser --session blackline wait --fn BLACKLINE.snapshot().phase==="briefing"
true

$ agent-browser --session blackline set viewport 390 844 1
✓ Done

$ agent-browser --session blackline screenshot /home/pyro/projects/naked/astra/bench/10-stealth-heist/evidence/screenshots/25-mobile-final-briefing.png
✓ Screenshot saved to /home/pyro/projects/naked/astra/bench/10-stealth-heist/evidence/screenshots/25-mobile-final-briefing.png

$ agent-browser --session blackline find role button click --name Infiltrate
✓ Done

$ agent-browser --session blackline keydown ArrowRight
✓ Done

$ agent-browser --session blackline wait --fn BLACKLINE.snapshot().player.x>4.1
true

$ agent-browser --session blackline keyup ArrowRight
✓ Done

$ agent-browser --session blackline screenshot /home/pyro/projects/naked/astra/bench/10-stealth-heist/evidence/screenshots/26-mobile-final-active.png
✓ Screenshot saved to /home/pyro/projects/naked/astra/bench/10-stealth-heist/evidence/screenshots/26-mobile-final-active.png

$ agent-browser --session blackline press Escape
✓ Done

$ agent-browser --session blackline errors

$ agent-browser --session blackline console

$ agent-browser --session blackline network requests
[AB4967E0DD253AE839F24C1E14EEF0FE] GET file:///home/pyro/projects/naked/astra/bench/10-stealth-heist/index.html (Document) 200
[11E4CEBBBCCC25A8ACCE40F1135C427D] GET file:///home/pyro/projects/naked/astra/bench/10-stealth-heist/index.html (Document) 200
[9BFA5C71CFF77F1DE42D63FE408D2977] GET file:///home/pyro/projects/naked/astra/bench/10-stealth-heist/index.html (Document) 200
[3F87AEFA696616DC60EFBC12401D82EA] GET file:///home/pyro/projects/naked/astra/bench/10-stealth-heist/index.html (Document) 200
[B6274F8F1088A4F368745F70100B63A9] GET file:///home/pyro/projects/naked/astra/bench/10-stealth-heist/index.html (Document) 200
[234BF18B61B19AFA7731A463FA594A9A] GET file:///home/pyro/projects/naked/astra/bench/10-stealth-heist/index.html (Document) 200
[F1F5D7261AF623D94D31437A9639D2CE] GET file:///home/pyro/projects/naked/astra/bench/10-stealth-heist/index.html (Document) 200

$ agent-browser --session blackline set viewport 1280 800 1
✓ Done

$ agent-browser --session blackline reload
file:///home/pyro/projects/naked/astra/bench/10-stealth-heist/index.html

$ agent-browser --session blackline screenshot /home/pyro/projects/naked/astra/bench/10-stealth-heist/evidence/screenshots/27-delivered-desktop.png
✓ Screenshot saved to /home/pyro/projects/naked/astra/bench/10-stealth-heist/evidence/screenshots/27-delivered-desktop.png
