agent-browser --session phase-synth open 
agent-browser --session phase-synth network route http\* --abort 
agent-browser --session phase-synth set offline on 
agent-browser --session phase-synth set viewport 1280 800 
agent-browser --session phase-synth open file:///home/pyro/projects/naked/astra/bench/03-modular-synth/index.html 
agent-browser --session phase-synth snapshot -i 
agent-browser --session phase-synth screenshot evidence/screenshots/desktop-initial.png 
agent-browser --session phase-synth errors 
agent-browser --session phase-synth console 
agent-browser --session phase-synth click @e7 
agent-browser --session phase-synth find role button click --name Play --exact 
agent-browser --session phase-synth wait --fn window.phase.diagnostics\(\).scheduledCount\ \>\ 15\ \&\&\ window.phase.diagnostics\(\).rms\ \>\ 0.001 
agent-browser --session phase-synth eval window.phase.diagnostics\(\) 
agent-browser --session phase-synth screenshot evidence/screenshots/desktop-playing.png 
agent-browser --session phase-synth errors 
agent-browser --session phase-synth console 
agent-browser --session phase-synth screenshot --full evidence/screenshots/desktop-full-playing.png 
agent-browser --session phase-synth eval document.querySelector\(\".performance\"\).getBoundingClientRect\(\).toJSON\(\) 
agent-browser --session phase-synth network requests 
agent-browser --session phase-synth eval \(\{velocityState:phase.getState\(\).tracks\[0\].steps\[0\].velocity\,velocityControl:Number\(document.getElementById\(\"step-velocity\"\).value\)\,lfoState:phase.getState\(\).tracks\[0\].lfoRate\,lfoControl:Number\(document.getElementById\(\"inst-lfoRate\"\).value\)\}\) 
agent-browser --session phase-synth screenshot --annotate evidence/screenshots/issue-001-control-precision.png 
["agent-browser","--session","phase-synth","--json","eval","--stdin"]
STDIN: ({state:phase.getState(), velocity:+document.getElementById("step-velocity").value,lfo:+document.getElementById("inst-lfoRate").value})
agent-browser --session phase-synth reload 
["agent-browser","--session","phase-synth","--json","eval","--stdin"]
STDIN: ({state:phase.getState(), velocity:+document.getElementById("step-velocity").value,lfo:+document.getElementById("inst-lfoRate").value})
["agent-browser","--session","phase-synth","--json","get","cdp-url"]
["agent-browser","--session","phase-synth","--json","select","[aria-label=\"Song preset\"]","sunrise"]
["agent-browser","--session","phase-synth","--json","select","[aria-label=\"Song preset\"]","midnight"]
["agent-browser","--session","phase-synth","--json","find","role","button","click","--name","Enable audio","--exact"]
["agent-browser","--session","phase-synth","--json","find","role","button","click","--name","Play","--exact"]
["agent-browser","--session","phase-synth","--json","eval","--stdin"]
STDIN: (async()=>{const out=[];const end=performance.now()+2500;while(performance.now()<end){out.push(phase.diagnostics());await new Promise(r=>setTimeout(r,35))}return out})()
["agent-browser","--session","phase-synth","--json","screenshot","/home/pyro/projects/naked/astra/bench/03-modular-synth/evidence/screenshots/desktop-regression-playing.png"]
["agent-browser","--session","phase-synth","--json","find","role","button","click","--name","Glass keys step 2, off, D4, velocity 75%","--exact"]
["agent-browser","--session","phase-synth","--json","eval","--stdin"]
STDIN: phase.getState()
["agent-browser","--session","phase-synth","--json","keydown","Shift"]
["agent-browser","--session","phase-synth","--json","click",".step[data-track=\"0\"][data-step=\"1\"]"]
["agent-browser","--session","phase-synth","--json","keyup","Shift"]
["agent-browser","--session","phase-synth","--json","eval","--stdin"]
STDIN: phase.getState()
agent-browser --session phase-synth eval \(\{step:phase.getState\(\).tracks\[0\].steps\[1\]\,selected:phase.diagnostics\(\).selectedStep\}\) 
agent-browser --session phase-synth eval document.addEventListener\(\"click\"\,\ e\ =\>\ window.__modifierTrace\ =\ \{shift:e.shiftKey\,\ trusted:e.isTrusted\,\ label:e.target.closest\(\"button\"\)\?.getAttribute\(\"aria-label\"\)\}\,\ \{once:true\,capture:true\}\) 
agent-browser --session phase-synth keydown Shift 
agent-browser --session phase-synth click .step\[data-track=\"0\"\]\[data-step=\"1\"\] 
agent-browser --session phase-synth keyup Shift 
agent-browser --session phase-synth eval window.__modifierTrace 
["agent-browser","--session","phase-synth","--json","get","cdp-url"]
["agent-browser","--session","phase-synth","--json","eval","--stdin"]
STDIN: document.querySelector(".step[data-track=\"0\"][data-step=\"1\"]").getBoundingClientRect().toJSON()
agent-browser --session phase-synth eval phase.getState\(\).tracks\[0\].steps\[1\] 
["agent-browser","--session","phase-synth","--json","select","[aria-label=\"Song preset\"]","sunrise"]
["agent-browser","--session","phase-synth","--json","select","[aria-label=\"Song preset\"]","midnight"]
["agent-browser","--session","phase-synth","--json","find","role","button","click","--name","Enable audio","--exact"]
["agent-browser","--session","phase-synth","--json","reload"]
["agent-browser","--session","phase-synth","--json","select","[aria-label=\"Song preset\"]","sunrise"]
["agent-browser","--session","phase-synth","--json","select","[aria-label=\"Song preset\"]","midnight"]
["agent-browser","--session","phase-synth","--json","find","role","button","click","--name","Enable audio","--exact"]
["agent-browser","--session","phase-synth","--json","find","role","button","click","--name","Play","--exact"]
["agent-browser","--session","phase-synth","--json","eval","--stdin"]
STDIN: (async()=>{const out=[];const end=performance.now()+2500;while(performance.now()<end){out.push(phase.diagnostics());await new Promise(r=>setTimeout(r,35))}return out})()
agent-browser --session phase-synth eval \(\{visibility:document.visibilityState\,diag:phase.diagnostics\(\)\,focus:document.hasFocus\(\)\,url:location.href\}\) 
["agent-browser","--session","phase-synth","--json","eval","--stdin"]
STDIN: (async()=>{const out=[];const end=performance.now()+2500;while(performance.now()<end){out.push(phase.diagnostics());await new Promise(r=>setTimeout(r,35))}return out})()
agent-browser --session phase-synth errors 
agent-browser --session phase-synth console 
agent-browser --session phase-synth click \#enable-audio 
agent-browser --session phase-synth click \#play 
agent-browser --session phase-synth wait --fn phase.diagnostics\(\).audioTime\ \>\ 1 
agent-browser --session phase-synth eval phase.diagnostics\(\) 
["agent-browser","--session","phase-synth","--json","reload"]
["agent-browser","--session","phase-synth","--json","select","[aria-label=\"Song preset\"]","sunrise"]
["agent-browser","--session","phase-synth","--json","select","[aria-label=\"Song preset\"]","midnight"]
["agent-browser","--session","phase-synth","--json","find","role","button","click","--name","Enable audio","--exact"]
["agent-browser","--session","phase-synth","--json","wait","--fn","phase.diagnostics().context===\"running\" && phase.diagnostics().audioTime>0.1"]
["agent-browser","--session","phase-synth","--json","find","role","button","click","--name","Play","--exact"]
["agent-browser","--session","phase-synth","--json","eval","--stdin"]
STDIN: (async()=>{const out=[];const end=performance.now()+2500;while(performance.now()<end){out.push(phase.diagnostics());await new Promise(r=>setTimeout(r,35))}return out})()
["agent-browser","--session","phase-synth","--json","screenshot","/home/pyro/projects/naked/astra/bench/03-modular-synth/evidence/screenshots/desktop-regression-playing.png"]
["agent-browser","--session","phase-synth","--json","find","role","button","click","--name","Glass keys step 2, off, D4, velocity 75%","--exact"]
["agent-browser","--session","phase-synth","--json","eval","--stdin"]
STDIN: phase.getState()
["agent-browser","--session","phase-synth","--json","get","cdp-url"]
["agent-browser","--session","phase-synth","--json","eval","--stdin"]
STDIN: document.querySelector(".step[data-track=\"0\"][data-step=\"1\"]").getBoundingClientRect().toJSON()
["agent-browser","--session","phase-synth","--json","eval","--stdin"]
STDIN: phase.getState()
["agent-browser","--session","phase-synth","--json","select","[aria-label=\"Selected step pitch\"]","67"]
["agent-browser","--session","phase-synth","--json","scrollintoview","[aria-label=\"Selected step velocity\"]"]
["agent-browser","--session","phase-synth","--json","eval","--stdin"]
STDIN: document.querySelector("[aria-label=\"Selected step velocity\"]").getBoundingClientRect().toJSON()
["agent-browser","--session","phase-synth","--json","mouse","move","324.046875","400"]
["agent-browser","--session","phase-synth","--json","reload"]
["agent-browser","--session","phase-synth","--json","select","[aria-label=\"Song preset\"]","sunrise"]
["agent-browser","--session","phase-synth","--json","select","[aria-label=\"Song preset\"]","midnight"]
["agent-browser","--session","phase-synth","--json","find","role","button","click","--name","Enable audio","--exact"]
["agent-browser","--session","phase-synth","--json","wait","--fn","phase.diagnostics().context===\"running\" && phase.diagnostics().audioTime>0.1"]
agent-browser --session phase-synth eval \(\{diag:phase.diagnostics\(\)\,activation:\{active:navigator.userActivation.isActive\,ever:navigator.userActivation.hasBeenActive\}\,visibility:document.visibilityState\}\) 
["agent-browser","--session","phase-synth","--json","get","cdp-url"]
["agent-browser","--session","phase-synth","--json","reload"]
["agent-browser","--session","phase-synth","--json","select","[aria-label=\"Song preset\"]","sunrise"]
["agent-browser","--session","phase-synth","--json","select","[aria-label=\"Song preset\"]","midnight"]
["agent-browser","--session","phase-synth","--json","click","#enable-audio"]
["agent-browser","--session","phase-synth","--json","click","#play"]
["agent-browser","--session","phase-synth","--json","eval","--stdin"]
STDIN: (async()=>{const out=[];for(let i=0;i<12;i++){out.push({d:phase.diagnostics(),trace:[...__audioTrace]});await new Promise(r=>setTimeout(r,250))}return out})()
["agent-browser","--session","phase-synth","--json","get","cdp-url"]
agent-browser --session phase-synth eval Object.keys\(window\).filter\(k=\>k.includes\(\"audio\"\)\) 
agent-browser --session phase-synth eval phase.diagnostics\(\) 
agent-browser --session phase-synth eval document.addEventListener\(\"click\"\,\ e\ =\>\ window.__gestureTrace\ =\ \{trusted:e.isTrusted\,active:navigator.userActivation.isActive\,label:e.target.closest\(\"button\"\)\?.textContent\}\,\ \{once:true\,capture:true\}\) 
agent-browser --session phase-synth find role button click --name Audio\ ready --exact 
agent-browser --session phase-synth eval window.__gestureTrace 
agent-browser --session phase-synth eval document.addEventListener\(\"click\"\,\ e\ =\>\ window.__gestureTrace\ =\ \{trusted:e.isTrusted\,active:navigator.userActivation.isActive\,label:e.target.closest\(\"button\"\)\?.textContent\}\,\ \{once:true\,capture:true\}\) 
agent-browser --session phase-synth click \#enable-audio 
agent-browser --session phase-synth eval window.__gestureTrace 
["agent-browser","--session","phase-synth","--json","reload"]
["agent-browser","--session","phase-synth","--json","wait","--load","networkidle"]
["agent-browser","--session","phase-synth","--json","eval","--stdin"]
STDIN: window.__audioTrace=[];window.__contexts=[];window.__OriginalAC=window.AudioContext;window.AudioContext=class extends __OriginalAC {constructor(...args){super(...args);const ctx=this;__contexts.push(ctx);__audioTrace.push({event:'created',state:ctx.state,time:ctx.currentTime,clock:performance.now(),gesture:navigator.userActivation.isActive});ctx.addEventListener('statechange',()=>__audioTrace.push({event:'state',state:ctx.state,time:ctx.currentTime,clock:performance.now()}))}async resume(){__audioTrace.push({event:'resume called',state:this.state,time:this.currentTime,clock:performance.now(),gesture:navigator.userActivation.isActive});await super.resume();__audioTrace.push({event:'resume resolved',state:this.state,time:this.currentTime,clock:performance.now()})}}
["agent-browser","--session","phase-synth","--json","click","#enable-audio"]
["agent-browser","--session","phase-synth","--json","eval","--stdin"]
STDIN: (async()=>{await new Promise(r=>setTimeout(r,250));return{d:phase.diagnostics(),trace:[...__audioTrace]}})()
["agent-browser","--session","phase-synth","--json","click","#play"]
["agent-browser","--session","phase-synth","--json","eval","--stdin"]
STDIN: (async()=>{await new Promise(r=>setTimeout(r,2200));return{d:phase.diagnostics(),trace:[...__audioTrace]}})()
agent-browser --session phase-synth eval \(\{rect:document.getElementById\(\"enable-audio\"\).getBoundingClientRect\(\).toJSON\(\)\,scroll:scrollY\,trace:window.__audioTrace\}\) 
agent-browser --session phase-synth eval document.addEventListener\(\"click\"\,\ e\ =\>\ \{window.__gestureTrace=\{trusted:e.isTrusted\,active:navigator.userActivation.isActive\,label:e.target.closest\(\"button\"\)\?.textContent\}\;window.__audioTrace.push\(\{event:\"click\"\,...window.__gestureTrace\}\)\}\,\{capture:true\,once:true\}\) 
agent-browser --session phase-synth click \#enable-audio 
agent-browser --session phase-synth eval \(\{trace:__audioTrace\,diag:phase.diagnostics\(\)\}\) 
["agent-browser","--session","phase-synth","--json","get","cdp-url"]
agent-browser --session phase-synth eval Promise.race\(\[__contexts\[0\].setSinkId\(\{type:\"none\"\}\).then\(\(\)=\>\(\{sink:__contexts\[0\].sinkId\,state:__contexts\[0\].state\}\)\)\,new\ Promise\(r=\>setTimeout\(\(\)=\>r\(\{timedOut:true\}\)\,1500\)\)\]\) 
agent-browser --session phase-synth click \#enable-audio 
agent-browser --session phase-synth click \#play 
agent-browser --session phase-synth wait --fn phase.diagnostics\(\).audioTime\>0.3 
agent-browser --session phase-synth eval \(\{trace:__audioTrace\,diag:phase.diagnostics\(\)\}\) 
agent-browser --session phase-synth eval document.addEventListener\(\"click\"\,\(\)=\>\{window.__resume=__contexts\[0\].resume\(\).then\(\(\)=\>\"resolved\"\)\}\,\{once:true\}\) 
agent-browser --session phase-synth click \#enable-audio 
agent-browser --session phase-synth eval \(\{diag:phase.diagnostics\(\)\,trace:__audioTrace\,sinkType:__contexts\[0\].sinkId\?.type\}\) 
agent-browser --session phase-synth eval \(\{diag:phase.diagnostics\(\)\,trace:__audioTrace\}\) 
["agent-browser","--session","phase-synth","--json","reload"]
["agent-browser","--session","phase-synth","--json","wait","--load","domcontentloaded"]
["agent-browser","--session","phase-synth","--json","eval","--stdin"]
STDIN: window.__NativeAC=window.AudioContext;window.AudioContext=class extends __NativeAC {constructor(options){super({...options,sinkId:{type:'none'}});this.suspend()}async resume(){await super.resume();await new Promise(r=>setTimeout(r,500))}}
["agent-browser","--session","phase-synth","--json","click","#play"]
["agent-browser","--session","phase-synth","--json","click","#stop"]
["agent-browser","--session","phase-synth","--json","eval","--stdin"]
STDIN: (async()=>{await new Promise(r=>setTimeout(r,700));return phase.diagnostics()})()
["agent-browser","--session","phase-synth","--json","reload"]
["agent-browser","--session","phase-synth","--json","wait","--fn","document.readyState===\"complete\" && typeof phase===\"object\""]
["agent-browser","--session","phase-synth","--json","eval","--stdin"]
STDIN: window.__NativeAC=window.AudioContext;window.AudioContext=class extends __NativeAC {constructor(options){super({...options,sinkId:{type:'none'}});this.suspend()}async resume(){await super.resume();await new Promise(r=>setTimeout(r,500))}}
["agent-browser","--session","phase-synth","--json","click","#play"]
["agent-browser","--session","phase-synth","--json","click","#stop"]
["agent-browser","--session","phase-synth","--json","eval","--stdin"]
STDIN: (async()=>{await new Promise(r=>setTimeout(r,700));return phase.diagnostics()})()
["agent-browser","--session","phase-synth","--json","reload"]
["agent-browser","--session","phase-synth","--json","wait","--fn","document.readyState===\"complete\" && typeof phase===\"object\""]
["agent-browser","--session","phase-synth","--json","eval","--stdin"]
STDIN: window.__NativeAudioContext=window.AudioContext;window.AudioContext=class extends __NativeAudioContext {constructor(options){super({...options,sinkId:{type:'none'}})}}
["agent-browser","--session","phase-synth","--json","select","[aria-label=\"Song preset\"]","sunrise"]
["agent-browser","--session","phase-synth","--json","select","[aria-label=\"Song preset\"]","midnight"]
["agent-browser","--session","phase-synth","--json","find","role","button","click","--name","Enable audio","--exact"]
["agent-browser","--session","phase-synth","--json","wait","--fn","phase.diagnostics().context===\"running\" && phase.diagnostics().audioTime>0.1"]
["agent-browser","--session","phase-synth","--json","find","role","button","click","--name","Play","--exact"]
["agent-browser","--session","phase-synth","--json","eval","--stdin"]
STDIN: (async()=>{const out=[];const end=performance.now()+2500;while(performance.now()<end){out.push(phase.diagnostics());await new Promise(r=>setTimeout(r,35))}return out})()
["agent-browser","--session","phase-synth","--json","screenshot","/home/pyro/projects/naked/astra/bench/03-modular-synth/evidence/screenshots/desktop-regression-playing.png"]
["agent-browser","--session","phase-synth","--json","find","role","button","click","--name","Glass keys step 2, off, D4, velocity 75%","--exact"]
["agent-browser","--session","phase-synth","--json","eval","--stdin"]
STDIN: phase.getState()
["agent-browser","--session","phase-synth","--json","get","cdp-url"]
["agent-browser","--session","phase-synth","--json","eval","--stdin"]
STDIN: document.querySelector(".step[data-track=\"0\"][data-step=\"1\"]").getBoundingClientRect().toJSON()
["agent-browser","--session","phase-synth","--json","eval","--stdin"]
STDIN: phase.getState()
["agent-browser","--session","phase-synth","--json","select","[aria-label=\"Selected step pitch\"]","67"]
["agent-browser","--session","phase-synth","--json","scrollintoview","[aria-label=\"Selected step velocity\"]"]
["agent-browser","--session","phase-synth","--json","eval","--stdin"]
STDIN: document.querySelector("[aria-label=\"Selected step velocity\"]").getBoundingClientRect().toJSON()
["agent-browser","--session","phase-synth","--json","mouse","move","324","400"]
["agent-browser","--session","phase-synth","--json","mouse","down","left"]
["agent-browser","--session","phase-synth","--json","mouse","up","left"]
["agent-browser","--session","phase-synth","--json","scrollintoview","[aria-label=\"Selected step gate length\"]"]
["agent-browser","--session","phase-synth","--json","eval","--stdin"]
STDIN: document.querySelector("[aria-label=\"Selected step gate length\"]").getBoundingClientRect().toJSON()
["agent-browser","--session","phase-synth","--json","mouse","move","444","400"]
["agent-browser","--session","phase-synth","--json","mouse","down","left"]
["agent-browser","--session","phase-synth","--json","mouse","up","left"]
["agent-browser","--session","phase-synth","--json","eval","--stdin"]
STDIN: phase.getState()
["agent-browser","--session","phase-synth","--json","eval","--stdin"]
STDIN: phase.diagnostics()
["agent-browser","--session","phase-synth","--json","find","role","tab","click","--name","Piano roll","--exact"]
["agent-browser","--session","phase-synth","--json","click","[aria-label=\"F4 step 2\"]"]
["agent-browser","--session","phase-synth","--json","click","[aria-label=\"A4 step 2\"]"]
["agent-browser","--session","phase-synth","--json","eval","--stdin"]
STDIN: phase.getState()
["agent-browser","--session","phase-synth","--json","click","[aria-label=\"F4 step 2\"]"]
["agent-browser","--session","phase-synth","--json","eval","--stdin"]
STDIN: phase.getState()
["agent-browser","--session","phase-synth","--json","eval","--stdin"]
STDIN: document.querySelector("[aria-label="C♯4 step 3"]").disabled
["agent-browser","--session","phase-synth","--json","reload"]
["agent-browser","--session","phase-synth","--json","wait","--fn","document.readyState===\"complete\" && typeof phase===\"object\""]
["agent-browser","--session","phase-synth","--json","eval","--stdin"]
STDIN: window.__NativeAudioContext=window.AudioContext;window.AudioContext=class extends __NativeAudioContext {constructor(options){super({...options,sinkId:{type:'none'}})}}
["agent-browser","--session","phase-synth","--json","select","[aria-label=\"Song preset\"]","sunrise"]
["agent-browser","--session","phase-synth","--json","select","[aria-label=\"Song preset\"]","midnight"]
["agent-browser","--session","phase-synth","--json","find","role","button","click","--name","Enable audio","--exact"]
["agent-browser","--session","phase-synth","--json","wait","--fn","phase.diagnostics().context===\"running\" && phase.diagnostics().audioTime>0.1"]
["agent-browser","--session","phase-synth","--json","find","role","button","click","--name","Play","--exact"]
["agent-browser","--session","phase-synth","--json","eval","--stdin"]
STDIN: (async()=>{const out=[];const end=performance.now()+2500;while(performance.now()<end){out.push(phase.diagnostics());await new Promise(r=>setTimeout(r,35))}return out})()
["agent-browser","--session","phase-synth","--json","screenshot","/home/pyro/projects/naked/astra/bench/03-modular-synth/evidence/screenshots/desktop-regression-playing.png"]
["agent-browser","--session","phase-synth","--json","find","role","button","click","--name","Glass keys step 2, off, D4, velocity 75%","--exact"]
["agent-browser","--session","phase-synth","--json","eval","--stdin"]
STDIN: phase.getState()
["agent-browser","--session","phase-synth","--json","get","cdp-url"]
["agent-browser","--session","phase-synth","--json","eval","--stdin"]
STDIN: document.querySelector(".step[data-track=\"0\"][data-step=\"1\"]").getBoundingClientRect().toJSON()
["agent-browser","--session","phase-synth","--json","eval","--stdin"]
STDIN: phase.getState()
["agent-browser","--session","phase-synth","--json","select","[aria-label=\"Selected step pitch\"]","67"]
["agent-browser","--session","phase-synth","--json","scrollintoview","[aria-label=\"Selected step velocity\"]"]
["agent-browser","--session","phase-synth","--json","eval","--stdin"]
STDIN: document.querySelector("[aria-label=\"Selected step velocity\"]").getBoundingClientRect().toJSON()
["agent-browser","--session","phase-synth","--json","mouse","move","324","400"]
["agent-browser","--session","phase-synth","--json","mouse","down","left"]
["agent-browser","--session","phase-synth","--json","mouse","up","left"]
["agent-browser","--session","phase-synth","--json","scrollintoview","[aria-label=\"Selected step gate length\"]"]
["agent-browser","--session","phase-synth","--json","eval","--stdin"]
STDIN: document.querySelector("[aria-label=\"Selected step gate length\"]").getBoundingClientRect().toJSON()
["agent-browser","--session","phase-synth","--json","mouse","move","444","400"]
["agent-browser","--session","phase-synth","--json","mouse","down","left"]
["agent-browser","--session","phase-synth","--json","mouse","up","left"]
["agent-browser","--session","phase-synth","--json","eval","--stdin"]
STDIN: phase.getState()
["agent-browser","--session","phase-synth","--json","eval","--stdin"]
STDIN: phase.diagnostics()
["agent-browser","--session","phase-synth","--json","find","role","tab","click","--name","Piano roll","--exact"]
["agent-browser","--session","phase-synth","--json","click","[aria-label=\"F4 step 2\"]"]
["agent-browser","--session","phase-synth","--json","click","[aria-label=\"A4 step 2\"]"]
["agent-browser","--session","phase-synth","--json","eval","--stdin"]
STDIN: phase.getState()
["agent-browser","--session","phase-synth","--json","click","[aria-label=\"F4 step 2\"]"]
["agent-browser","--session","phase-synth","--json","eval","--stdin"]
STDIN: phase.getState()
["agent-browser","--session","phase-synth","--json","eval","--stdin"]
STDIN: document.querySelector('[data-note="61"][data-column="2"]').disabled
["agent-browser","--session","phase-synth","--json","uncheck","#scale-lock"]
["agent-browser","--session","phase-synth","--json","click","[aria-label=\"C♯4 step 3\"]"]
["agent-browser","--session","phase-synth","--json","eval","--stdin"]
STDIN: phase.getState()
["agent-browser","--session","phase-synth","--json","check","#scale-lock"]
["agent-browser","--session","phase-synth","--json","screenshot","--full","/home/pyro/projects/naked/astra/bench/03-modular-synth/evidence/screenshots/desktop-piano-roll.png"]
["agent-browser","--session","phase-synth","--json","eval","--stdin"]
STDIN: phase.getState()
["agent-browser","--session","phase-synth","--json","find","role","button","click","--name","sawtooth waveform","--exact"]
["agent-browser","--session","phase-synth","--json","select","[aria-label=\"Instrument polyphony\"]","4"]
["agent-browser","--session","phase-synth","--json","scrollintoview","[aria-label=\"Instrument attack\"]"]
["agent-browser","--session","phase-synth","--json","eval","--stdin"]
STDIN: document.querySelector("[aria-label=\"Instrument attack\"]").getBoundingClientRect().toJSON()
["agent-browser","--session","phase-synth","--json","mouse","move","1001","400"]
["agent-browser","--session","phase-synth","--json","mouse","down","left"]
["agent-browser","--session","phase-synth","--json","mouse","up","left"]
["agent-browser","--session","phase-synth","--json","scrollintoview","[aria-label=\"Instrument decay\"]"]
["agent-browser","--session","phase-synth","--json","eval","--stdin"]
STDIN: document.querySelector("[aria-label=\"Instrument decay\"]").getBoundingClientRect().toJSON()
["agent-browser","--session","phase-synth","--json","mouse","move","1070","400"]
["agent-browser","--session","phase-synth","--json","mouse","down","left"]
["agent-browser","--session","phase-synth","--json","mouse","up","left"]
["agent-browser","--session","phase-synth","--json","scrollintoview","[aria-label=\"Instrument sustain\"]"]
["agent-browser","--session","phase-synth","--json","eval","--stdin"]
STDIN: document.querySelector("[aria-label=\"Instrument sustain\"]").getBoundingClientRect().toJSON()
["agent-browser","--session","phase-synth","--json","mouse","move","1138","400"]
["agent-browser","--session","phase-synth","--json","mouse","down","left"]
["agent-browser","--session","phase-synth","--json","mouse","up","left"]
["agent-browser","--session","phase-synth","--json","scrollintoview","[aria-label=\"Instrument release\"]"]
["agent-browser","--session","phase-synth","--json","eval","--stdin"]
STDIN: document.querySelector("[aria-label=\"Instrument release\"]").getBoundingClientRect().toJSON()
["agent-browser","--session","phase-synth","--json","mouse","move","1196","400"]
["agent-browser","--session","phase-synth","--json","mouse","down","left"]
["agent-browser","--session","phase-synth","--json","mouse","up","left"]
["agent-browser","--session","phase-synth","--json","scrollintoview","[aria-label=\"Instrument cutoff\"]"]
["agent-browser","--session","phase-synth","--json","eval","--stdin"]
STDIN: document.querySelector("[aria-label=\"Instrument cutoff\"]").getBoundingClientRect().toJSON()
["agent-browser","--session","phase-synth","--json","mouse","move","1025","400"]
["agent-browser","--session","phase-synth","--json","mouse","down","left"]
["agent-browser","--session","phase-synth","--json","mouse","up","left"]
["agent-browser","--session","phase-synth","--json","scrollintoview","[aria-label=\"Instrument resonance\"]"]
["agent-browser","--session","phase-synth","--json","eval","--stdin"]
STDIN: document.querySelector("[aria-label=\"Instrument resonance\"]").getBoundingClientRect().toJSON()
["agent-browser","--session","phase-synth","--json","mouse","move","1102","400"]
["agent-browser","--session","phase-synth","--json","mouse","down","left"]
["agent-browser","--session","phase-synth","--json","mouse","up","left"]
["agent-browser","--session","phase-synth","--json","scrollintoview","[aria-label=\"Instrument env amt\"]"]
["agent-browser","--session","phase-synth","--json","eval","--stdin"]
STDIN: document.querySelector("[aria-label=\"Instrument env amt\"]").getBoundingClientRect().toJSON()
["agent-browser","--session","phase-synth","--json","mouse","move","1201","400"]
["agent-browser","--session","phase-synth","--json","mouse","down","left"]
["agent-browser","--session","phase-synth","--json","mouse","up","left"]
["agent-browser","--session","phase-synth","--json","scrollintoview","[aria-label=\"LFO rate\"]"]
["agent-browser","--session","phase-synth","--json","eval","--stdin"]
STDIN: document.querySelector("[aria-label=\"LFO rate\"]").getBoundingClientRect().toJSON()
["agent-browser","--session","phase-synth","--json","mouse","move","1002","400"]
["agent-browser","--session","phase-synth","--json","mouse","down","left"]
["agent-browser","--session","phase-synth","--json","mouse","up","left"]
["agent-browser","--session","phase-synth","--json","scrollintoview","[aria-label=\"LFO depth\"]"]
["agent-browser","--session","phase-synth","--json","eval","--stdin"]
STDIN: document.querySelector("[aria-label=\"LFO depth\"]").getBoundingClientRect().toJSON()
["agent-browser","--session","phase-synth","--json","mouse","move","1159","400"]
["agent-browser","--session","phase-synth","--json","mouse","down","left"]
["agent-browser","--session","phase-synth","--json","mouse","up","left"]
["agent-browser","--session","phase-synth","--json","select","[aria-label=\"LFO destination\"]","pitch"]
["agent-browser","--session","phase-synth","--json","eval","--stdin"]
STDIN: phase.getState()
agent-browser --session phase-synth eval \(\{polyControl:document.getElementById\(\"inst-poly\"\).value\,polyState:phase.getState\(\).tracks\[0\].poly\,lfoControl:document.querySelector\(\"\[data-inst=lfoRoute\]\"\).value\,lfoState:phase.getState\(\).tracks\[0\].lfoRoute\}\) 
["agent-browser","--session","phase-synth","--json","select","[aria-label=\"Instrument polyphony\"]","4"]
["agent-browser","--session","phase-synth","--json","eval","--stdin"]
STDIN: phase.getState()
agent-browser --session phase-synth reload 
["agent-browser","--session","phase-synth","--json","select","[aria-label=\"Instrument polyphony\"]","4"]
["agent-browser","--session","phase-synth","--json","eval","--stdin"]
STDIN: phase.getState()
["agent-browser","--session","phase-synth","--json","select","[aria-label=\"LFO destination\"]","pitch"]
["agent-browser","--session","phase-synth","--json","eval","--stdin"]
STDIN: phase.getState()
["agent-browser","--session","phase-synth","--json","select","[aria-label=\"Delay time\"]","0.5"]
["agent-browser","--session","phase-synth","--json","eval","--stdin"]
STDIN: phase.getState()
["agent-browser","--session","phase-synth","--json","reload"]
["agent-browser","--session","phase-synth","--json","wait","--fn","document.readyState===\"complete\" && typeof phase===\"object\""]
["agent-browser","--session","phase-synth","--json","eval","--stdin"]
STDIN: window.__NativeAudioContext=window.AudioContext;window.AudioContext=class extends __NativeAudioContext {constructor(options){super({...options,sinkId:{type:'none'}})}}
["agent-browser","--session","phase-synth","--json","select","[aria-label=\"Song preset\"]","sunrise"]
["agent-browser","--session","phase-synth","--json","select","[aria-label=\"Song preset\"]","midnight"]
["agent-browser","--session","phase-synth","--json","find","role","button","click","--name","Enable audio","--exact"]
["agent-browser","--session","phase-synth","--json","wait","--fn","phase.diagnostics().context===\"running\" && phase.diagnostics().audioTime>0.1"]
["agent-browser","--session","phase-synth","--json","find","role","button","click","--name","Play","--exact"]
["agent-browser","--session","phase-synth","--json","eval","--stdin"]
STDIN: (async()=>{const out=[];const end=performance.now()+2500;while(performance.now()<end){out.push(phase.diagnostics());await new Promise(r=>setTimeout(r,35))}return out})()
["agent-browser","--session","phase-synth","--json","screenshot","/home/pyro/projects/naked/astra/bench/03-modular-synth/evidence/screenshots/desktop-regression-playing.png"]
["agent-browser","--session","phase-synth","--json","find","role","button","click","--name","Glass keys step 2, off, D4, velocity 75%","--exact"]
["agent-browser","--session","phase-synth","--json","eval","--stdin"]
STDIN: phase.getState()
["agent-browser","--session","phase-synth","--json","get","cdp-url"]
["agent-browser","--session","phase-synth","--json","eval","--stdin"]
STDIN: document.querySelector(".step[data-track=\"0\"][data-step=\"1\"]").getBoundingClientRect().toJSON()
["agent-browser","--session","phase-synth","--json","eval","--stdin"]
STDIN: phase.getState()
["agent-browser","--session","phase-synth","--json","select","[aria-label=\"Selected step pitch\"]","67"]
["agent-browser","--session","phase-synth","--json","scrollintoview","[aria-label=\"Selected step velocity\"]"]
["agent-browser","--session","phase-synth","--json","eval","--stdin"]
STDIN: document.querySelector("[aria-label=\"Selected step velocity\"]").getBoundingClientRect().toJSON()
["agent-browser","--session","phase-synth","--json","mouse","move","324","400"]
["agent-browser","--session","phase-synth","--json","mouse","down","left"]
["agent-browser","--session","phase-synth","--json","mouse","up","left"]
["agent-browser","--session","phase-synth","--json","scrollintoview","[aria-label=\"Selected step gate length\"]"]
["agent-browser","--session","phase-synth","--json","eval","--stdin"]
STDIN: document.querySelector("[aria-label=\"Selected step gate length\"]").getBoundingClientRect().toJSON()
["agent-browser","--session","phase-synth","--json","mouse","move","444","400"]
["agent-browser","--session","phase-synth","--json","mouse","down","left"]
["agent-browser","--session","phase-synth","--json","mouse","up","left"]
["agent-browser","--session","phase-synth","--json","eval","--stdin"]
STDIN: phase.getState()
["agent-browser","--session","phase-synth","--json","eval","--stdin"]
STDIN: phase.diagnostics()
["agent-browser","--session","phase-synth","--json","find","role","tab","click","--name","Piano roll","--exact"]
["agent-browser","--session","phase-synth","--json","click","[aria-label=\"F4 step 2\"]"]
["agent-browser","--session","phase-synth","--json","click","[aria-label=\"A4 step 2\"]"]
["agent-browser","--session","phase-synth","--json","eval","--stdin"]
STDIN: phase.getState()
["agent-browser","--session","phase-synth","--json","click","[aria-label=\"F4 step 2\"]"]
["agent-browser","--session","phase-synth","--json","eval","--stdin"]
STDIN: phase.getState()
["agent-browser","--session","phase-synth","--json","eval","--stdin"]
STDIN: document.querySelector('[data-note="61"][data-column="2"]').disabled
["agent-browser","--session","phase-synth","--json","uncheck","#scale-lock"]
["agent-browser","--session","phase-synth","--json","click","[aria-label=\"C♯4 step 3\"]"]
["agent-browser","--session","phase-synth","--json","eval","--stdin"]
STDIN: phase.getState()
["agent-browser","--session","phase-synth","--json","check","#scale-lock"]
["agent-browser","--session","phase-synth","--json","screenshot","--full","/home/pyro/projects/naked/astra/bench/03-modular-synth/evidence/screenshots/desktop-piano-roll.png"]
["agent-browser","--session","phase-synth","--json","eval","--stdin"]
STDIN: phase.getState()
["agent-browser","--session","phase-synth","--json","find","role","button","click","--name","sawtooth waveform","--exact"]
["agent-browser","--session","phase-synth","--json","select","[aria-label=\"Instrument polyphony\"]","4"]
["agent-browser","--session","phase-synth","--json","scrollintoview","[aria-label=\"Instrument attack\"]"]
["agent-browser","--session","phase-synth","--json","eval","--stdin"]
STDIN: document.querySelector("[aria-label=\"Instrument attack\"]").getBoundingClientRect().toJSON()
["agent-browser","--session","phase-synth","--json","mouse","move","1001","400"]
["agent-browser","--session","phase-synth","--json","mouse","down","left"]
["agent-browser","--session","phase-synth","--json","mouse","up","left"]
["agent-browser","--session","phase-synth","--json","scrollintoview","[aria-label=\"Instrument decay\"]"]
["agent-browser","--session","phase-synth","--json","eval","--stdin"]
STDIN: document.querySelector("[aria-label=\"Instrument decay\"]").getBoundingClientRect().toJSON()
["agent-browser","--session","phase-synth","--json","mouse","move","1070","400"]
["agent-browser","--session","phase-synth","--json","mouse","down","left"]
["agent-browser","--session","phase-synth","--json","mouse","up","left"]
["agent-browser","--session","phase-synth","--json","scrollintoview","[aria-label=\"Instrument sustain\"]"]
["agent-browser","--session","phase-synth","--json","eval","--stdin"]
STDIN: document.querySelector("[aria-label=\"Instrument sustain\"]").getBoundingClientRect().toJSON()
["agent-browser","--session","phase-synth","--json","mouse","move","1138","400"]
["agent-browser","--session","phase-synth","--json","mouse","down","left"]
["agent-browser","--session","phase-synth","--json","mouse","up","left"]
["agent-browser","--session","phase-synth","--json","scrollintoview","[aria-label=\"Instrument release\"]"]
["agent-browser","--session","phase-synth","--json","eval","--stdin"]
STDIN: document.querySelector("[aria-label=\"Instrument release\"]").getBoundingClientRect().toJSON()
["agent-browser","--session","phase-synth","--json","mouse","move","1196","400"]
["agent-browser","--session","phase-synth","--json","mouse","down","left"]
["agent-browser","--session","phase-synth","--json","mouse","up","left"]
["agent-browser","--session","phase-synth","--json","scrollintoview","[aria-label=\"Instrument cutoff\"]"]
["agent-browser","--session","phase-synth","--json","eval","--stdin"]
STDIN: document.querySelector("[aria-label=\"Instrument cutoff\"]").getBoundingClientRect().toJSON()
["agent-browser","--session","phase-synth","--json","mouse","move","1025","400"]
["agent-browser","--session","phase-synth","--json","mouse","down","left"]
["agent-browser","--session","phase-synth","--json","mouse","up","left"]
["agent-browser","--session","phase-synth","--json","scrollintoview","[aria-label=\"Instrument resonance\"]"]
["agent-browser","--session","phase-synth","--json","eval","--stdin"]
STDIN: document.querySelector("[aria-label=\"Instrument resonance\"]").getBoundingClientRect().toJSON()
["agent-browser","--session","phase-synth","--json","mouse","move","1102","400"]
["agent-browser","--session","phase-synth","--json","mouse","down","left"]
["agent-browser","--session","phase-synth","--json","mouse","up","left"]
["agent-browser","--session","phase-synth","--json","scrollintoview","[aria-label=\"Instrument env amt\"]"]
["agent-browser","--session","phase-synth","--json","eval","--stdin"]
STDIN: document.querySelector("[aria-label=\"Instrument env amt\"]").getBoundingClientRect().toJSON()
["agent-browser","--session","phase-synth","--json","mouse","move","1201","400"]
["agent-browser","--session","phase-synth","--json","mouse","down","left"]
["agent-browser","--session","phase-synth","--json","mouse","up","left"]
["agent-browser","--session","phase-synth","--json","scrollintoview","[aria-label=\"LFO rate\"]"]
["agent-browser","--session","phase-synth","--json","eval","--stdin"]
STDIN: document.querySelector("[aria-label=\"LFO rate\"]").getBoundingClientRect().toJSON()
["agent-browser","--session","phase-synth","--json","mouse","move","1002","400"]
["agent-browser","--session","phase-synth","--json","mouse","down","left"]
["agent-browser","--session","phase-synth","--json","mouse","up","left"]
["agent-browser","--session","phase-synth","--json","scrollintoview","[aria-label=\"LFO depth\"]"]
["agent-browser","--session","phase-synth","--json","eval","--stdin"]
STDIN: document.querySelector("[aria-label=\"LFO depth\"]").getBoundingClientRect().toJSON()
["agent-browser","--session","phase-synth","--json","mouse","move","1159","400"]
["agent-browser","--session","phase-synth","--json","mouse","down","left"]
["agent-browser","--session","phase-synth","--json","mouse","up","left"]
["agent-browser","--session","phase-synth","--json","select","[aria-label=\"LFO destination\"]","pitch"]
["agent-browser","--session","phase-synth","--json","eval","--stdin"]
STDIN: phase.getState()
agent-browser --session phase-synth eval \(\{track:phase.getState\(\).tracks\[0\]\,values:Array.from\(document.querySelectorAll\(\"\[data-inst\]\"\)\).map\(e=\>\(\{key:e.dataset.inst\,value:e.value\,rect:e.getBoundingClientRect\(\).toJSON\(\)\}\)\)\}\) 
["agent-browser","--session","phase-synth","--json","scrollintoview","[aria-label=\"Instrument attack\"]"]
["agent-browser","--session","phase-synth","--json","eval","--stdin"]
STDIN: (()=>{const e=document.querySelector("[aria-label=\"Instrument attack\"]");return {...e.getBoundingClientRect().toJSON(),value:+e.value,min:+e.min,max:+e.max}})()
["agent-browser","--session","phase-synth","--json","mouse","move","1000","400"]
["agent-browser","--session","phase-synth","--json","mouse","down","left"]
["agent-browser","--session","phase-synth","--json","mouse","move","1001","400"]
["agent-browser","--session","phase-synth","--json","mouse","up","left"]
["agent-browser","--session","phase-synth","--json","eval","--stdin"]
STDIN: phase.getState()
["agent-browser","--session","phase-synth","--json","reload"]
["agent-browser","--session","phase-synth","--json","wait","--fn","document.readyState===\"complete\" && typeof phase===\"object\""]
["agent-browser","--session","phase-synth","--json","eval","--stdin"]
STDIN: window.__NativeAudioContext=window.AudioContext;window.AudioContext=class extends __NativeAudioContext {constructor(options){super({...options,sinkId:{type:'none'}})}}
["agent-browser","--session","phase-synth","--json","select","[aria-label=\"Song preset\"]","sunrise"]
["agent-browser","--session","phase-synth","--json","select","[aria-label=\"Song preset\"]","midnight"]
["agent-browser","--session","phase-synth","--json","find","role","button","click","--name","Enable audio","--exact"]
["agent-browser","--session","phase-synth","--json","wait","--fn","phase.diagnostics().context===\"running\" && phase.diagnostics().audioTime>0.1"]
["agent-browser","--session","phase-synth","--json","find","role","button","click","--name","Play","--exact"]
["agent-browser","--session","phase-synth","--json","eval","--stdin"]
STDIN: (async()=>{const out=[];const end=performance.now()+2500;while(performance.now()<end){out.push(phase.diagnostics());await new Promise(r=>setTimeout(r,35))}return out})()
["agent-browser","--session","phase-synth","--json","screenshot","/home/pyro/projects/naked/astra/bench/03-modular-synth/evidence/screenshots/desktop-regression-playing.png"]
["agent-browser","--session","phase-synth","--json","find","role","button","click","--name","Glass keys step 2, off, D4, velocity 75%","--exact"]
["agent-browser","--session","phase-synth","--json","eval","--stdin"]
STDIN: phase.getState()
["agent-browser","--session","phase-synth","--json","get","cdp-url"]
["agent-browser","--session","phase-synth","--json","eval","--stdin"]
STDIN: document.querySelector(".step[data-track=\"0\"][data-step=\"1\"]").getBoundingClientRect().toJSON()
["agent-browser","--session","phase-synth","--json","eval","--stdin"]
STDIN: phase.getState()
["agent-browser","--session","phase-synth","--json","select","[aria-label=\"Selected step pitch\"]","67"]
["agent-browser","--session","phase-synth","--json","scrollintoview","[aria-label=\"Selected step velocity\"]"]
["agent-browser","--session","phase-synth","--json","eval","--stdin"]
STDIN: (()=>{const e=document.querySelector("[aria-label=\"Selected step velocity\"]");return {...e.getBoundingClientRect().toJSON(),value:+e.value,min:+e.min,max:+e.max}})()
["agent-browser","--session","phase-synth","--json","mouse","move","334","400"]
["agent-browser","--session","phase-synth","--json","mouse","down","left"]
["agent-browser","--session","phase-synth","--json","mouse","move","324","400"]
["agent-browser","--session","phase-synth","--json","mouse","up","left"]
["agent-browser","--session","phase-synth","--json","scrollintoview","[aria-label=\"Selected step gate length\"]"]
["agent-browser","--session","phase-synth","--json","eval","--stdin"]
STDIN: (()=>{const e=document.querySelector("[aria-label=\"Selected step gate length\"]");return {...e.getBoundingClientRect().toJSON(),value:+e.value,min:+e.min,max:+e.max}})()
["agent-browser","--session","phase-synth","--json","mouse","move","436","400"]
["agent-browser","--session","phase-synth","--json","mouse","down","left"]
["agent-browser","--session","phase-synth","--json","mouse","move","444","400"]
["agent-browser","--session","phase-synth","--json","mouse","up","left"]
["agent-browser","--session","phase-synth","--json","eval","--stdin"]
STDIN: phase.getState()
["agent-browser","--session","phase-synth","--json","eval","--stdin"]
STDIN: phase.diagnostics()
["agent-browser","--session","phase-synth","--json","find","role","tab","click","--name","Piano roll","--exact"]
["agent-browser","--session","phase-synth","--json","click","[aria-label=\"F4 step 2\"]"]
["agent-browser","--session","phase-synth","--json","click","[aria-label=\"A4 step 2\"]"]
["agent-browser","--session","phase-synth","--json","eval","--stdin"]
STDIN: phase.getState()
["agent-browser","--session","phase-synth","--json","click","[aria-label=\"F4 step 2\"]"]
["agent-browser","--session","phase-synth","--json","eval","--stdin"]
STDIN: phase.getState()
["agent-browser","--session","phase-synth","--json","eval","--stdin"]
STDIN: document.querySelector('[data-note="61"][data-column="2"]').disabled
["agent-browser","--session","phase-synth","--json","uncheck","#scale-lock"]
["agent-browser","--session","phase-synth","--json","click","[aria-label=\"C♯4 step 3\"]"]
["agent-browser","--session","phase-synth","--json","eval","--stdin"]
STDIN: phase.getState()
["agent-browser","--session","phase-synth","--json","check","#scale-lock"]
["agent-browser","--session","phase-synth","--json","screenshot","--full","/home/pyro/projects/naked/astra/bench/03-modular-synth/evidence/screenshots/desktop-piano-roll.png"]
["agent-browser","--session","phase-synth","--json","eval","--stdin"]
STDIN: phase.getState()
["agent-browser","--session","phase-synth","--json","find","role","button","click","--name","sawtooth waveform","--exact"]
["agent-browser","--session","phase-synth","--json","select","[aria-label=\"Instrument polyphony\"]","4"]
["agent-browser","--session","phase-synth","--json","scrollintoview","[aria-label=\"Instrument attack\"]"]
["agent-browser","--session","phase-synth","--json","eval","--stdin"]
STDIN: (()=>{const e=document.querySelector("[aria-label=\"Instrument attack\"]");return {...e.getBoundingClientRect().toJSON(),value:+e.value,min:+e.min,max:+e.max}})()
["agent-browser","--session","phase-synth","--json","mouse","move","1000","400"]
["agent-browser","--session","phase-synth","--json","mouse","down","left"]
["agent-browser","--session","phase-synth","--json","mouse","move","1001","400"]
["agent-browser","--session","phase-synth","--json","mouse","up","left"]
["agent-browser","--session","phase-synth","--json","scrollintoview","[aria-label=\"Instrument decay\"]"]
["agent-browser","--session","phase-synth","--json","eval","--stdin"]
STDIN: (()=>{const e=document.querySelector("[aria-label=\"Instrument decay\"]");return {...e.getBoundingClientRect().toJSON(),value:+e.value,min:+e.min,max:+e.max}})()
["agent-browser","--session","phase-synth","--json","mouse","move","1069","400"]
["agent-browser","--session","phase-synth","--json","mouse","down","left"]
["agent-browser","--session","phase-synth","--json","mouse","move","1070","400"]
["agent-browser","--session","phase-synth","--json","mouse","up","left"]
["agent-browser","--session","phase-synth","--json","scrollintoview","[aria-label=\"Instrument sustain\"]"]
["agent-browser","--session","phase-synth","--json","eval","--stdin"]
STDIN: (()=>{const e=document.querySelector("[aria-label=\"Instrument sustain\"]");return {...e.getBoundingClientRect().toJSON(),value:+e.value,min:+e.min,max:+e.max}})()
["agent-browser","--session","phase-synth","--json","mouse","move","1135","400"]
["agent-browser","--session","phase-synth","--json","mouse","down","left"]
["agent-browser","--session","phase-synth","--json","mouse","move","1138","400"]
["agent-browser","--session","phase-synth","--json","mouse","up","left"]
["agent-browser","--session","phase-synth","--json","scrollintoview","[aria-label=\"Instrument release\"]"]
["agent-browser","--session","phase-synth","--json","eval","--stdin"]
STDIN: (()=>{const e=document.querySelector("[aria-label=\"Instrument release\"]");return {...e.getBoundingClientRect().toJSON(),value:+e.value,min:+e.min,max:+e.max}})()
["agent-browser","--session","phase-synth","--json","mouse","move","1197","400"]
["agent-browser","--session","phase-synth","--json","mouse","down","left"]
["agent-browser","--session","phase-synth","--json","mouse","move","1196","400"]
["agent-browser","--session","phase-synth","--json","mouse","up","left"]
["agent-browser","--session","phase-synth","--json","scrollintoview","[aria-label=\"Instrument cutoff\"]"]
["agent-browser","--session","phase-synth","--json","eval","--stdin"]
STDIN: (()=>{const e=document.querySelector("[aria-label=\"Instrument cutoff\"]");return {...e.getBoundingClientRect().toJSON(),value:+e.value,min:+e.min,max:+e.max}})()
["agent-browser","--session","phase-synth","--json","mouse","move","1014","400"]
["agent-browser","--session","phase-synth","--json","mouse","down","left"]
["agent-browser","--session","phase-synth","--json","mouse","move","1025","400"]
["agent-browser","--session","phase-synth","--json","mouse","up","left"]
["agent-browser","--session","phase-synth","--json","scrollintoview","[aria-label=\"Instrument resonance\"]"]
["agent-browser","--session","phase-synth","--json","eval","--stdin"]
STDIN: (()=>{const e=document.querySelector("[aria-label=\"Instrument resonance\"]");return {...e.getBoundingClientRect().toJSON(),value:+e.value,min:+e.min,max:+e.max}})()
["agent-browser","--session","phase-synth","--json","mouse","move","1097","400"]
["agent-browser","--session","phase-synth","--json","mouse","down","left"]
["agent-browser","--session","phase-synth","--json","mouse","move","1102","400"]
["agent-browser","--session","phase-synth","--json","mouse","up","left"]
["agent-browser","--session","phase-synth","--json","scrollintoview","[aria-label=\"Instrument env amt\"]"]
["agent-browser","--session","phase-synth","--json","eval","--stdin"]
STDIN: (()=>{const e=document.querySelector("[aria-label=\"Instrument env amt\"]");return {...e.getBoundingClientRect().toJSON(),value:+e.value,min:+e.min,max:+e.max}})()
["agent-browser","--session","phase-synth","--json","mouse","move","1198","400"]
["agent-browser","--session","phase-synth","--json","mouse","down","left"]
["agent-browser","--session","phase-synth","--json","mouse","move","1201","400"]
["agent-browser","--session","phase-synth","--json","mouse","up","left"]
["agent-browser","--session","phase-synth","--json","scrollintoview","[aria-label=\"LFO rate\"]"]
["agent-browser","--session","phase-synth","--json","eval","--stdin"]
STDIN: (()=>{const e=document.querySelector("[aria-label=\"LFO rate\"]");return {...e.getBoundingClientRect().toJSON(),value:+e.value,min:+e.min,max:+e.max}})()
["agent-browser","--session","phase-synth","--json","mouse","move","994","400"]
["agent-browser","--session","phase-synth","--json","mouse","down","left"]
["agent-browser","--session","phase-synth","--json","mouse","move","1002","400"]
["agent-browser","--session","phase-synth","--json","mouse","up","left"]
["agent-browser","--session","phase-synth","--json","scrollintoview","[aria-label=\"LFO depth\"]"]
["agent-browser","--session","phase-synth","--json","eval","--stdin"]
STDIN: (()=>{const e=document.querySelector("[aria-label=\"LFO depth\"]");return {...e.getBoundingClientRect().toJSON(),value:+e.value,min:+e.min,max:+e.max}})()
["agent-browser","--session","phase-synth","--json","mouse","move","1131","400"]
["agent-browser","--session","phase-synth","--json","mouse","down","left"]
["agent-browser","--session","phase-synth","--json","mouse","move","1159","400"]
["agent-browser","--session","phase-synth","--json","mouse","up","left"]
["agent-browser","--session","phase-synth","--json","select","[aria-label=\"LFO destination\"]","pitch"]
["agent-browser","--session","phase-synth","--json","eval","--stdin"]
STDIN: phase.getState()
["agent-browser","--session","phase-synth","--json","eval","--stdin"]
STDIN: phase.diagnostics()
["agent-browser","--session","phase-synth","--json","find","role","tab","click","--name","Step sequencer","--exact"]
["agent-browser","--session","phase-synth","--json","find","role","button","click","--name","Select Sub bass","--exact"]
["agent-browser","--session","phase-synth","--json","select","[aria-label=\"Track preset\"]","pluck"]
["agent-browser","--session","phase-synth","--json","scrollintoview","[aria-label=\"Instrument cutoff\"]"]
["agent-browser","--session","phase-synth","--json","eval","--stdin"]
STDIN: (()=>{const e=document.querySelector("[aria-label=\"Instrument cutoff\"]");return {...e.getBoundingClientRect().toJSON(),value:+e.value,min:+e.min,max:+e.max}})()
["agent-browser","--session","phase-synth","--json","mouse","move","1012","400"]
["agent-browser","--session","phase-synth","--json","mouse","down","left"]
["agent-browser","--session","phase-synth","--json","mouse","move","1011","400"]
["agent-browser","--session","phase-synth","--json","mouse","up","left"]
["agent-browser","--session","phase-synth","--json","scrollintoview","[aria-label=\"Instrument tuning\"]"]
["agent-browser","--session","phase-synth","--json","eval","--stdin"]
STDIN: (()=>{const e=document.querySelector("[aria-label=\"Instrument tuning\"]");return {...e.getBoundingClientRect().toJSON(),value:+e.value,min:+e.min,max:+e.max}})()
["agent-browser","--session","phase-synth","--json","mouse","move","1066","400"]
["agent-browser","--session","phase-synth","--json","mouse","down","left"]
["agent-browser","--session","phase-synth","--json","mouse","move","1080","400"]
["agent-browser","--session","phase-synth","--json","mouse","up","left"]
["agent-browser","--session","phase-synth","--json","select","[aria-label=\"LFO destination\"]","pan"]
["agent-browser","--session","phase-synth","--json","eval","--stdin"]
STDIN: phase.getState()
["agent-browser","--session","phase-synth","--json","find","role","tab","click","--name","Mixer","--exact"]
["agent-browser","--session","phase-synth","--json","scrollintoview","[aria-label=\"Glass keys volume\"]"]
["agent-browser","--session","phase-synth","--json","eval","--stdin"]
STDIN: (()=>{const e=document.querySelector("[aria-label=\"Glass keys volume\"]");return {...e.getBoundingClientRect().toJSON(),value:+e.value,min:+e.min,max:+e.max}})()
["agent-browser","--session","phase-synth","--json","mouse","move","105","389"]
["agent-browser","--session","phase-synth","--json","mouse","down","left"]
["agent-browser","--session","phase-synth","--json","mouse","move","105","406"]
["agent-browser","--session","phase-synth","--json","mouse","up","left"]
["agent-browser","--session","phase-synth","--json","scrollintoview","[aria-label=\"Glass keys pan\"]"]
["agent-browser","--session","phase-synth","--json","eval","--stdin"]
STDIN: (()=>{const e=document.querySelector("[aria-label=\"Glass keys pan\"]");return {...e.getBoundingClientRect().toJSON(),value:+e.value,min:+e.min,max:+e.max}})()
["agent-browser","--session","phase-synth","--json","mouse","move","105","400"]
["agent-browser","--session","phase-synth","--json","mouse","down","left"]
["agent-browser","--session","phase-synth","--json","mouse","move","146","400"]
["agent-browser","--session","phase-synth","--json","mouse","up","left"]
["agent-browser","--session","phase-synth","--json","scrollintoview","[aria-label=\"Glass keys delay send\"]"]
["agent-browser","--session","phase-synth","--json","eval","--stdin"]
STDIN: (()=>{const e=document.querySelector("[aria-label=\"Glass keys delay send\"]");return {...e.getBoundingClientRect().toJSON(),value:+e.value,min:+e.min,max:+e.max}})()
["agent-browser","--session","phase-synth","--json","mouse","move","105","400"]
["agent-browser","--session","phase-synth","--json","mouse","down","left"]
["agent-browser","--session","phase-synth","--json","mouse","move","138","400"]
["agent-browser","--session","phase-synth","--json","mouse","up","left"]
["agent-browser","--session","phase-synth","--json","scrollintoview","[aria-label=\"Glass keys reverb send\"]"]
["agent-browser","--session","phase-synth","--json","eval","--stdin"]
STDIN: (()=>{const e=document.querySelector("[aria-label=\"Glass keys reverb send\"]");return {...e.getBoundingClientRect().toJSON(),value:+e.value,min:+e.min,max:+e.max}})()
["agent-browser","--session","phase-synth","--json","mouse","move","105","400"]
["agent-browser","--session","phase-synth","--json","mouse","down","left"]
["agent-browser","--session","phase-synth","--json","mouse","move","129","400"]
["agent-browser","--session","phase-synth","--json","mouse","up","left"]
["agent-browser","--session","phase-synth","--json","eval","--stdin"]
STDIN: phase.getState()
["agent-browser","--session","phase-synth","--json","screenshot","--full","/home/pyro/projects/naked/astra/bench/03-modular-synth/evidence/screenshots/desktop-mixer.png"]
["agent-browser","--session","phase-synth","--json","click","#mixer [data-mix=\"mute\"][data-track=\"0\"]"]
["agent-browser","--session","phase-synth","--json","wait","--fn","phase.diagnostics().trackLevels[0] < 0.000001"]
["agent-browser","--session","phase-synth","--json","eval","--stdin"]
STDIN: (async()=>{const out=[];const end=performance.now()+250;while(performance.now()<end){out.push(phase.diagnostics());await new Promise(r=>setTimeout(r,35))}return out})()
["agent-browser","--session","phase-synth","--json","click","#mixer [data-mix=\"mute\"][data-track=\"0\"]"]
["agent-browser","--session","phase-synth","--json","click","#mixer [data-mix=\"solo\"][data-track=\"1\"]"]
["agent-browser","--session","phase-synth","--json","wait","--fn","phase.diagnostics().trackLevels.every((v,i)=>i===1 || v<0.000001)"]
["agent-browser","--session","phase-synth","--json","eval","--stdin"]
STDIN: (async()=>{const out=[];const end=performance.now()+700;while(performance.now()<end){out.push(phase.diagnostics());await new Promise(r=>setTimeout(r,35))}return out})()
["agent-browser","--session","phase-synth","--json","click","#mixer [data-mix=\"solo\"][data-track=\"1\"]"]
["agent-browser","--session","phase-synth","--json","fill","[aria-label=\"Tempo\"]","128"]
["agent-browser","--session","phase-synth","--json","press","Tab"]
["agent-browser","--session","phase-synth","--json","scrollintoview","[aria-label=\"Swing\"]"]
["agent-browser","--session","phase-synth","--json","eval","--stdin"]
STDIN: (()=>{const e=document.querySelector("[aria-label=\"Swing\"]");return {...e.getBoundingClientRect().toJSON(),value:+e.value,min:+e.min,max:+e.max}})()
["agent-browser","--session","phase-synth","--json","mouse","move","373","218"]
["agent-browser","--session","phase-synth","--json","mouse","down","left"]
["agent-browser","--session","phase-synth","--json","mouse","move","388","218"]
["agent-browser","--session","phase-synth","--json","mouse","up","left"]
["agent-browser","--session","phase-synth","--json","select","[aria-label=\"Pattern length\"]","8"]
["agent-browser","--session","phase-synth","--json","eval","--stdin"]
STDIN: (async()=>{const out=[];const end=performance.now()+1800;while(performance.now()<end){out.push(phase.diagnostics());await new Promise(r=>setTimeout(r,35))}return out})()
["agent-browser","--session","phase-synth","--json","eval","--stdin"]
STDIN: phase.getState()
["agent-browser","--session","phase-synth","--json","eval","--stdin"]
STDIN: phase.getState()
["agent-browser","--session","phase-synth","--json","eval","--stdin"]
STDIN: phase.getState()
["agent-browser","--session","phase-synth","--json","find","role","button","click","--name","Metronome","--exact"]
["agent-browser","--session","phase-synth","--json","eval","--stdin"]
STDIN: phase.getState()
["agent-browser","--session","phase-synth","--json","find","role","button","click","--name","Metronome","--exact"]
["agent-browser","--session","phase-synth","--json","eval","--stdin"]
STDIN: phase.getState()
["agent-browser","--session","phase-synth","--json","eval","--stdin"]
STDIN: phase.getState()
["agent-browser","--session","phase-synth","--json","find","role","button","click","--name","Pause","--exact"]
["agent-browser","--session","phase-synth","--json","wait","--fn","phase.diagnostics().activeVoices===0"]
["agent-browser","--session","phase-synth","--json","eval","--stdin"]
STDIN: phase.diagnostics()
["agent-browser","--session","phase-synth","--json","eval","--stdin"]
STDIN: (async()=>{const out=[];const end=performance.now()+300;while(performance.now()<end){out.push(phase.diagnostics());await new Promise(r=>setTimeout(r,35))}return out})()
["agent-browser","--session","phase-synth","--json","find","role","button","click","--name","Play","--exact"]
["agent-browser","--session","phase-synth","--json","wait","--fn","phase.diagnostics().playing && phase.diagnostics().activeVoices>0"]
["agent-browser","--session","phase-synth","--json","find","role","button","click","--name","Stop","--exact"]
["agent-browser","--session","phase-synth","--json","eval","--stdin"]
STDIN: phase.diagnostics()
["agent-browser","--session","phase-synth","--json","eval","--stdin"]
STDIN: phase.diagnostics()
["agent-browser","--session","phase-synth","--json","find","role","button","click","--name","Restart from beginning","--exact"]
["agent-browser","--session","phase-synth","--json","wait","--fn","phase.diagnostics().playing && phase.diagnostics().rms>0.001"]
["agent-browser","--session","phase-synth","--json","find","role","button","click","--name","Stop","--exact"]
["agent-browser","--session","phase-synth","--json","eval","--stdin"]
STDIN: phase.diagnostics()
["agent-browser","--session","phase-synth","--json","find","role","tab","click","--name","Step sequencer","--exact"]
["agent-browser","--session","phase-synth","--json","find","role","button","click","--name","Select Glass keys","--exact"]
["agent-browser","--session","phase-synth","--json","click","#project-name"]
["agent-browser","--session","phase-synth","--json","keydown","a"]
["agent-browser","--session","phase-synth","--json","keydown","s"]
["agent-browser","--session","phase-synth","--json","keydown","d"]
["agent-browser","--session","phase-synth","--json","eval","--stdin"]
STDIN: phase.diagnostics()
agent-browser --session phase-synth keyup a 
agent-browser --session phase-synth keyup s 
agent-browser --session phase-synth keyup d 
agent-browser --session phase-synth eval window.__keyTrace=\[\]\;document.addEventListener\(\"keydown\"\,e=\>__keyTrace.push\(\{key:e.key\,code:e.code\,repeat:e.repeat\,trusted:e.isTrusted\}\)\,\{capture:true\}\) 
agent-browser --session phase-synth keydown a 
agent-browser --session phase-synth keydown s 
agent-browser --session phase-synth keydown d 
agent-browser --session phase-synth eval \(\{events:__keyTrace\,held:phase.diagnostics\(\).heldInputs\}\) 
agent-browser --session phase-synth keyup a 
agent-browser --session phase-synth keyup s 
agent-browser --session phase-synth keyup d 
["agent-browser","--session","phase-synth","--json","reload"]
["agent-browser","--session","phase-synth","--json","wait","--fn","document.readyState===\"complete\" && typeof phase===\"object\""]
["agent-browser","--session","phase-synth","--json","eval","--stdin"]
STDIN: window.__NativeAudioContext=window.AudioContext;window.AudioContext=class extends __NativeAudioContext {constructor(options){super({...options,sinkId:{type:'none'}})}}
["agent-browser","--session","phase-synth","--json","select","[aria-label=\"Song preset\"]","sunrise"]
["agent-browser","--session","phase-synth","--json","select","[aria-label=\"Song preset\"]","midnight"]
["agent-browser","--session","phase-synth","--json","find","role","button","click","--name","Enable audio","--exact"]
["agent-browser","--session","phase-synth","--json","wait","--fn","phase.diagnostics().context===\"running\" && phase.diagnostics().audioTime>0.1"]
["agent-browser","--session","phase-synth","--json","find","role","button","click","--name","Play","--exact"]
["agent-browser","--session","phase-synth","--json","eval","--stdin"]
STDIN: (async()=>{const out=[];const end=performance.now()+2500;while(performance.now()<end){out.push(phase.diagnostics());await new Promise(r=>setTimeout(r,35))}return out})()
["agent-browser","--session","phase-synth","--json","screenshot","/home/pyro/projects/naked/astra/bench/03-modular-synth/evidence/screenshots/desktop-regression-playing.png"]
["agent-browser","--session","phase-synth","--json","find","role","button","click","--name","Glass keys step 2, off, D4, velocity 75%","--exact"]
["agent-browser","--session","phase-synth","--json","eval","--stdin"]
STDIN: phase.getState()
["agent-browser","--session","phase-synth","--json","get","cdp-url"]
["agent-browser","--session","phase-synth","--json","eval","--stdin"]
STDIN: document.querySelector(".step[data-track=\"0\"][data-step=\"1\"]").getBoundingClientRect().toJSON()
["agent-browser","--session","phase-synth","--json","eval","--stdin"]
STDIN: phase.getState()
["agent-browser","--session","phase-synth","--json","select","[aria-label=\"Selected step pitch\"]","67"]
["agent-browser","--session","phase-synth","--json","scrollintoview","[aria-label=\"Selected step velocity\"]"]
["agent-browser","--session","phase-synth","--json","eval","--stdin"]
STDIN: (()=>{const e=document.querySelector("[aria-label=\"Selected step velocity\"]");return {...e.getBoundingClientRect().toJSON(),value:+e.value,min:+e.min,max:+e.max}})()
["agent-browser","--session","phase-synth","--json","mouse","move","334","400"]
["agent-browser","--session","phase-synth","--json","mouse","down","left"]
["agent-browser","--session","phase-synth","--json","mouse","move","324","400"]
["agent-browser","--session","phase-synth","--json","mouse","up","left"]
["agent-browser","--session","phase-synth","--json","scrollintoview","[aria-label=\"Selected step gate length\"]"]
["agent-browser","--session","phase-synth","--json","eval","--stdin"]
STDIN: (()=>{const e=document.querySelector("[aria-label=\"Selected step gate length\"]");return {...e.getBoundingClientRect().toJSON(),value:+e.value,min:+e.min,max:+e.max}})()
["agent-browser","--session","phase-synth","--json","mouse","move","436","400"]
["agent-browser","--session","phase-synth","--json","mouse","down","left"]
["agent-browser","--session","phase-synth","--json","mouse","move","444","400"]
["agent-browser","--session","phase-synth","--json","mouse","up","left"]
["agent-browser","--session","phase-synth","--json","eval","--stdin"]
STDIN: phase.getState()
["agent-browser","--session","phase-synth","--json","eval","--stdin"]
STDIN: phase.diagnostics()
["agent-browser","--session","phase-synth","--json","find","role","tab","click","--name","Piano roll","--exact"]
["agent-browser","--session","phase-synth","--json","click","[aria-label=\"F4 step 2\"]"]
["agent-browser","--session","phase-synth","--json","click","[aria-label=\"A4 step 2\"]"]
["agent-browser","--session","phase-synth","--json","eval","--stdin"]
STDIN: phase.getState()
["agent-browser","--session","phase-synth","--json","click","[aria-label=\"F4 step 2\"]"]
["agent-browser","--session","phase-synth","--json","eval","--stdin"]
STDIN: phase.getState()
["agent-browser","--session","phase-synth","--json","eval","--stdin"]
STDIN: document.querySelector('[data-note="61"][data-column="2"]').disabled
["agent-browser","--session","phase-synth","--json","uncheck","#scale-lock"]
["agent-browser","--session","phase-synth","--json","click","[aria-label=\"C♯4 step 3\"]"]
["agent-browser","--session","phase-synth","--json","eval","--stdin"]
STDIN: phase.getState()
["agent-browser","--session","phase-synth","--json","check","#scale-lock"]
["agent-browser","--session","phase-synth","--json","screenshot","--full","/home/pyro/projects/naked/astra/bench/03-modular-synth/evidence/screenshots/desktop-piano-roll.png"]
["agent-browser","--session","phase-synth","--json","eval","--stdin"]
STDIN: phase.getState()
["agent-browser","--session","phase-synth","--json","find","role","button","click","--name","sawtooth waveform","--exact"]
["agent-browser","--session","phase-synth","--json","select","[aria-label=\"Instrument polyphony\"]","4"]
["agent-browser","--session","phase-synth","--json","scrollintoview","[aria-label=\"Instrument attack\"]"]
["agent-browser","--session","phase-synth","--json","eval","--stdin"]
STDIN: (()=>{const e=document.querySelector("[aria-label=\"Instrument attack\"]");return {...e.getBoundingClientRect().toJSON(),value:+e.value,min:+e.min,max:+e.max}})()
["agent-browser","--session","phase-synth","--json","mouse","move","1000","400"]
["agent-browser","--session","phase-synth","--json","mouse","down","left"]
["agent-browser","--session","phase-synth","--json","mouse","move","1001","400"]
["agent-browser","--session","phase-synth","--json","mouse","up","left"]
["agent-browser","--session","phase-synth","--json","scrollintoview","[aria-label=\"Instrument decay\"]"]
["agent-browser","--session","phase-synth","--json","eval","--stdin"]
STDIN: (()=>{const e=document.querySelector("[aria-label=\"Instrument decay\"]");return {...e.getBoundingClientRect().toJSON(),value:+e.value,min:+e.min,max:+e.max}})()
["agent-browser","--session","phase-synth","--json","mouse","move","1069","400"]
["agent-browser","--session","phase-synth","--json","mouse","down","left"]
["agent-browser","--session","phase-synth","--json","mouse","move","1070","400"]
["agent-browser","--session","phase-synth","--json","mouse","up","left"]
["agent-browser","--session","phase-synth","--json","scrollintoview","[aria-label=\"Instrument sustain\"]"]
["agent-browser","--session","phase-synth","--json","eval","--stdin"]
STDIN: (()=>{const e=document.querySelector("[aria-label=\"Instrument sustain\"]");return {...e.getBoundingClientRect().toJSON(),value:+e.value,min:+e.min,max:+e.max}})()
["agent-browser","--session","phase-synth","--json","mouse","move","1135","400"]
["agent-browser","--session","phase-synth","--json","mouse","down","left"]
["agent-browser","--session","phase-synth","--json","mouse","move","1138","400"]
["agent-browser","--session","phase-synth","--json","mouse","up","left"]
["agent-browser","--session","phase-synth","--json","scrollintoview","[aria-label=\"Instrument release\"]"]
["agent-browser","--session","phase-synth","--json","eval","--stdin"]
STDIN: (()=>{const e=document.querySelector("[aria-label=\"Instrument release\"]");return {...e.getBoundingClientRect().toJSON(),value:+e.value,min:+e.min,max:+e.max}})()
["agent-browser","--session","phase-synth","--json","mouse","move","1197","400"]
["agent-browser","--session","phase-synth","--json","mouse","down","left"]
["agent-browser","--session","phase-synth","--json","mouse","move","1196","400"]
["agent-browser","--session","phase-synth","--json","mouse","up","left"]
["agent-browser","--session","phase-synth","--json","scrollintoview","[aria-label=\"Instrument cutoff\"]"]
["agent-browser","--session","phase-synth","--json","eval","--stdin"]
STDIN: (()=>{const e=document.querySelector("[aria-label=\"Instrument cutoff\"]");return {...e.getBoundingClientRect().toJSON(),value:+e.value,min:+e.min,max:+e.max}})()
["agent-browser","--session","phase-synth","--json","mouse","move","1014","400"]
["agent-browser","--session","phase-synth","--json","mouse","down","left"]
["agent-browser","--session","phase-synth","--json","mouse","move","1025","400"]
["agent-browser","--session","phase-synth","--json","mouse","up","left"]
["agent-browser","--session","phase-synth","--json","scrollintoview","[aria-label=\"Instrument resonance\"]"]
["agent-browser","--session","phase-synth","--json","eval","--stdin"]
STDIN: (()=>{const e=document.querySelector("[aria-label=\"Instrument resonance\"]");return {...e.getBoundingClientRect().toJSON(),value:+e.value,min:+e.min,max:+e.max}})()
["agent-browser","--session","phase-synth","--json","mouse","move","1097","400"]
["agent-browser","--session","phase-synth","--json","mouse","down","left"]
["agent-browser","--session","phase-synth","--json","mouse","move","1102","400"]
["agent-browser","--session","phase-synth","--json","mouse","up","left"]
["agent-browser","--session","phase-synth","--json","scrollintoview","[aria-label=\"Instrument env amt\"]"]
["agent-browser","--session","phase-synth","--json","eval","--stdin"]
STDIN: (()=>{const e=document.querySelector("[aria-label=\"Instrument env amt\"]");return {...e.getBoundingClientRect().toJSON(),value:+e.value,min:+e.min,max:+e.max}})()
["agent-browser","--session","phase-synth","--json","mouse","move","1198","400"]
["agent-browser","--session","phase-synth","--json","mouse","down","left"]
["agent-browser","--session","phase-synth","--json","mouse","move","1201","400"]
["agent-browser","--session","phase-synth","--json","mouse","up","left"]
["agent-browser","--session","phase-synth","--json","scrollintoview","[aria-label=\"LFO rate\"]"]
["agent-browser","--session","phase-synth","--json","eval","--stdin"]
STDIN: (()=>{const e=document.querySelector("[aria-label=\"LFO rate\"]");return {...e.getBoundingClientRect().toJSON(),value:+e.value,min:+e.min,max:+e.max}})()
["agent-browser","--session","phase-synth","--json","mouse","move","994","400"]
["agent-browser","--session","phase-synth","--json","mouse","down","left"]
["agent-browser","--session","phase-synth","--json","mouse","move","1002","400"]
["agent-browser","--session","phase-synth","--json","mouse","up","left"]
["agent-browser","--session","phase-synth","--json","scrollintoview","[aria-label=\"LFO depth\"]"]
["agent-browser","--session","phase-synth","--json","eval","--stdin"]
STDIN: (()=>{const e=document.querySelector("[aria-label=\"LFO depth\"]");return {...e.getBoundingClientRect().toJSON(),value:+e.value,min:+e.min,max:+e.max}})()
["agent-browser","--session","phase-synth","--json","mouse","move","1131","400"]
["agent-browser","--session","phase-synth","--json","mouse","down","left"]
["agent-browser","--session","phase-synth","--json","mouse","move","1159","400"]
["agent-browser","--session","phase-synth","--json","mouse","up","left"]
["agent-browser","--session","phase-synth","--json","select","[aria-label=\"LFO destination\"]","pitch"]
["agent-browser","--session","phase-synth","--json","eval","--stdin"]
STDIN: phase.getState()
["agent-browser","--session","phase-synth","--json","eval","--stdin"]
STDIN: phase.diagnostics()
["agent-browser","--session","phase-synth","--json","find","role","tab","click","--name","Step sequencer","--exact"]
["agent-browser","--session","phase-synth","--json","find","role","button","click","--name","Select Sub bass","--exact"]
["agent-browser","--session","phase-synth","--json","select","[aria-label=\"Track preset\"]","pluck"]
["agent-browser","--session","phase-synth","--json","scrollintoview","[aria-label=\"Instrument cutoff\"]"]
["agent-browser","--session","phase-synth","--json","eval","--stdin"]
STDIN: (()=>{const e=document.querySelector("[aria-label=\"Instrument cutoff\"]");return {...e.getBoundingClientRect().toJSON(),value:+e.value,min:+e.min,max:+e.max}})()
["agent-browser","--session","phase-synth","--json","mouse","move","1012","400"]
["agent-browser","--session","phase-synth","--json","mouse","down","left"]
["agent-browser","--session","phase-synth","--json","mouse","move","1011","400"]
["agent-browser","--session","phase-synth","--json","mouse","up","left"]
["agent-browser","--session","phase-synth","--json","scrollintoview","[aria-label=\"Instrument tuning\"]"]
["agent-browser","--session","phase-synth","--json","eval","--stdin"]
STDIN: (()=>{const e=document.querySelector("[aria-label=\"Instrument tuning\"]");return {...e.getBoundingClientRect().toJSON(),value:+e.value,min:+e.min,max:+e.max}})()
["agent-browser","--session","phase-synth","--json","mouse","move","1066","400"]
["agent-browser","--session","phase-synth","--json","mouse","down","left"]
["agent-browser","--session","phase-synth","--json","mouse","move","1080","400"]
["agent-browser","--session","phase-synth","--json","mouse","up","left"]
["agent-browser","--session","phase-synth","--json","select","[aria-label=\"LFO destination\"]","pan"]
["agent-browser","--session","phase-synth","--json","eval","--stdin"]
STDIN: phase.getState()
["agent-browser","--session","phase-synth","--json","find","role","tab","click","--name","Mixer","--exact"]
["agent-browser","--session","phase-synth","--json","scrollintoview","[aria-label=\"Glass keys volume\"]"]
["agent-browser","--session","phase-synth","--json","eval","--stdin"]
STDIN: (()=>{const e=document.querySelector("[aria-label=\"Glass keys volume\"]");return {...e.getBoundingClientRect().toJSON(),value:+e.value,min:+e.min,max:+e.max}})()
["agent-browser","--session","phase-synth","--json","mouse","move","105","389"]
["agent-browser","--session","phase-synth","--json","mouse","down","left"]
["agent-browser","--session","phase-synth","--json","mouse","move","105","406"]
["agent-browser","--session","phase-synth","--json","mouse","up","left"]
["agent-browser","--session","phase-synth","--json","scrollintoview","[aria-label=\"Glass keys pan\"]"]
["agent-browser","--session","phase-synth","--json","eval","--stdin"]
STDIN: (()=>{const e=document.querySelector("[aria-label=\"Glass keys pan\"]");return {...e.getBoundingClientRect().toJSON(),value:+e.value,min:+e.min,max:+e.max}})()
["agent-browser","--session","phase-synth","--json","mouse","move","105","400"]
["agent-browser","--session","phase-synth","--json","mouse","down","left"]
["agent-browser","--session","phase-synth","--json","mouse","move","146","400"]
["agent-browser","--session","phase-synth","--json","mouse","up","left"]
["agent-browser","--session","phase-synth","--json","scrollintoview","[aria-label=\"Glass keys delay send\"]"]
["agent-browser","--session","phase-synth","--json","eval","--stdin"]
STDIN: (()=>{const e=document.querySelector("[aria-label=\"Glass keys delay send\"]");return {...e.getBoundingClientRect().toJSON(),value:+e.value,min:+e.min,max:+e.max}})()
["agent-browser","--session","phase-synth","--json","mouse","move","105","400"]
["agent-browser","--session","phase-synth","--json","mouse","down","left"]
["agent-browser","--session","phase-synth","--json","mouse","move","138","400"]
["agent-browser","--session","phase-synth","--json","mouse","up","left"]
["agent-browser","--session","phase-synth","--json","scrollintoview","[aria-label=\"Glass keys reverb send\"]"]
["agent-browser","--session","phase-synth","--json","eval","--stdin"]
STDIN: (()=>{const e=document.querySelector("[aria-label=\"Glass keys reverb send\"]");return {...e.getBoundingClientRect().toJSON(),value:+e.value,min:+e.min,max:+e.max}})()
["agent-browser","--session","phase-synth","--json","mouse","move","105","400"]
["agent-browser","--session","phase-synth","--json","mouse","down","left"]
["agent-browser","--session","phase-synth","--json","mouse","move","129","400"]
["agent-browser","--session","phase-synth","--json","mouse","up","left"]
["agent-browser","--session","phase-synth","--json","eval","--stdin"]
STDIN: phase.getState()
["agent-browser","--session","phase-synth","--json","screenshot","--full","/home/pyro/projects/naked/astra/bench/03-modular-synth/evidence/screenshots/desktop-mixer.png"]
["agent-browser","--session","phase-synth","--json","click","#mixer [data-mix=\"mute\"][data-track=\"0\"]"]
["agent-browser","--session","phase-synth","--json","wait","--fn","phase.diagnostics().trackLevels[0] < 0.000001"]
["agent-browser","--session","phase-synth","--json","eval","--stdin"]
STDIN: (async()=>{const out=[];const end=performance.now()+250;while(performance.now()<end){out.push(phase.diagnostics());await new Promise(r=>setTimeout(r,35))}return out})()
["agent-browser","--session","phase-synth","--json","click","#mixer [data-mix=\"mute\"][data-track=\"0\"]"]
["agent-browser","--session","phase-synth","--json","click","#mixer [data-mix=\"solo\"][data-track=\"1\"]"]
["agent-browser","--session","phase-synth","--json","wait","--fn","phase.diagnostics().trackLevels.every((v,i)=>i===1 || v<0.000001)"]
["agent-browser","--session","phase-synth","--json","eval","--stdin"]
STDIN: (async()=>{const out=[];const end=performance.now()+700;while(performance.now()<end){out.push(phase.diagnostics());await new Promise(r=>setTimeout(r,35))}return out})()
["agent-browser","--session","phase-synth","--json","click","#mixer [data-mix=\"solo\"][data-track=\"1\"]"]
["agent-browser","--session","phase-synth","--json","fill","[aria-label=\"Tempo\"]","128"]
["agent-browser","--session","phase-synth","--json","press","Tab"]
["agent-browser","--session","phase-synth","--json","scrollintoview","[aria-label=\"Swing\"]"]
["agent-browser","--session","phase-synth","--json","eval","--stdin"]
STDIN: (()=>{const e=document.querySelector("[aria-label=\"Swing\"]");return {...e.getBoundingClientRect().toJSON(),value:+e.value,min:+e.min,max:+e.max}})()
["agent-browser","--session","phase-synth","--json","mouse","move","373","218"]
["agent-browser","--session","phase-synth","--json","mouse","down","left"]
["agent-browser","--session","phase-synth","--json","mouse","move","388","218"]
["agent-browser","--session","phase-synth","--json","mouse","up","left"]
["agent-browser","--session","phase-synth","--json","select","[aria-label=\"Pattern length\"]","8"]
["agent-browser","--session","phase-synth","--json","eval","--stdin"]
STDIN: (async()=>{const out=[];const end=performance.now()+1800;while(performance.now()<end){out.push(phase.diagnostics());await new Promise(r=>setTimeout(r,35))}return out})()
["agent-browser","--session","phase-synth","--json","eval","--stdin"]
STDIN: phase.getState()
["agent-browser","--session","phase-synth","--json","eval","--stdin"]
STDIN: phase.getState()
["agent-browser","--session","phase-synth","--json","eval","--stdin"]
STDIN: phase.getState()
["agent-browser","--session","phase-synth","--json","find","role","button","click","--name","Metronome","--exact"]
["agent-browser","--session","phase-synth","--json","eval","--stdin"]
STDIN: phase.getState()
["agent-browser","--session","phase-synth","--json","find","role","button","click","--name","Metronome","--exact"]
["agent-browser","--session","phase-synth","--json","eval","--stdin"]
STDIN: phase.getState()
["agent-browser","--session","phase-synth","--json","eval","--stdin"]
STDIN: phase.getState()
["agent-browser","--session","phase-synth","--json","find","role","button","click","--name","Pause","--exact"]
["agent-browser","--session","phase-synth","--json","wait","--fn","phase.diagnostics().activeVoices===0"]
["agent-browser","--session","phase-synth","--json","eval","--stdin"]
STDIN: phase.diagnostics()
["agent-browser","--session","phase-synth","--json","eval","--stdin"]
STDIN: (async()=>{const out=[];const end=performance.now()+300;while(performance.now()<end){out.push(phase.diagnostics());await new Promise(r=>setTimeout(r,35))}return out})()
["agent-browser","--session","phase-synth","--json","find","role","button","click","--name","Play","--exact"]
["agent-browser","--session","phase-synth","--json","wait","--fn","phase.diagnostics().playing && phase.diagnostics().activeVoices>0"]
["agent-browser","--session","phase-synth","--json","find","role","button","click","--name","Stop","--exact"]
["agent-browser","--session","phase-synth","--json","eval","--stdin"]
STDIN: phase.diagnostics()
["agent-browser","--session","phase-synth","--json","eval","--stdin"]
STDIN: phase.diagnostics()
["agent-browser","--session","phase-synth","--json","find","role","button","click","--name","Restart from beginning","--exact"]
["agent-browser","--session","phase-synth","--json","wait","--fn","phase.diagnostics().playing && phase.diagnostics().rms>0.001"]
["agent-browser","--session","phase-synth","--json","find","role","button","click","--name","Stop","--exact"]
["agent-browser","--session","phase-synth","--json","eval","--stdin"]
STDIN: phase.diagnostics()
["agent-browser","--session","phase-synth","--json","find","role","tab","click","--name","Step sequencer","--exact"]
["agent-browser","--session","phase-synth","--json","find","role","button","click","--name","Select Glass keys","--exact"]
["agent-browser","--session","phase-synth","--json","click","#project-name"]
["agent-browser","--session","phase-synth","--json","keydown","a"]
["agent-browser","--session","phase-synth","--json","keydown","s"]
["agent-browser","--session","phase-synth","--json","keydown","d"]
["agent-browser","--session","phase-synth","--json","eval","--stdin"]
STDIN: phase.diagnostics()
["agent-browser","--session","phase-synth","--json","eval","--stdin"]
STDIN: phase.diagnostics()
agent-browser --session phase-synth eval phase.diagnostics\(\) 
agent-browser --session phase-synth keyup a 
agent-browser --session phase-synth keyup s 
agent-browser --session phase-synth keyup d 
["agent-browser","--session","phase-synth","--json","eval","--stdin"]
STDIN: (async()=>{const p=Core.makeProject();p.tracks[0].poly=1;const c=new OfflineAudioContext(2,44100,44100),e=new PhaseEngine(c,p);e.synth(0,60,.8,0,.04);e.synth(0,64,.8,.1,.04);const voicesAt150ms=e.voices.filter(v=>v.start<=.15&&v.end>.15).length;const b=await c.startRendering();let peak=0;for(const x of b.getChannelData(0))peak=Math.max(peak,Math.abs(x));return{voicesAt150ms,peak}})()
agent-browser --session phase-synth reload 
["agent-browser","--session","phase-synth","--json","eval","--stdin"]
STDIN: (async()=>{const p=Core.makeProject();p.tracks[0].poly=1;const c=new OfflineAudioContext(2,44100,44100),e=new PhaseEngine(c,p);e.synth(0,60,.8,0,.04);e.synth(0,64,.8,.1,.04);const voicesAt150ms=e.voices.filter(v=>v.start<=.15&&v.end>.15).length;const b=await c.startRendering();let peak=0;for(const x of b.getChannelData(0))peak=Math.max(peak,Math.abs(x));return{voicesAt150ms,peak}})()
["agent-browser","--session","phase-synth","--json","reload"]
["agent-browser","--session","phase-synth","--json","wait","--fn","document.readyState===\"complete\" && typeof phase===\"object\""]
["agent-browser","--session","phase-synth","--json","eval","--stdin"]
STDIN: window.__NativeAudioContext=window.AudioContext;window.AudioContext=class extends __NativeAudioContext {constructor(options){super({...options,sinkId:{type:'none'}})}}
["agent-browser","--session","phase-synth","--json","select","[aria-label=\"Song preset\"]","sunrise"]
["agent-browser","--session","phase-synth","--json","select","[aria-label=\"Song preset\"]","midnight"]
["agent-browser","--session","phase-synth","--json","find","role","button","click","--name","Enable audio","--exact"]
["agent-browser","--session","phase-synth","--json","wait","--fn","phase.diagnostics().context===\"running\" && phase.diagnostics().audioTime>0.1"]
["agent-browser","--session","phase-synth","--json","find","role","button","click","--name","Play","--exact"]
["agent-browser","--session","phase-synth","--json","eval","--stdin"]
STDIN: (async()=>{const out=[];const end=performance.now()+2500;while(performance.now()<end){out.push(phase.diagnostics());await new Promise(r=>setTimeout(r,35))}return out})()
["agent-browser","--session","phase-synth","--json","screenshot","/home/pyro/projects/naked/astra/bench/03-modular-synth/evidence/screenshots/desktop-regression-playing.png"]
["agent-browser","--session","phase-synth","--json","find","role","button","click","--name","Glass keys step 2, off, D4, velocity 75%","--exact"]
["agent-browser","--session","phase-synth","--json","eval","--stdin"]
STDIN: phase.getState()
["agent-browser","--session","phase-synth","--json","get","cdp-url"]
["agent-browser","--session","phase-synth","--json","eval","--stdin"]
STDIN: document.querySelector(".step[data-track=\"0\"][data-step=\"1\"]").getBoundingClientRect().toJSON()
["agent-browser","--session","phase-synth","--json","eval","--stdin"]
STDIN: phase.getState()
["agent-browser","--session","phase-synth","--json","select","[aria-label=\"Selected step pitch\"]","67"]
["agent-browser","--session","phase-synth","--json","scrollintoview","[aria-label=\"Selected step velocity\"]"]
["agent-browser","--session","phase-synth","--json","eval","--stdin"]
STDIN: (()=>{const e=document.querySelector("[aria-label=\"Selected step velocity\"]");return {...e.getBoundingClientRect().toJSON(),value:+e.value,min:+e.min,max:+e.max}})()
["agent-browser","--session","phase-synth","--json","mouse","move","334","400"]
["agent-browser","--session","phase-synth","--json","mouse","down","left"]
["agent-browser","--session","phase-synth","--json","mouse","move","324","400"]
["agent-browser","--session","phase-synth","--json","mouse","up","left"]
["agent-browser","--session","phase-synth","--json","scrollintoview","[aria-label=\"Selected step gate length\"]"]
["agent-browser","--session","phase-synth","--json","eval","--stdin"]
STDIN: (()=>{const e=document.querySelector("[aria-label=\"Selected step gate length\"]");return {...e.getBoundingClientRect().toJSON(),value:+e.value,min:+e.min,max:+e.max}})()
["agent-browser","--session","phase-synth","--json","mouse","move","436","400"]
["agent-browser","--session","phase-synth","--json","mouse","down","left"]
["agent-browser","--session","phase-synth","--json","mouse","move","444","400"]
["agent-browser","--session","phase-synth","--json","mouse","up","left"]
["agent-browser","--session","phase-synth","--json","eval","--stdin"]
STDIN: phase.getState()
["agent-browser","--session","phase-synth","--json","eval","--stdin"]
STDIN: phase.diagnostics()
["agent-browser","--session","phase-synth","--json","find","role","tab","click","--name","Piano roll","--exact"]
["agent-browser","--session","phase-synth","--json","click","[aria-label=\"F4 step 2\"]"]
["agent-browser","--session","phase-synth","--json","click","[aria-label=\"A4 step 2\"]"]
["agent-browser","--session","phase-synth","--json","eval","--stdin"]
STDIN: phase.getState()
["agent-browser","--session","phase-synth","--json","click","[aria-label=\"F4 step 2\"]"]
["agent-browser","--session","phase-synth","--json","eval","--stdin"]
STDIN: phase.getState()
["agent-browser","--session","phase-synth","--json","eval","--stdin"]
STDIN: document.querySelector('[data-note="61"][data-column="2"]').disabled
["agent-browser","--session","phase-synth","--json","uncheck","#scale-lock"]
["agent-browser","--session","phase-synth","--json","click","[aria-label=\"C♯4 step 3\"]"]
["agent-browser","--session","phase-synth","--json","eval","--stdin"]
STDIN: phase.getState()
["agent-browser","--session","phase-synth","--json","check","#scale-lock"]
["agent-browser","--session","phase-synth","--json","screenshot","--full","/home/pyro/projects/naked/astra/bench/03-modular-synth/evidence/screenshots/desktop-piano-roll.png"]
["agent-browser","--session","phase-synth","--json","eval","--stdin"]
STDIN: phase.getState()
["agent-browser","--session","phase-synth","--json","find","role","button","click","--name","sawtooth waveform","--exact"]
["agent-browser","--session","phase-synth","--json","select","[aria-label=\"Instrument polyphony\"]","4"]
["agent-browser","--session","phase-synth","--json","scrollintoview","[aria-label=\"Instrument attack\"]"]
["agent-browser","--session","phase-synth","--json","eval","--stdin"]
STDIN: (()=>{const e=document.querySelector("[aria-label=\"Instrument attack\"]");return {...e.getBoundingClientRect().toJSON(),value:+e.value,min:+e.min,max:+e.max}})()
["agent-browser","--session","phase-synth","--json","mouse","move","1000","400"]
["agent-browser","--session","phase-synth","--json","mouse","down","left"]
["agent-browser","--session","phase-synth","--json","mouse","move","1001","400"]
["agent-browser","--session","phase-synth","--json","mouse","up","left"]
["agent-browser","--session","phase-synth","--json","scrollintoview","[aria-label=\"Instrument decay\"]"]
["agent-browser","--session","phase-synth","--json","eval","--stdin"]
STDIN: (()=>{const e=document.querySelector("[aria-label=\"Instrument decay\"]");return {...e.getBoundingClientRect().toJSON(),value:+e.value,min:+e.min,max:+e.max}})()
["agent-browser","--session","phase-synth","--json","mouse","move","1069","400"]
["agent-browser","--session","phase-synth","--json","mouse","down","left"]
["agent-browser","--session","phase-synth","--json","mouse","move","1070","400"]
["agent-browser","--session","phase-synth","--json","mouse","up","left"]
["agent-browser","--session","phase-synth","--json","scrollintoview","[aria-label=\"Instrument sustain\"]"]
["agent-browser","--session","phase-synth","--json","eval","--stdin"]
STDIN: (()=>{const e=document.querySelector("[aria-label=\"Instrument sustain\"]");return {...e.getBoundingClientRect().toJSON(),value:+e.value,min:+e.min,max:+e.max}})()
["agent-browser","--session","phase-synth","--json","mouse","move","1135","400"]
["agent-browser","--session","phase-synth","--json","mouse","down","left"]
["agent-browser","--session","phase-synth","--json","mouse","move","1138","400"]
["agent-browser","--session","phase-synth","--json","mouse","up","left"]
["agent-browser","--session","phase-synth","--json","scrollintoview","[aria-label=\"Instrument release\"]"]
["agent-browser","--session","phase-synth","--json","eval","--stdin"]
STDIN: (()=>{const e=document.querySelector("[aria-label=\"Instrument release\"]");return {...e.getBoundingClientRect().toJSON(),value:+e.value,min:+e.min,max:+e.max}})()
["agent-browser","--session","phase-synth","--json","mouse","move","1197","400"]
["agent-browser","--session","phase-synth","--json","mouse","down","left"]
["agent-browser","--session","phase-synth","--json","mouse","move","1196","400"]
["agent-browser","--session","phase-synth","--json","mouse","up","left"]
["agent-browser","--session","phase-synth","--json","scrollintoview","[aria-label=\"Instrument cutoff\"]"]
["agent-browser","--session","phase-synth","--json","eval","--stdin"]
STDIN: (()=>{const e=document.querySelector("[aria-label=\"Instrument cutoff\"]");return {...e.getBoundingClientRect().toJSON(),value:+e.value,min:+e.min,max:+e.max}})()
["agent-browser","--session","phase-synth","--json","mouse","move","1014","400"]
["agent-browser","--session","phase-synth","--json","mouse","down","left"]
["agent-browser","--session","phase-synth","--json","mouse","move","1025","400"]
["agent-browser","--session","phase-synth","--json","mouse","up","left"]
["agent-browser","--session","phase-synth","--json","scrollintoview","[aria-label=\"Instrument resonance\"]"]
["agent-browser","--session","phase-synth","--json","eval","--stdin"]
STDIN: (()=>{const e=document.querySelector("[aria-label=\"Instrument resonance\"]");return {...e.getBoundingClientRect().toJSON(),value:+e.value,min:+e.min,max:+e.max}})()
["agent-browser","--session","phase-synth","--json","mouse","move","1097","400"]
["agent-browser","--session","phase-synth","--json","mouse","down","left"]
["agent-browser","--session","phase-synth","--json","mouse","move","1102","400"]
["agent-browser","--session","phase-synth","--json","mouse","up","left"]
["agent-browser","--session","phase-synth","--json","scrollintoview","[aria-label=\"Instrument env amt\"]"]
["agent-browser","--session","phase-synth","--json","eval","--stdin"]
STDIN: (()=>{const e=document.querySelector("[aria-label=\"Instrument env amt\"]");return {...e.getBoundingClientRect().toJSON(),value:+e.value,min:+e.min,max:+e.max}})()
["agent-browser","--session","phase-synth","--json","mouse","move","1198","400"]
["agent-browser","--session","phase-synth","--json","mouse","down","left"]
["agent-browser","--session","phase-synth","--json","mouse","move","1201","400"]
["agent-browser","--session","phase-synth","--json","mouse","up","left"]
["agent-browser","--session","phase-synth","--json","scrollintoview","[aria-label=\"LFO rate\"]"]
["agent-browser","--session","phase-synth","--json","eval","--stdin"]
STDIN: (()=>{const e=document.querySelector("[aria-label=\"LFO rate\"]");return {...e.getBoundingClientRect().toJSON(),value:+e.value,min:+e.min,max:+e.max}})()
["agent-browser","--session","phase-synth","--json","mouse","move","994","400"]
["agent-browser","--session","phase-synth","--json","mouse","down","left"]
["agent-browser","--session","phase-synth","--json","mouse","move","1002","400"]
["agent-browser","--session","phase-synth","--json","mouse","up","left"]
["agent-browser","--session","phase-synth","--json","scrollintoview","[aria-label=\"LFO depth\"]"]
["agent-browser","--session","phase-synth","--json","eval","--stdin"]
STDIN: (()=>{const e=document.querySelector("[aria-label=\"LFO depth\"]");return {...e.getBoundingClientRect().toJSON(),value:+e.value,min:+e.min,max:+e.max}})()
["agent-browser","--session","phase-synth","--json","mouse","move","1131","400"]
["agent-browser","--session","phase-synth","--json","mouse","down","left"]
["agent-browser","--session","phase-synth","--json","mouse","move","1159","400"]
["agent-browser","--session","phase-synth","--json","mouse","up","left"]
["agent-browser","--session","phase-synth","--json","select","[aria-label=\"LFO destination\"]","pitch"]
["agent-browser","--session","phase-synth","--json","eval","--stdin"]
STDIN: phase.getState()
["agent-browser","--session","phase-synth","--json","eval","--stdin"]
STDIN: phase.diagnostics()
["agent-browser","--session","phase-synth","--json","find","role","tab","click","--name","Step sequencer","--exact"]
["agent-browser","--session","phase-synth","--json","find","role","button","click","--name","Select Sub bass","--exact"]
["agent-browser","--session","phase-synth","--json","select","[aria-label=\"Track preset\"]","pluck"]
["agent-browser","--session","phase-synth","--json","scrollintoview","[aria-label=\"Instrument cutoff\"]"]
["agent-browser","--session","phase-synth","--json","eval","--stdin"]
STDIN: (()=>{const e=document.querySelector("[aria-label=\"Instrument cutoff\"]");return {...e.getBoundingClientRect().toJSON(),value:+e.value,min:+e.min,max:+e.max}})()
["agent-browser","--session","phase-synth","--json","mouse","move","1012","400"]
["agent-browser","--session","phase-synth","--json","mouse","down","left"]
["agent-browser","--session","phase-synth","--json","mouse","move","1011","400"]
["agent-browser","--session","phase-synth","--json","mouse","up","left"]
["agent-browser","--session","phase-synth","--json","scrollintoview","[aria-label=\"Instrument tuning\"]"]
["agent-browser","--session","phase-synth","--json","eval","--stdin"]
STDIN: (()=>{const e=document.querySelector("[aria-label=\"Instrument tuning\"]");return {...e.getBoundingClientRect().toJSON(),value:+e.value,min:+e.min,max:+e.max}})()
["agent-browser","--session","phase-synth","--json","mouse","move","1066","400"]
["agent-browser","--session","phase-synth","--json","mouse","down","left"]
["agent-browser","--session","phase-synth","--json","mouse","move","1080","400"]
["agent-browser","--session","phase-synth","--json","mouse","up","left"]
["agent-browser","--session","phase-synth","--json","select","[aria-label=\"LFO destination\"]","pan"]
["agent-browser","--session","phase-synth","--json","eval","--stdin"]
STDIN: phase.getState()
["agent-browser","--session","phase-synth","--json","find","role","tab","click","--name","Mixer","--exact"]
["agent-browser","--session","phase-synth","--json","scrollintoview","[aria-label=\"Glass keys volume\"]"]
["agent-browser","--session","phase-synth","--json","eval","--stdin"]
STDIN: (()=>{const e=document.querySelector("[aria-label=\"Glass keys volume\"]");return {...e.getBoundingClientRect().toJSON(),value:+e.value,min:+e.min,max:+e.max}})()
["agent-browser","--session","phase-synth","--json","mouse","move","105","389"]
["agent-browser","--session","phase-synth","--json","mouse","down","left"]
["agent-browser","--session","phase-synth","--json","mouse","move","105","406"]
["agent-browser","--session","phase-synth","--json","mouse","up","left"]
["agent-browser","--session","phase-synth","--json","scrollintoview","[aria-label=\"Glass keys pan\"]"]
["agent-browser","--session","phase-synth","--json","eval","--stdin"]
STDIN: (()=>{const e=document.querySelector("[aria-label=\"Glass keys pan\"]");return {...e.getBoundingClientRect().toJSON(),value:+e.value,min:+e.min,max:+e.max}})()
["agent-browser","--session","phase-synth","--json","mouse","move","105","400"]
["agent-browser","--session","phase-synth","--json","mouse","down","left"]
["agent-browser","--session","phase-synth","--json","mouse","move","146","400"]
["agent-browser","--session","phase-synth","--json","mouse","up","left"]
["agent-browser","--session","phase-synth","--json","scrollintoview","[aria-label=\"Glass keys delay send\"]"]
["agent-browser","--session","phase-synth","--json","eval","--stdin"]
STDIN: (()=>{const e=document.querySelector("[aria-label=\"Glass keys delay send\"]");return {...e.getBoundingClientRect().toJSON(),value:+e.value,min:+e.min,max:+e.max}})()
["agent-browser","--session","phase-synth","--json","mouse","move","105","400"]
["agent-browser","--session","phase-synth","--json","mouse","down","left"]
["agent-browser","--session","phase-synth","--json","mouse","move","138","400"]
["agent-browser","--session","phase-synth","--json","mouse","up","left"]
["agent-browser","--session","phase-synth","--json","scrollintoview","[aria-label=\"Glass keys reverb send\"]"]
["agent-browser","--session","phase-synth","--json","eval","--stdin"]
STDIN: (()=>{const e=document.querySelector("[aria-label=\"Glass keys reverb send\"]");return {...e.getBoundingClientRect().toJSON(),value:+e.value,min:+e.min,max:+e.max}})()
["agent-browser","--session","phase-synth","--json","mouse","move","105","400"]
["agent-browser","--session","phase-synth","--json","mouse","down","left"]
["agent-browser","--session","phase-synth","--json","mouse","move","129","400"]
["agent-browser","--session","phase-synth","--json","mouse","up","left"]
["agent-browser","--session","phase-synth","--json","eval","--stdin"]
STDIN: phase.getState()
["agent-browser","--session","phase-synth","--json","screenshot","--full","/home/pyro/projects/naked/astra/bench/03-modular-synth/evidence/screenshots/desktop-mixer.png"]
["agent-browser","--session","phase-synth","--json","click","#mixer [data-mix=\"mute\"][data-track=\"0\"]"]
["agent-browser","--session","phase-synth","--json","wait","--fn","phase.diagnostics().trackLevels[0] < 0.000001"]
["agent-browser","--session","phase-synth","--json","eval","--stdin"]
STDIN: (async()=>{const out=[];const end=performance.now()+250;while(performance.now()<end){out.push(phase.diagnostics());await new Promise(r=>setTimeout(r,35))}return out})()
["agent-browser","--session","phase-synth","--json","click","#mixer [data-mix=\"mute\"][data-track=\"0\"]"]
["agent-browser","--session","phase-synth","--json","click","#mixer [data-mix=\"solo\"][data-track=\"1\"]"]
["agent-browser","--session","phase-synth","--json","wait","--fn","phase.diagnostics().trackLevels.every((v,i)=>i===1 || v<0.000001)"]
["agent-browser","--session","phase-synth","--json","eval","--stdin"]
STDIN: (async()=>{const out=[];const end=performance.now()+700;while(performance.now()<end){out.push(phase.diagnostics());await new Promise(r=>setTimeout(r,35))}return out})()
["agent-browser","--session","phase-synth","--json","reload"]
["agent-browser","--session","phase-synth","--json","wait","--fn","document.readyState===\"complete\" && typeof phase===\"object\""]
["agent-browser","--session","phase-synth","--json","eval","--stdin"]
STDIN: window.__NativeAudioContext=window.AudioContext;window.AudioContext=class extends __NativeAudioContext {constructor(options){super({...options,sinkId:{type:'none'}})}}
["agent-browser","--session","phase-synth","--json","select","[aria-label=\"Song preset\"]","sunrise"]
["agent-browser","--session","phase-synth","--json","select","[aria-label=\"Song preset\"]","midnight"]
["agent-browser","--session","phase-synth","--json","find","role","button","click","--name","Enable audio","--exact"]
["agent-browser","--session","phase-synth","--json","wait","--fn","phase.diagnostics().context===\"running\" && phase.diagnostics().audioTime>0.1"]
["agent-browser","--session","phase-synth","--json","find","role","button","click","--name","Play","--exact"]
["agent-browser","--session","phase-synth","--json","eval","--stdin"]
STDIN: (async()=>{const out=[];const end=performance.now()+2500;while(performance.now()<end){out.push(phase.diagnostics());await new Promise(r=>setTimeout(r,35))}return out})()
["agent-browser","--session","phase-synth","--json","screenshot","/home/pyro/projects/naked/astra/bench/03-modular-synth/evidence/screenshots/desktop-regression-playing.png"]
["agent-browser","--session","phase-synth","--json","find","role","button","click","--name","Glass keys step 2, off, D4, velocity 75%","--exact"]
["agent-browser","--session","phase-synth","--json","eval","--stdin"]
STDIN: phase.getState()
["agent-browser","--session","phase-synth","--json","get","cdp-url"]
["agent-browser","--session","phase-synth","--json","eval","--stdin"]
STDIN: document.querySelector(".step[data-track=\"0\"][data-step=\"1\"]").getBoundingClientRect().toJSON()
["agent-browser","--session","phase-synth","--json","eval","--stdin"]
STDIN: phase.getState()
["agent-browser","--session","phase-synth","--json","select","[aria-label=\"Selected step pitch\"]","67"]
["agent-browser","--session","phase-synth","--json","scrollintoview","[aria-label=\"Selected step velocity\"]"]
["agent-browser","--session","phase-synth","--json","eval","--stdin"]
STDIN: (()=>{const e=document.querySelector("[aria-label=\"Selected step velocity\"]");return {...e.getBoundingClientRect().toJSON(),value:+e.value,min:+e.min,max:+e.max}})()
["agent-browser","--session","phase-synth","--json","mouse","move","334","400"]
["agent-browser","--session","phase-synth","--json","mouse","down","left"]
["agent-browser","--session","phase-synth","--json","mouse","move","324","400"]
["agent-browser","--session","phase-synth","--json","mouse","up","left"]
["agent-browser","--session","phase-synth","--json","scrollintoview","[aria-label=\"Selected step gate length\"]"]
["agent-browser","--session","phase-synth","--json","eval","--stdin"]
STDIN: (()=>{const e=document.querySelector("[aria-label=\"Selected step gate length\"]");return {...e.getBoundingClientRect().toJSON(),value:+e.value,min:+e.min,max:+e.max}})()
["agent-browser","--session","phase-synth","--json","mouse","move","436","400"]
["agent-browser","--session","phase-synth","--json","mouse","down","left"]
["agent-browser","--session","phase-synth","--json","mouse","move","444","400"]
["agent-browser","--session","phase-synth","--json","mouse","up","left"]
["agent-browser","--session","phase-synth","--json","eval","--stdin"]
STDIN: phase.getState()
["agent-browser","--session","phase-synth","--json","eval","--stdin"]
STDIN: phase.diagnostics()
["agent-browser","--session","phase-synth","--json","find","role","tab","click","--name","Piano roll","--exact"]
["agent-browser","--session","phase-synth","--json","click","[aria-label=\"F4 step 2\"]"]
["agent-browser","--session","phase-synth","--json","click","[aria-label=\"A4 step 2\"]"]
["agent-browser","--session","phase-synth","--json","eval","--stdin"]
STDIN: phase.getState()
["agent-browser","--session","phase-synth","--json","click","[aria-label=\"F4 step 2\"]"]
["agent-browser","--session","phase-synth","--json","eval","--stdin"]
STDIN: phase.getState()
["agent-browser","--session","phase-synth","--json","eval","--stdin"]
STDIN: document.querySelector('[data-note="61"][data-column="2"]').disabled
["agent-browser","--session","phase-synth","--json","uncheck","#scale-lock"]
["agent-browser","--session","phase-synth","--json","click","[aria-label=\"C♯4 step 3\"]"]
["agent-browser","--session","phase-synth","--json","eval","--stdin"]
STDIN: phase.getState()
["agent-browser","--session","phase-synth","--json","check","#scale-lock"]
["agent-browser","--session","phase-synth","--json","screenshot","--full","/home/pyro/projects/naked/astra/bench/03-modular-synth/evidence/screenshots/desktop-piano-roll.png"]
["agent-browser","--session","phase-synth","--json","eval","--stdin"]
STDIN: phase.getState()
["agent-browser","--session","phase-synth","--json","find","role","button","click","--name","sawtooth waveform","--exact"]
["agent-browser","--session","phase-synth","--json","select","[aria-label=\"Instrument polyphony\"]","4"]
["agent-browser","--session","phase-synth","--json","scrollintoview","[aria-label=\"Instrument attack\"]"]
["agent-browser","--session","phase-synth","--json","eval","--stdin"]
STDIN: (()=>{const e=document.querySelector("[aria-label=\"Instrument attack\"]");return {...e.getBoundingClientRect().toJSON(),value:+e.value,min:+e.min,max:+e.max}})()
["agent-browser","--session","phase-synth","--json","mouse","move","1000","400"]
["agent-browser","--session","phase-synth","--json","mouse","down","left"]
["agent-browser","--session","phase-synth","--json","mouse","move","1001","400"]
["agent-browser","--session","phase-synth","--json","mouse","up","left"]
["agent-browser","--session","phase-synth","--json","scrollintoview","[aria-label=\"Instrument decay\"]"]
["agent-browser","--session","phase-synth","--json","eval","--stdin"]
STDIN: (()=>{const e=document.querySelector("[aria-label=\"Instrument decay\"]");return {...e.getBoundingClientRect().toJSON(),value:+e.value,min:+e.min,max:+e.max}})()
["agent-browser","--session","phase-synth","--json","mouse","move","1069","400"]
["agent-browser","--session","phase-synth","--json","mouse","down","left"]
["agent-browser","--session","phase-synth","--json","mouse","move","1070","400"]
["agent-browser","--session","phase-synth","--json","mouse","up","left"]
["agent-browser","--session","phase-synth","--json","scrollintoview","[aria-label=\"Instrument sustain\"]"]
["agent-browser","--session","phase-synth","--json","eval","--stdin"]
STDIN: (()=>{const e=document.querySelector("[aria-label=\"Instrument sustain\"]");return {...e.getBoundingClientRect().toJSON(),value:+e.value,min:+e.min,max:+e.max}})()
["agent-browser","--session","phase-synth","--json","mouse","move","1135","400"]
["agent-browser","--session","phase-synth","--json","mouse","down","left"]
["agent-browser","--session","phase-synth","--json","mouse","move","1138","400"]
["agent-browser","--session","phase-synth","--json","mouse","up","left"]
["agent-browser","--session","phase-synth","--json","scrollintoview","[aria-label=\"Instrument release\"]"]
["agent-browser","--session","phase-synth","--json","eval","--stdin"]
STDIN: (()=>{const e=document.querySelector("[aria-label=\"Instrument release\"]");return {...e.getBoundingClientRect().toJSON(),value:+e.value,min:+e.min,max:+e.max}})()
["agent-browser","--session","phase-synth","--json","mouse","move","1197","400"]
["agent-browser","--session","phase-synth","--json","mouse","down","left"]
["agent-browser","--session","phase-synth","--json","mouse","move","1196","400"]
["agent-browser","--session","phase-synth","--json","mouse","up","left"]
["agent-browser","--session","phase-synth","--json","scrollintoview","[aria-label=\"Instrument cutoff\"]"]
["agent-browser","--session","phase-synth","--json","eval","--stdin"]
STDIN: (()=>{const e=document.querySelector("[aria-label=\"Instrument cutoff\"]");return {...e.getBoundingClientRect().toJSON(),value:+e.value,min:+e.min,max:+e.max}})()
["agent-browser","--session","phase-synth","--json","mouse","move","1014","400"]
["agent-browser","--session","phase-synth","--json","mouse","down","left"]
["agent-browser","--session","phase-synth","--json","mouse","move","1025","400"]
["agent-browser","--session","phase-synth","--json","mouse","up","left"]
["agent-browser","--session","phase-synth","--json","scrollintoview","[aria-label=\"Instrument resonance\"]"]
["agent-browser","--session","phase-synth","--json","eval","--stdin"]
STDIN: (()=>{const e=document.querySelector("[aria-label=\"Instrument resonance\"]");return {...e.getBoundingClientRect().toJSON(),value:+e.value,min:+e.min,max:+e.max}})()
["agent-browser","--session","phase-synth","--json","mouse","move","1097","400"]
["agent-browser","--session","phase-synth","--json","mouse","down","left"]
["agent-browser","--session","phase-synth","--json","mouse","move","1102","400"]
["agent-browser","--session","phase-synth","--json","mouse","up","left"]
["agent-browser","--session","phase-synth","--json","scrollintoview","[aria-label=\"Instrument env amt\"]"]
["agent-browser","--session","phase-synth","--json","eval","--stdin"]
STDIN: (()=>{const e=document.querySelector("[aria-label=\"Instrument env amt\"]");return {...e.getBoundingClientRect().toJSON(),value:+e.value,min:+e.min,max:+e.max}})()
["agent-browser","--session","phase-synth","--json","mouse","move","1198","400"]
["agent-browser","--session","phase-synth","--json","mouse","down","left"]
["agent-browser","--session","phase-synth","--json","mouse","move","1201","400"]
["agent-browser","--session","phase-synth","--json","mouse","up","left"]
["agent-browser","--session","phase-synth","--json","scrollintoview","[aria-label=\"LFO rate\"]"]
["agent-browser","--session","phase-synth","--json","eval","--stdin"]
STDIN: (()=>{const e=document.querySelector("[aria-label=\"LFO rate\"]");return {...e.getBoundingClientRect().toJSON(),value:+e.value,min:+e.min,max:+e.max}})()
["agent-browser","--session","phase-synth","--json","mouse","move","994","400"]
["agent-browser","--session","phase-synth","--json","mouse","down","left"]
["agent-browser","--session","phase-synth","--json","mouse","move","1002","400"]
["agent-browser","--session","phase-synth","--json","mouse","up","left"]
["agent-browser","--session","phase-synth","--json","scrollintoview","[aria-label=\"LFO depth\"]"]
["agent-browser","--session","phase-synth","--json","eval","--stdin"]
STDIN: (()=>{const e=document.querySelector("[aria-label=\"LFO depth\"]");return {...e.getBoundingClientRect().toJSON(),value:+e.value,min:+e.min,max:+e.max}})()
["agent-browser","--session","phase-synth","--json","mouse","move","1131","400"]
["agent-browser","--session","phase-synth","--json","mouse","down","left"]
["agent-browser","--session","phase-synth","--json","mouse","move","1159","400"]
["agent-browser","--session","phase-synth","--json","mouse","up","left"]
["agent-browser","--session","phase-synth","--json","select","[aria-label=\"LFO destination\"]","pitch"]
["agent-browser","--session","phase-synth","--json","eval","--stdin"]
STDIN: phase.getState()
["agent-browser","--session","phase-synth","--json","eval","--stdin"]
STDIN: phase.diagnostics()
["agent-browser","--session","phase-synth","--json","find","role","tab","click","--name","Step sequencer","--exact"]
["agent-browser","--session","phase-synth","--json","find","role","button","click","--name","Select Sub bass","--exact"]
["agent-browser","--session","phase-synth","--json","select","[aria-label=\"Track preset\"]","pluck"]
["agent-browser","--session","phase-synth","--json","scrollintoview","[aria-label=\"Instrument cutoff\"]"]
["agent-browser","--session","phase-synth","--json","eval","--stdin"]
STDIN: (()=>{const e=document.querySelector("[aria-label=\"Instrument cutoff\"]");return {...e.getBoundingClientRect().toJSON(),value:+e.value,min:+e.min,max:+e.max}})()
["agent-browser","--session","phase-synth","--json","mouse","move","1012","400"]
["agent-browser","--session","phase-synth","--json","mouse","down","left"]
["agent-browser","--session","phase-synth","--json","mouse","move","1011","400"]
["agent-browser","--session","phase-synth","--json","mouse","up","left"]
["agent-browser","--session","phase-synth","--json","scrollintoview","[aria-label=\"Instrument tuning\"]"]
["agent-browser","--session","phase-synth","--json","eval","--stdin"]
STDIN: (()=>{const e=document.querySelector("[aria-label=\"Instrument tuning\"]");return {...e.getBoundingClientRect().toJSON(),value:+e.value,min:+e.min,max:+e.max}})()
["agent-browser","--session","phase-synth","--json","mouse","move","1066","400"]
["agent-browser","--session","phase-synth","--json","mouse","down","left"]
["agent-browser","--session","phase-synth","--json","mouse","move","1080","400"]
["agent-browser","--session","phase-synth","--json","mouse","up","left"]
["agent-browser","--session","phase-synth","--json","select","[aria-label=\"LFO destination\"]","pan"]
["agent-browser","--session","phase-synth","--json","eval","--stdin"]
STDIN: phase.getState()
["agent-browser","--session","phase-synth","--json","find","role","tab","click","--name","Mixer","--exact"]
["agent-browser","--session","phase-synth","--json","scrollintoview","[aria-label=\"Glass keys volume\"]"]
["agent-browser","--session","phase-synth","--json","eval","--stdin"]
STDIN: (()=>{const e=document.querySelector("[aria-label=\"Glass keys volume\"]");return {...e.getBoundingClientRect().toJSON(),value:+e.value,min:+e.min,max:+e.max}})()
["agent-browser","--session","phase-synth","--json","mouse","move","105","389"]
["agent-browser","--session","phase-synth","--json","mouse","down","left"]
["agent-browser","--session","phase-synth","--json","mouse","move","105","406"]
["agent-browser","--session","phase-synth","--json","mouse","up","left"]
["agent-browser","--session","phase-synth","--json","scrollintoview","[aria-label=\"Glass keys pan\"]"]
["agent-browser","--session","phase-synth","--json","eval","--stdin"]
STDIN: (()=>{const e=document.querySelector("[aria-label=\"Glass keys pan\"]");return {...e.getBoundingClientRect().toJSON(),value:+e.value,min:+e.min,max:+e.max}})()
["agent-browser","--session","phase-synth","--json","mouse","move","105","400"]
["agent-browser","--session","phase-synth","--json","mouse","down","left"]
["agent-browser","--session","phase-synth","--json","mouse","move","146","400"]
["agent-browser","--session","phase-synth","--json","mouse","up","left"]
["agent-browser","--session","phase-synth","--json","scrollintoview","[aria-label=\"Glass keys delay send\"]"]
["agent-browser","--session","phase-synth","--json","eval","--stdin"]
STDIN: (()=>{const e=document.querySelector("[aria-label=\"Glass keys delay send\"]");return {...e.getBoundingClientRect().toJSON(),value:+e.value,min:+e.min,max:+e.max}})()
["agent-browser","--session","phase-synth","--json","mouse","move","105","400"]
["agent-browser","--session","phase-synth","--json","mouse","down","left"]
["agent-browser","--session","phase-synth","--json","mouse","move","138","400"]
["agent-browser","--session","phase-synth","--json","mouse","up","left"]
["agent-browser","--session","phase-synth","--json","scrollintoview","[aria-label=\"Glass keys reverb send\"]"]
["agent-browser","--session","phase-synth","--json","eval","--stdin"]
STDIN: (()=>{const e=document.querySelector("[aria-label=\"Glass keys reverb send\"]");return {...e.getBoundingClientRect().toJSON(),value:+e.value,min:+e.min,max:+e.max}})()
["agent-browser","--session","phase-synth","--json","mouse","move","105","400"]
["agent-browser","--session","phase-synth","--json","mouse","down","left"]
["agent-browser","--session","phase-synth","--json","mouse","move","129","400"]
["agent-browser","--session","phase-synth","--json","mouse","up","left"]
["agent-browser","--session","phase-synth","--json","eval","--stdin"]
STDIN: phase.getState()
["agent-browser","--session","phase-synth","--json","screenshot","--full","/home/pyro/projects/naked/astra/bench/03-modular-synth/evidence/screenshots/desktop-mixer.png"]
["agent-browser","--session","phase-synth","--json","click","#mixer [data-mix=\"mute\"][data-track=\"0\"]"]
["agent-browser","--session","phase-synth","--json","eval","--stdin"]
STDIN: phase.diagnostics()
["agent-browser","--session","phase-synth","--json","wait","--fn","phase.diagnostics().audioTime > 4.193832199546486 && phase.diagnostics().trackLevels[0] < 0.000001"]
["agent-browser","--session","phase-synth","--json","eval","--stdin"]
STDIN: (async()=>{const out=[];const end=performance.now()+250;while(performance.now()<end){out.push(phase.diagnostics());await new Promise(r=>setTimeout(r,35))}return out})()
["agent-browser","--session","phase-synth","--json","click","#mixer [data-mix=\"mute\"][data-track=\"0\"]"]
["agent-browser","--session","phase-synth","--json","click","#mixer [data-mix=\"solo\"][data-track=\"1\"]"]
["agent-browser","--session","phase-synth","--json","eval","--stdin"]
STDIN: phase.diagnostics()
["agent-browser","--session","phase-synth","--json","wait","--fn","phase.diagnostics().audioTime > 4.693061224489796 && phase.diagnostics().trackLevels.every((v,i)=>i===1 || v<0.000001)"]
["agent-browser","--session","phase-synth","--json","eval","--stdin"]
STDIN: (async()=>{const out=[];const end=performance.now()+700;while(performance.now()<end){out.push(phase.diagnostics());await new Promise(r=>setTimeout(r,35))}return out})()
["agent-browser","--session","phase-synth","--json","click","#mixer [data-mix=\"solo\"][data-track=\"1\"]"]
["agent-browser","--session","phase-synth","--json","fill","[aria-label=\"Tempo\"]","128"]
["agent-browser","--session","phase-synth","--json","press","Tab"]
["agent-browser","--session","phase-synth","--json","scrollintoview","[aria-label=\"Swing\"]"]
["agent-browser","--session","phase-synth","--json","eval","--stdin"]
STDIN: (()=>{const e=document.querySelector("[aria-label=\"Swing\"]");return {...e.getBoundingClientRect().toJSON(),value:+e.value,min:+e.min,max:+e.max}})()
["agent-browser","--session","phase-synth","--json","mouse","move","373","218"]
["agent-browser","--session","phase-synth","--json","mouse","down","left"]
["agent-browser","--session","phase-synth","--json","mouse","move","388","218"]
["agent-browser","--session","phase-synth","--json","mouse","up","left"]
["agent-browser","--session","phase-synth","--json","select","[aria-label=\"Pattern length\"]","8"]
["agent-browser","--session","phase-synth","--json","eval","--stdin"]
STDIN: (async()=>{const out=[];const end=performance.now()+1800;while(performance.now()<end){out.push(phase.diagnostics());await new Promise(r=>setTimeout(r,35))}return out})()
["agent-browser","--session","phase-synth","--json","eval","--stdin"]
STDIN: phase.getState()
["agent-browser","--session","phase-synth","--json","eval","--stdin"]
STDIN: phase.getState()
["agent-browser","--session","phase-synth","--json","eval","--stdin"]
STDIN: phase.getState()
["agent-browser","--session","phase-synth","--json","find","role","button","click","--name","Metronome","--exact"]
["agent-browser","--session","phase-synth","--json","eval","--stdin"]
STDIN: phase.getState()
["agent-browser","--session","phase-synth","--json","find","role","button","click","--name","Metronome","--exact"]
["agent-browser","--session","phase-synth","--json","eval","--stdin"]
STDIN: phase.getState()
["agent-browser","--session","phase-synth","--json","eval","--stdin"]
STDIN: phase.getState()
["agent-browser","--session","phase-synth","--json","find","role","button","click","--name","Pause","--exact"]
["agent-browser","--session","phase-synth","--json","wait","--fn","phase.diagnostics().activeVoices===0"]
["agent-browser","--session","phase-synth","--json","eval","--stdin"]
STDIN: phase.diagnostics()
["agent-browser","--session","phase-synth","--json","eval","--stdin"]
STDIN: (async()=>{const out=[];const end=performance.now()+300;while(performance.now()<end){out.push(phase.diagnostics());await new Promise(r=>setTimeout(r,35))}return out})()
["agent-browser","--session","phase-synth","--json","find","role","button","click","--name","Play","--exact"]
["agent-browser","--session","phase-synth","--json","wait","--fn","phase.diagnostics().playing && phase.diagnostics().activeVoices>0"]
["agent-browser","--session","phase-synth","--json","find","role","button","click","--name","Stop","--exact"]
["agent-browser","--session","phase-synth","--json","eval","--stdin"]
STDIN: phase.diagnostics()
["agent-browser","--session","phase-synth","--json","eval","--stdin"]
STDIN: phase.diagnostics()
["agent-browser","--session","phase-synth","--json","find","role","button","click","--name","Restart from beginning","--exact"]
["agent-browser","--session","phase-synth","--json","wait","--fn","phase.diagnostics().playing && phase.diagnostics().rms>0.001"]
["agent-browser","--session","phase-synth","--json","find","role","button","click","--name","Stop","--exact"]
["agent-browser","--session","phase-synth","--json","eval","--stdin"]
STDIN: phase.diagnostics()
["agent-browser","--session","phase-synth","--json","find","role","tab","click","--name","Step sequencer","--exact"]
["agent-browser","--session","phase-synth","--json","find","role","button","click","--name","Select Glass keys","--exact"]
["agent-browser","--session","phase-synth","--json","click","#project-name"]
["agent-browser","--session","phase-synth","--json","keydown","a"]
["agent-browser","--session","phase-synth","--json","keydown","s"]
["agent-browser","--session","phase-synth","--json","keydown","d"]
["agent-browser","--session","phase-synth","--json","eval","--stdin"]
STDIN: phase.diagnostics()
["agent-browser","--session","phase-synth","--json","wait","--fn","phase.diagnostics().activeVoices>=3"]
["agent-browser","--session","phase-synth","--json","eval","--stdin"]
STDIN: phase.diagnostics()
["agent-browser","--session","phase-synth","--json","keyup","a"]
["agent-browser","--session","phase-synth","--json","keyup","s"]
["agent-browser","--session","phase-synth","--json","keyup","d"]
["agent-browser","--session","phase-synth","--json","eval","--stdin"]
STDIN: phase.diagnostics()
["agent-browser","--session","phase-synth","--json","keydown","a"]
["agent-browser","--session","phase-synth","--json","keyup","a"]
["agent-browser","--session","phase-synth","--json","keydown","a"]
["agent-browser","--session","phase-synth","--json","keyup","a"]
["agent-browser","--session","phase-synth","--json","keydown","a"]
["agent-browser","--session","phase-synth","--json","keyup","a"]
["agent-browser","--session","phase-synth","--json","keydown","a"]
["agent-browser","--session","phase-synth","--json","keyup","a"]
["agent-browser","--session","phase-synth","--json","keydown","a"]
["agent-browser","--session","phase-synth","--json","keyup","a"]
["agent-browser","--session","phase-synth","--json","keydown","a"]
["agent-browser","--session","phase-synth","--json","keyup","a"]
["agent-browser","--session","phase-synth","--json","keydown","a"]
["agent-browser","--session","phase-synth","--json","keyup","a"]
["agent-browser","--session","phase-synth","--json","wait","--fn","phase.diagnostics().activeVoices===0"]
["agent-browser","--session","phase-synth","--json","eval","--stdin"]
STDIN: phase.diagnostics()
["agent-browser","--session","phase-synth","--json","scrollintoview","[aria-label=\"Play D4\"]"]
["agent-browser","--session","phase-synth","--json","eval","--stdin"]
STDIN: document.querySelector('[data-key="62"]').getBoundingClientRect().toJSON()
["agent-browser","--session","phase-synth","--json","mouse","move","177","494"]
["agent-browser","--session","phase-synth","--json","mouse","down","left"]
["agent-browser","--session","phase-synth","--json","eval","--stdin"]
STDIN: phase.diagnostics()
["agent-browser","--session","phase-synth","--json","screenshot","/home/pyro/projects/naked/astra/bench/03-modular-synth/evidence/screenshots/pointer-note-held.png"]
["agent-browser","--session","phase-synth","--json","mouse","move","15","100"]
["agent-browser","--session","phase-synth","--json","mouse","up","left"]
["agent-browser","--session","phase-synth","--json","eval","--stdin"]
STDIN: phase.diagnostics()
["agent-browser","--session","phase-synth","--json","click","#project-name"]
["agent-browser","--session","phase-synth","--json","keydown","a"]
["agent-browser","--session","phase-synth","--json","eval","--stdin"]
STDIN: phase.diagnostics()
["agent-browser","--session","phase-synth","--json","tab","new","about:blank"]
["agent-browser","--session","phase-synth","--json","tab","t1"]
["agent-browser","--session","phase-synth","--json","eval","--stdin"]
STDIN: phase.diagnostics()
["agent-browser","--session","phase-synth","--json","keyup","a"]
["agent-browser","--session","phase-synth","--json","wait","--fn","phase.diagnostics().activeVoices===0"]
["agent-browser","--session","phase-synth","--json","eval","--stdin"]
STDIN: phase.diagnostics()
["agent-browser","--session","phase-synth","--json","scrollintoview","[aria-label=\"Play Soft kick\"]"]
["agent-browser","--session","phase-synth","--json","find","role","button","click","--name","Play Soft kick","--exact"]
["agent-browser","--session","phase-synth","--json","scrollintoview","[aria-label=\"Play Dust snare\"]"]
["agent-browser","--session","phase-synth","--json","find","role","button","click","--name","Play Dust snare","--exact"]
["agent-browser","--session","phase-synth","--json","scrollintoview","[aria-label=\"Play Closed hat\"]"]
["agent-browser","--session","phase-synth","--json","find","role","button","click","--name","Play Closed hat","--exact"]
["agent-browser","--session","phase-synth","--json","scrollintoview","[aria-label=\"Play Wood rim\"]"]
["agent-browser","--session","phase-synth","--json","find","role","button","click","--name","Play Wood rim","--exact"]
["agent-browser","--session","phase-synth","--json","find","role","button","click","--name","Select Closed hat","--exact"]
["agent-browser","--session","phase-synth","--json","select","[aria-label=\"Track preset\"]","open"]
["agent-browser","--session","phase-synth","--json","scrollintoview","[aria-label=\"Instrument pitch\"]"]
["agent-browser","--session","phase-synth","--json","eval","--stdin"]
STDIN: (()=>{const e=document.querySelector("[aria-label=\"Instrument pitch\"]");return {...e.getBoundingClientRect().toJSON(),value:+e.value,min:+e.min,max:+e.max}})()
["agent-browser","--session","phase-synth","--json","mouse","move","1015","400"]
["agent-browser","--session","phase-synth","--json","mouse","down","left"]
["agent-browser","--session","phase-synth","--json","mouse","move","1015","400"]
["agent-browser","--session","phase-synth","--json","mouse","up","left"]
["agent-browser","--session","phase-synth","--json","scrollintoview","[aria-label=\"Instrument decay\"]"]
["agent-browser","--session","phase-synth","--json","eval","--stdin"]
STDIN: (()=>{const e=document.querySelector("[aria-label=\"Instrument decay\"]");return {...e.getBoundingClientRect().toJSON(),value:+e.value,min:+e.min,max:+e.max}})()
["agent-browser","--session","phase-synth","--json","mouse","move","1067","400"]
["agent-browser","--session","phase-synth","--json","mouse","down","left"]
["agent-browser","--session","phase-synth","--json","mouse","move","1068","400"]
["agent-browser","--session","phase-synth","--json","mouse","up","left"]
["agent-browser","--session","phase-synth","--json","scrollintoview","[aria-label=\"Instrument tone\"]"]
["agent-browser","--session","phase-synth","--json","eval","--stdin"]
STDIN: (()=>{const e=document.querySelector("[aria-label=\"Instrument tone\"]");return {...e.getBoundingClientRect().toJSON(),value:+e.value,min:+e.min,max:+e.max}})()
["agent-browser","--session","phase-synth","--json","mouse","move","1146","400"]
["agent-browser","--session","phase-synth","--json","mouse","down","left"]
["agent-browser","--session","phase-synth","--json","mouse","move","1145","400"]
["agent-browser","--session","phase-synth","--json","mouse","up","left"]
["agent-browser","--session","phase-synth","--json","scrollintoview","[aria-label=\"Instrument snap\"]"]
["agent-browser","--session","phase-synth","--json","eval","--stdin"]
STDIN: (()=>{const e=document.querySelector("[aria-label=\"Instrument snap\"]");return {...e.getBoundingClientRect().toJSON(),value:+e.value,min:+e.min,max:+e.max}})()
["agent-browser","--session","phase-synth","--json","mouse","move","1204","400"]
["agent-browser","--session","phase-synth","--json","mouse","down","left"]
["agent-browser","--session","phase-synth","--json","mouse","move","1206","400"]
["agent-browser","--session","phase-synth","--json","mouse","up","left"]
["agent-browser","--session","phase-synth","--json","find","role","button","click","--name","Audition Closed hat","--exact"]
["agent-browser","--session","phase-synth","--json","eval","--stdin"]
STDIN: phase.getState()
["agent-browser","--session","phase-synth","--json","eval","--stdin"]
STDIN: phase.getState()
["agent-browser","--session","phase-synth","--json","eval","--stdin"]
STDIN: phase.getState()
["agent-browser","--session","phase-synth","--json","find","role","button","click","--name","Select Glass keys","--exact"]
["agent-browser","--session","phase-synth","--json","fill","[aria-label=\"Random seed\"]","4242"]
["agent-browser","--session","phase-synth","--json","press","Tab"]
["agent-browser","--session","phase-synth","--json","find","role","button","click","--name","Randomize","--exact"]
["agent-browser","--session","phase-synth","--json","eval","--stdin"]
STDIN: phase.getState()
["agent-browser","--session","phase-synth","--json","find","role","button","click","--name","Clear track","--exact"]
["agent-browser","--session","phase-synth","--json","eval","--stdin"]
STDIN: phase.getState()
["agent-browser","--session","phase-synth","--json","find","role","button","click","--name","Undo last edit","--exact"]
["agent-browser","--session","phase-synth","--json","eval","--stdin"]
STDIN: phase.getState()
["agent-browser","--session","phase-synth","--json","find","role","button","click","--name","Randomize","--exact"]
["agent-browser","--session","phase-synth","--json","eval","--stdin"]
STDIN: phase.getState()
["agent-browser","--session","phase-synth","--json","select","[aria-label=\"Song preset\"]","sunrise"]
["agent-browser","--session","phase-synth","--json","find","role","button","click","--name","Play","--exact"]
["agent-browser","--session","phase-synth","--json","eval","--stdin"]
STDIN: (async()=>{const out=[];const end=performance.now()+650;while(performance.now()<end){out.push(phase.diagnostics());await new Promise(r=>setTimeout(r,35))}return out})()
["agent-browser","--session","phase-synth","--json","find","role","button","click","--name","Stop","--exact"]
["agent-browser","--session","phase-synth","--json","select","[aria-label=\"Song preset\"]","warehouse"]
["agent-browser","--session","phase-synth","--json","find","role","button","click","--name","Play","--exact"]
["agent-browser","--session","phase-synth","--json","eval","--stdin"]
STDIN: (async()=>{const out=[];const end=performance.now()+650;while(performance.now()<end){out.push(phase.diagnostics());await new Promise(r=>setTimeout(r,35))}return out})()
["agent-browser","--session","phase-synth","--json","find","role","button","click","--name","Stop","--exact"]
["agent-browser","--session","phase-synth","--json","select","[aria-label=\"Song preset\"]","midnight"]
["agent-browser","--session","phase-synth","--json","find","role","button","click","--name","Play","--exact"]
["agent-browser","--session","phase-synth","--json","eval","--stdin"]
STDIN: (async()=>{const out=[];const end=performance.now()+650;while(performance.now()<end){out.push(phase.diagnostics());await new Promise(r=>setTimeout(r,35))}return out})()
["agent-browser","--session","phase-synth","--json","find","role","button","click","--name","Stop","--exact"]
["agent-browser","--session","phase-synth","--json","scrollintoview","[aria-label=\"Delay mix\"]"]
["agent-browser","--session","phase-synth","--json","eval","--stdin"]
STDIN: (()=>{const e=document.querySelector("[aria-label=\"Delay mix\"]");return {...e.getBoundingClientRect().toJSON(),value:+e.value,min:+e.min,max:+e.max}})()
["agent-browser","--session","phase-synth","--json","mouse","move","66","675"]
["agent-browser","--session","phase-synth","--json","mouse","down","left"]
["agent-browser","--session","phase-synth","--json","mouse","move","73","675"]
["agent-browser","--session","phase-synth","--json","mouse","up","left"]
["agent-browser","--session","phase-synth","--json","select","[aria-label=\"Delay time\"]","0.5"]
["agent-browser","--session","phase-synth","--json","scrollintoview","[aria-label=\"Delay feedback\"]"]
["agent-browser","--session","phase-synth","--json","eval","--stdin"]
STDIN: (()=>{const e=document.querySelector("[aria-label=\"Delay feedback\"]");return {...e.getBoundingClientRect().toJSON(),value:+e.value,min:+e.min,max:+e.max}})()
["agent-browser","--session","phase-synth","--json","mouse","move","223","676"]
["agent-browser","--session","phase-synth","--json","mouse","down","left"]
["agent-browser","--session","phase-synth","--json","mouse","move","221","676"]
["agent-browser","--session","phase-synth","--json","mouse","up","left"]
["agent-browser","--session","phase-synth","--json","scrollintoview","[aria-label=\"Reverb mix\"]"]
["agent-browser","--session","phase-synth","--json","eval","--stdin"]
STDIN: (()=>{const e=document.querySelector("[aria-label=\"Reverb mix\"]");return {...e.getBoundingClientRect().toJSON(),value:+e.value,min:+e.min,max:+e.max}})()
["agent-browser","--session","phase-synth","--json","mouse","move","308","675"]
["agent-browser","--session","phase-synth","--json","mouse","down","left"]
["agent-browser","--session","phase-synth","--json","mouse","move","315","675"]
["agent-browser","--session","phase-synth","--json","mouse","up","left"]
["agent-browser","--session","phase-synth","--json","scrollintoview","[aria-label=\"Reverb decay\"]"]
["agent-browser","--session","phase-synth","--json","eval","--stdin"]
STDIN: (()=>{const e=document.querySelector("[aria-label=\"Reverb decay\"]");return {...e.getBoundingClientRect().toJSON(),value:+e.value,min:+e.min,max:+e.max}})()
["agent-browser","--session","phase-synth","--json","mouse","move","382","669"]
["agent-browser","--session","phase-synth","--json","mouse","down","left"]
["agent-browser","--session","phase-synth","--json","mouse","move","377","669"]
["agent-browser","--session","phase-synth","--json","mouse","up","left"]
["agent-browser","--session","phase-synth","--json","scrollintoview","[aria-label=\"Drive drive\"]"]
["agent-browser","--session","phase-synth","--json","eval","--stdin"]
STDIN: (()=>{const e=document.querySelector("[aria-label=\"Drive drive\"]");return {...e.getBoundingClientRect().toJSON(),value:+e.value,min:+e.min,max:+e.max}})()
["agent-browser","--session","phase-synth","--json","mouse","move","548","675"]
["agent-browser","--session","phase-synth","--json","mouse","down","left"]
["agent-browser","--session","phase-synth","--json","mouse","move","557","675"]
["agent-browser","--session","phase-synth","--json","mouse","up","left"]
["agent-browser","--session","phase-synth","--json","scrollintoview","[aria-label=\"Tone cutoff\"]"]
["agent-browser","--session","phase-synth","--json","eval","--stdin"]
STDIN: (()=>{const e=document.querySelector("[aria-label=\"Tone cutoff\"]");return {...e.getBoundingClientRect().toJSON(),value:+e.value,min:+e.min,max:+e.max}})()
["agent-browser","--session","phase-synth","--json","mouse","move","804","675"]
["agent-browser","--session","phase-synth","--json","mouse","down","left"]
["agent-browser","--session","phase-synth","--json","mouse","move","797","675"]
["agent-browser","--session","phase-synth","--json","mouse","up","left"]
["agent-browser","--session","phase-synth","--json","scrollintoview","[aria-label=\"Limiter glue\"]"]
["agent-browser","--session","phase-synth","--json","eval","--stdin"]
STDIN: (()=>{const e=document.querySelector("[aria-label=\"Limiter glue\"]");return {...e.getBoundingClientRect().toJSON(),value:+e.value,min:+e.min,max:+e.max}})()
["agent-browser","--session","phase-synth","--json","mouse","move","1039","675"]
["agent-browser","--session","phase-synth","--json","mouse","down","left"]
["agent-browser","--session","phase-synth","--json","mouse","move","1043","675"]
["agent-browser","--session","phase-synth","--json","mouse","up","left"]
["agent-browser","--session","phase-synth","--json","find","role","button","click","--name","delay effect enabled","--exact"]
["agent-browser","--session","phase-synth","--json","eval","--stdin"]
STDIN: phase.getState()
["agent-browser","--session","phase-synth","--json","find","role","button","click","--name","delay effect enabled","--exact"]
["agent-browser","--session","phase-synth","--json","eval","--stdin"]
STDIN: phase.getState()
["agent-browser","--session","phase-synth","--json","find","role","button","click","--name","reverb effect enabled","--exact"]
["agent-browser","--session","phase-synth","--json","eval","--stdin"]
STDIN: phase.getState()
["agent-browser","--session","phase-synth","--json","find","role","button","click","--name","reverb effect enabled","--exact"]
["agent-browser","--session","phase-synth","--json","eval","--stdin"]
STDIN: phase.getState()
["agent-browser","--session","phase-synth","--json","find","role","button","click","--name","drive effect enabled","--exact"]
["agent-browser","--session","phase-synth","--json","eval","--stdin"]
STDIN: phase.getState()
["agent-browser","--session","phase-synth","--json","find","role","button","click","--name","drive effect enabled","--exact"]
["agent-browser","--session","phase-synth","--json","eval","--stdin"]
STDIN: phase.getState()
["agent-browser","--session","phase-synth","--json","find","role","button","click","--name","tone effect enabled","--exact"]
["agent-browser","--session","phase-synth","--json","eval","--stdin"]
STDIN: phase.getState()
["agent-browser","--session","phase-synth","--json","find","role","button","click","--name","tone effect enabled","--exact"]
["agent-browser","--session","phase-synth","--json","eval","--stdin"]
STDIN: phase.getState()
["agent-browser","--session","phase-synth","--json","find","role","button","click","--name","limiter effect enabled","--exact"]
["agent-browser","--session","phase-synth","--json","eval","--stdin"]
STDIN: phase.getState()
["agent-browser","--session","phase-synth","--json","find","role","button","click","--name","limiter effect enabled","--exact"]
["agent-browser","--session","phase-synth","--json","eval","--stdin"]
STDIN: phase.getState()
["agent-browser","--session","phase-synth","--json","eval","--stdin"]
STDIN: phase.getState()
["agent-browser","--session","phase-synth","--json","find","role","button","click","--name","Stop","--exact"]
["agent-browser","--session","phase-synth","--json","eval","--stdin"]
STDIN: phase.getState()
["agent-browser","--session","phase-synth","--json","get","cdp-url"]
["agent-browser","--session","phase-synth","--json","find","role","button","click","--name","Save project","--exact"]
["agent-browser","--session","phase-synth","--json","get","cdp-url"]
agent-browser --session phase-synth errors 
agent-browser --session phase-synth console 
agent-browser --session phase-synth network requests 
["agent-browser","--session","phase-synth","--json","get","cdp-url"]
["agent-browser","--session","phase-synth","--json","find","role","button","click","--name","Save project","--exact"]
["agent-browser","--session","phase-synth","--json","find","role","button","click","--name","Stop","--exact"]
["agent-browser","--session","phase-synth","--json","eval","--stdin"]
STDIN: phase.getState()
["agent-browser","--session","phase-synth","--json","get","cdp-url"]
["agent-browser","--session","phase-synth","--json","find","role","button","click","--name","Save project","--exact"]
["agent-browser","--session","phase-synth","--json","wait","--fn","document.getElementById(\"save-status\").textContent.includes(\"Saved\")"]
["agent-browser","--session","phase-synth","--json","reload"]
["agent-browser","--session","phase-synth","--json","eval","--stdin"]
STDIN: phase.getState()
["agent-browser","--session","phase-synth","--json","eval","--stdin"]
STDIN: phase.diagnostics()
["agent-browser","--session","phase-synth","--json","eval","--stdin"]
STDIN: phase.diagnostics()
["agent-browser","--session","phase-synth","--json","eval","--stdin"]
STDIN: phase.getState()
["agent-browser","--session","phase-synth","--json","eval","--stdin"]
STDIN: phase.getState()
["agent-browser","--session","phase-synth","--json","eval","--stdin"]
STDIN: phase.diagnostics()
["agent-browser","--session","phase-synth","--json","select","[aria-label=\"Song preset\"]","sunrise"]
["agent-browser","--session","phase-synth","--json","eval","--stdin"]
STDIN: phase.getState()
["agent-browser","--session","phase-synth","--json","find","role","button","click","--name","Load project","--exact"]
["agent-browser","--session","phase-synth","--json","upload","#project-file","/home/pyro/projects/naked/astra/bench/03-modular-synth/evidence/downloads/run-1788747848886/project/midnight-circuitry.phase.json"]
["agent-browser","--session","phase-synth","--json","wait","--fn","document.getElementById(\"toast\").textContent.startsWith(\"Project loaded:\")"]
["agent-browser","--session","phase-synth","--json","eval","--stdin"]
STDIN: phase.getState()
["agent-browser","--session","phase-synth","--json","eval","--stdin"]
STDIN: phase.getState()
["agent-browser","--session","phase-synth","--json","eval","--stdin"]
STDIN: phase.getState()
["agent-browser","--session","phase-synth","--json","find","role","button","click","--name","Load project","--exact"]
["agent-browser","--session","phase-synth","--json","upload","#project-file","/home/pyro/projects/naked/astra/bench/03-modular-synth/evidence/tests/invalid-syntax.json"]
["agent-browser","--session","phase-synth","--json","wait","--fn","document.getElementById(\"toast\").classList.contains(\"error\")"]
["agent-browser","--session","phase-synth","--json","eval","--stdin"]
STDIN: phase.getState()
["agent-browser","--session","phase-synth","--json","eval","--stdin"]
STDIN: document.getElementById("toast").textContent
["agent-browser","--session","phase-synth","--json","screenshot","/home/pyro/projects/naked/astra/bench/03-modular-synth/evidence/screenshots/invalid-json-error.png"]
["agent-browser","--session","phase-synth","--json","find","role","button","click","--name","Load project","--exact"]
["agent-browser","--session","phase-synth","--json","upload","#project-file","/home/pyro/projects/naked/astra/bench/03-modular-synth/evidence/tests/invalid-project.json"]
["agent-browser","--session","phase-synth","--json","wait","--fn","document.getElementById(\"toast\").classList.contains(\"error\")"]
["agent-browser","--session","phase-synth","--json","eval","--stdin"]
STDIN: phase.getState()
["agent-browser","--session","phase-synth","--json","eval","--stdin"]
STDIN: document.getElementById("toast").textContent
["agent-browser","--session","phase-synth","--json","screenshot","/home/pyro/projects/naked/astra/bench/03-modular-synth/evidence/screenshots/invalid-value-error.png"]
["agent-browser","--session","phase-synth","--json","eval","--stdin"]
STDIN: window.__NativeAudioContext=window.AudioContext;window.AudioContext=class extends __NativeAudioContext {constructor(options){super({...options,sinkId:{type:'none'}})}}
["agent-browser","--session","phase-synth","--json","find","role","button","click","--name","Enable audio","--exact"]
["agent-browser","--session","phase-synth","--json","wait","--fn","phase.diagnostics().audioTime>0.1"]
["agent-browser","--session","phase-synth","--json","find","role","button","click","--name","Play","--exact"]
["agent-browser","--session","phase-synth","--json","eval","--stdin"]
STDIN: (async()=>{const out=[];const end=performance.now()+1100;while(performance.now()<end){out.push(phase.diagnostics());await new Promise(r=>setTimeout(r,35))}return out})()
["agent-browser","--session","phase-synth","--json","find","role","button","click","--name","Stop","--exact"]
["agent-browser","--session","phase-synth","--json","errors"]
["agent-browser","--session","phase-synth","--json","select","[aria-label=\"Song preset\"]","sunrise"]
["agent-browser","--session","phase-synth","--json","select","[aria-label=\"Song preset\"]","midnight"]
["agent-browser","--session","phase-synth","--json","find","role","button","click","--name","Export WAV","--exact"]
["agent-browser","--session","phase-synth","--json","select","#export-loops","1"]
["agent-browser","--session","phase-synth","--json","eval","--stdin"]
STDIN: phase.diagnostics()
["agent-browser","--session","phase-synth","--json","find","role","button","click","--name","Render & download","--exact"]
["agent-browser","--session","phase-synth","--json","wait","--fn","!phase.diagnostics().exporting && phase.diagnostics().lastExport?.renderedAt !== \"\""]
["agent-browser","--session","phase-synth","--json","eval","--stdin"]
STDIN: phase.diagnostics()
["agent-browser","--session","phase-synth","--json","screenshot","/home/pyro/projects/naked/astra/bench/03-modular-synth/evidence/screenshots/wav-export-ready.png"]
["agent-browser","--session","phase-synth","--json","eval","--stdin"]
STDIN: phase.diagnostics()
["agent-browser","--session","phase-synth","--json","find","role","button","click","--name","Render & download","--exact"]
["agent-browser","--session","phase-synth","--json","wait","--fn","!phase.diagnostics().exporting && phase.diagnostics().lastExport?.renderedAt !== \"2026-09-07T02:24:11.214Z\""]
["agent-browser","--session","phase-synth","--json","eval","--stdin"]
STDIN: phase.diagnostics()
["agent-browser","--session","phase-synth","--json","find","role","button","click","--name","Close export","--exact"]
["agent-browser","--session","phase-synth","--json","scrollintoview","[aria-label=\"Delay mix\"]"]
["agent-browser","--session","phase-synth","--json","eval","--stdin"]
STDIN: (()=>{const e=document.querySelector("[aria-label=\"Delay mix\"]");return {...e.getBoundingClientRect().toJSON(),value:+e.value,min:+e.min,max:+e.max}})()
["agent-browser","--session","phase-synth","--json","mouse","move","66","675"]
["agent-browser","--session","phase-synth","--json","mouse","down","left"]
["agent-browser","--session","phase-synth","--json","mouse","move","81","675"]
["agent-browser","--session","phase-synth","--json","mouse","up","left"]
["agent-browser","--session","phase-synth","--json","find","role","button","click","--name","Export WAV","--exact"]
["agent-browser","--session","phase-synth","--json","eval","--stdin"]
STDIN: phase.diagnostics()
["agent-browser","--session","phase-synth","--json","find","role","button","click","--name","Render & download","--exact"]
["agent-browser","--session","phase-synth","--json","wait","--fn","!phase.diagnostics().exporting && phase.diagnostics().lastExport?.renderedAt !== \"2026-09-07T02:24:11.639Z\""]
["agent-browser","--session","phase-synth","--json","eval","--stdin"]
STDIN: phase.diagnostics()
["agent-browser","--session","phase-synth","--json","find","role","button","click","--name","Close export","--exact"]
["agent-browser","--session","phase-synth","--json","select","[aria-label=\"Song preset\"]","sunrise"]
["agent-browser","--session","phase-synth","--json","select","[aria-label=\"Song preset\"]","midnight"]
["agent-browser","--session","phase-synth","--json","find","role","button","click","--name","Export WAV","--exact"]
["agent-browser","--session","phase-synth","--json","find","role","button","click","--name","Close export","--exact"]
["agent-browser","--session","phase-synth","--json","scrollintoview","[aria-label=\"Reverb mix\"]"]
["agent-browser","--session","phase-synth","--json","eval","--stdin"]
STDIN: (()=>{const e=document.querySelector("[aria-label=\"Reverb mix\"]");return {...e.getBoundingClientRect().toJSON(),value:+e.value,min:+e.min,max:+e.max}})()
["agent-browser","--session","phase-synth","--json","mouse","move","308","675"]
["agent-browser","--session","phase-synth","--json","mouse","down","left"]
["agent-browser","--session","phase-synth","--json","mouse","move","324","675"]
["agent-browser","--session","phase-synth","--json","mouse","up","left"]
["agent-browser","--session","phase-synth","--json","find","role","button","click","--name","Export WAV","--exact"]
["agent-browser","--session","phase-synth","--json","eval","--stdin"]
STDIN: phase.diagnostics()
["agent-browser","--session","phase-synth","--json","find","role","button","click","--name","Render & download","--exact"]
["agent-browser","--session","phase-synth","--json","wait","--fn","!phase.diagnostics().exporting && phase.diagnostics().lastExport?.renderedAt !== \"2026-09-07T02:24:11.999Z\""]
["agent-browser","--session","phase-synth","--json","eval","--stdin"]
STDIN: phase.diagnostics()
["agent-browser","--session","phase-synth","--json","find","role","button","click","--name","Close export","--exact"]
["agent-browser","--session","phase-synth","--json","select","[aria-label=\"Song preset\"]","sunrise"]
["agent-browser","--session","phase-synth","--json","select","[aria-label=\"Song preset\"]","midnight"]
["agent-browser","--session","phase-synth","--json","find","role","button","click","--name","Export WAV","--exact"]
["agent-browser","--session","phase-synth","--json","find","role","button","click","--name","Close export","--exact"]
["agent-browser","--session","phase-synth","--json","scrollintoview","[aria-label=\"Drive drive\"]"]
["agent-browser","--session","phase-synth","--json","eval","--stdin"]
STDIN: (()=>{const e=document.querySelector("[aria-label=\"Drive drive\"]");return {...e.getBoundingClientRect().toJSON(),value:+e.value,min:+e.min,max:+e.max}})()
["agent-browser","--session","phase-synth","--json","mouse","move","548","675"]
["agent-browser","--session","phase-synth","--json","mouse","down","left"]
["agent-browser","--session","phase-synth","--json","mouse","move","564","675"]
["agent-browser","--session","phase-synth","--json","mouse","up","left"]
["agent-browser","--session","phase-synth","--json","find","role","button","click","--name","Export WAV","--exact"]
["agent-browser","--session","phase-synth","--json","eval","--stdin"]
STDIN: phase.diagnostics()
["agent-browser","--session","phase-synth","--json","find","role","button","click","--name","Render & download","--exact"]
["agent-browser","--session","phase-synth","--json","wait","--fn","!phase.diagnostics().exporting && phase.diagnostics().lastExport?.renderedAt !== \"2026-09-07T02:24:12.516Z\""]
["agent-browser","--session","phase-synth","--json","eval","--stdin"]
STDIN: phase.diagnostics()
["agent-browser","--session","phase-synth","--json","find","role","button","click","--name","Close export","--exact"]
["agent-browser","--session","phase-synth","--json","select","[aria-label=\"Song preset\"]","sunrise"]
["agent-browser","--session","phase-synth","--json","select","[aria-label=\"Song preset\"]","midnight"]
["agent-browser","--session","phase-synth","--json","find","role","button","click","--name","Export WAV","--exact"]
["agent-browser","--session","phase-synth","--json","find","role","button","click","--name","Close export","--exact"]
["agent-browser","--session","phase-synth","--json","scrollintoview","[aria-label=\"Tone cutoff\"]"]
["agent-browser","--session","phase-synth","--json","eval","--stdin"]
STDIN: (()=>{const e=document.querySelector("[aria-label=\"Tone cutoff\"]");return {...e.getBoundingClientRect().toJSON(),value:+e.value,min:+e.min,max:+e.max}})()
["agent-browser","--session","phase-synth","--json","mouse","move","804","675"]
["agent-browser","--session","phase-synth","--json","mouse","down","left"]
["agent-browser","--session","phase-synth","--json","mouse","move","788","675"]
["agent-browser","--session","phase-synth","--json","mouse","up","left"]
["agent-browser","--session","phase-synth","--json","find","role","button","click","--name","Export WAV","--exact"]
["agent-browser","--session","phase-synth","--json","eval","--stdin"]
STDIN: phase.diagnostics()
["agent-browser","--session","phase-synth","--json","find","role","button","click","--name","Render & download","--exact"]
["agent-browser","--session","phase-synth","--json","wait","--fn","!phase.diagnostics().exporting && phase.diagnostics().lastExport?.renderedAt !== \"2026-09-07T02:24:12.972Z\""]
["agent-browser","--session","phase-synth","--json","eval","--stdin"]
STDIN: phase.diagnostics()
["agent-browser","--session","phase-synth","--json","find","role","button","click","--name","Close export","--exact"]
["agent-browser","--session","phase-synth","--json","select","[aria-label=\"Song preset\"]","sunrise"]
["agent-browser","--session","phase-synth","--json","select","[aria-label=\"Song preset\"]","midnight"]
["agent-browser","--session","phase-synth","--json","find","role","button","click","--name","Export WAV","--exact"]
["agent-browser","--session","phase-synth","--json","find","role","button","click","--name","Close export","--exact"]
["agent-browser","--session","phase-synth","--json","scrollintoview","[aria-label=\"Limiter glue\"]"]
["agent-browser","--session","phase-synth","--json","eval","--stdin"]
STDIN: (()=>{const e=document.querySelector("[aria-label=\"Limiter glue\"]");return {...e.getBoundingClientRect().toJSON(),value:+e.value,min:+e.min,max:+e.max}})()
["agent-browser","--session","phase-synth","--json","mouse","move","1039","675"]
["agent-browser","--session","phase-synth","--json","mouse","down","left"]
["agent-browser","--session","phase-synth","--json","mouse","move","1054","675"]
["agent-browser","--session","phase-synth","--json","mouse","up","left"]
["agent-browser","--session","phase-synth","--json","find","role","button","click","--name","Export WAV","--exact"]
["agent-browser","--session","phase-synth","--json","eval","--stdin"]
STDIN: phase.diagnostics()
["agent-browser","--session","phase-synth","--json","find","role","button","click","--name","Render & download","--exact"]
["agent-browser","--session","phase-synth","--json","wait","--fn","!phase.diagnostics().exporting && phase.diagnostics().lastExport?.renderedAt !== \"2026-09-07T02:24:13.476Z\""]
["agent-browser","--session","phase-synth","--json","eval","--stdin"]
STDIN: phase.diagnostics()
["agent-browser","--session","phase-synth","--json","find","role","button","click","--name","Close export","--exact"]
["agent-browser","--session","phase-synth","--json","select","[aria-label=\"Song preset\"]","sunrise"]
["agent-browser","--session","phase-synth","--json","select","[aria-label=\"Song preset\"]","midnight"]
["agent-browser","--session","phase-synth","--json","find","role","button","click","--name","Export WAV","--exact"]
["agent-browser","--session","phase-synth","--json","find","role","button","click","--name","Close export","--exact"]
["agent-browser","--session","phase-synth","--json","find","role","button","click","--name","triangle waveform","--exact"]
["agent-browser","--session","phase-synth","--json","find","role","tab","click","--name","Mixer","--exact"]
["agent-browser","--session","phase-synth","--json","scrollintoview","[aria-label=\"Glass keys pan\"]"]
["agent-browser","--session","phase-synth","--json","eval","--stdin"]
STDIN: (()=>{const e=document.querySelector("[aria-label=\"Glass keys pan\"]");return {...e.getBoundingClientRect().toJSON(),value:+e.value,min:+e.min,max:+e.max}})()
["agent-browser","--session","phase-synth","--json","mouse","move","105","400"]
["agent-browser","--session","phase-synth","--json","mouse","down","left"]
["agent-browser","--session","phase-synth","--json","mouse","move","163","400"]
["agent-browser","--session","phase-synth","--json","mouse","up","left"]
["agent-browser","--session","phase-synth","--json","scrollintoview","[aria-label=\"Glass keys volume\"]"]
["agent-browser","--session","phase-synth","--json","eval","--stdin"]
STDIN: (()=>{const e=document.querySelector("[aria-label=\"Glass keys volume\"]");return {...e.getBoundingClientRect().toJSON(),value:+e.value,min:+e.min,max:+e.max}})()
["agent-browser","--session","phase-synth","--json","mouse","move","105","389"]
["agent-browser","--session","phase-synth","--json","mouse","down","left"]
["agent-browser","--session","phase-synth","--json","mouse","move","105","372"]
["agent-browser","--session","phase-synth","--json","mouse","up","left"]
["agent-browser","--session","phase-synth","--json","find","role","button","click","--name","Export WAV","--exact"]
["agent-browser","--session","phase-synth","--json","eval","--stdin"]
STDIN: phase.diagnostics()
["agent-browser","--session","phase-synth","--json","find","role","button","click","--name","Render & download","--exact"]
["agent-browser","--session","phase-synth","--json","wait","--fn","!phase.diagnostics().exporting && phase.diagnostics().lastExport?.renderedAt !== \"2026-09-07T02:24:13.948Z\""]
["agent-browser","--session","phase-synth","--json","eval","--stdin"]
STDIN: phase.diagnostics()
["agent-browser","--session","phase-synth","--json","find","role","button","click","--name","Close export","--exact"]
["agent-browser","--session","phase-synth","--json","scrollintoview","[aria-label=\"Master volume\"]"]
["agent-browser","--session","phase-synth","--json","eval","--stdin"]
STDIN: (()=>{const e=document.querySelector("[aria-label=\"Master volume\"]");return {...e.getBoundingClientRect().toJSON(),value:+e.value,min:+e.min,max:+e.max}})()
["agent-browser","--session","phase-synth","--json","mouse","move","1183","219"]
["agent-browser","--session","phase-synth","--json","mouse","down","left"]
["agent-browser","--session","phase-synth","--json","mouse","move","1079","219"]
["agent-browser","--session","phase-synth","--json","mouse","up","left"]
["agent-browser","--session","phase-synth","--json","eval","--stdin"]
STDIN: phase.getState()
["agent-browser","--session","phase-synth","--json","find","role","button","click","--name","Export WAV","--exact"]
["agent-browser","--session","phase-synth","--json","eval","--stdin"]
STDIN: phase.diagnostics()
["agent-browser","--session","phase-synth","--json","find","role","button","click","--name","Render & download","--exact"]
["agent-browser","--session","phase-synth","--json","wait","--fn","!phase.diagnostics().exporting && phase.diagnostics().lastExport?.renderedAt !== \"2026-09-07T02:24:14.493Z\""]
["agent-browser","--session","phase-synth","--json","eval","--stdin"]
STDIN: phase.diagnostics()
["agent-browser","--session","phase-synth","--json","find","role","button","click","--name","Close export","--exact"]
["agent-browser","--session","phase-synth","--json","select","[aria-label=\"Song preset\"]","sunrise"]
["agent-browser","--session","phase-synth","--json","select","[aria-label=\"Song preset\"]","midnight"]
["agent-browser","--session","phase-synth","--json","find","role","tab","click","--name","Step sequencer","--exact"]
["agent-browser","--session","phase-synth","--json","set","viewport","390","844"]
["agent-browser","--session","phase-synth","--json","scroll","up","3000"]
["agent-browser","--session","phase-synth","--json","eval","--stdin"]
STDIN: ({width:innerWidth,scrollWidth:document.documentElement.scrollWidth,height:innerHeight})
["agent-browser","--session","phase-synth","--json","screenshot","/home/pyro/projects/naked/astra/bench/03-modular-synth/evidence/screenshots/mobile-initial.png"]
["agent-browser","--session","phase-synth","--json","screenshot","--full","/home/pyro/projects/naked/astra/bench/03-modular-synth/evidence/screenshots/mobile-full.png"]
["agent-browser","--session","phase-synth","--json","find","role","button","click","--name","Play","--exact"]
["agent-browser","--session","phase-synth","--json","wait","--fn","phase.diagnostics().playing && phase.diagnostics().rms>0.005"]
["agent-browser","--session","phase-synth","--json","eval","--stdin"]
STDIN: phase.getState()
["agent-browser","--session","phase-synth","--json","click",".step[data-track=\"0\"][data-step=\"1\"]"]
["agent-browser","--session","phase-synth","--json","eval","--stdin"]
STDIN: phase.getState()
["agent-browser","--session","phase-synth","--json","select","[aria-label=\"Pattern length\"]","32"]
["agent-browser","--session","phase-synth","--json","scrollintoview",".step[data-track=\"0\"][data-step=\"31\"]"]
["agent-browser","--session","phase-synth","--json","eval","--stdin"]
STDIN: document.querySelector(".grid-scroll").scrollLeft
["agent-browser","--session","phase-synth","--json","click",".step[data-track=\"0\"][data-step=\"31\"]"]
["agent-browser","--session","phase-synth","--json","eval","--stdin"]
STDIN: phase.getState()
["agent-browser","--session","phase-synth","--json","screenshot","/home/pyro/projects/naked/astra/bench/03-modular-synth/evidence/screenshots/mobile-sequence-end.png"]
["agent-browser","--session","phase-synth","--json","select","[aria-label=\"Pattern length\"]","16"]
["agent-browser","--session","phase-synth","--json","find","role","button","click","--name","Stop","--exact"]
["agent-browser","--session","phase-synth","--json","eval","--stdin"]
STDIN: phase.getState()
["agent-browser","--session","phase-synth","--json","eval","--stdin"]
STDIN: phase.diagnostics()
["agent-browser","--session","phase-synth","--json","find","role","tab","click","--name","Piano roll","--exact"]
["agent-browser","--session","phase-synth","--json","click","[aria-label=\"F4 step 3\"]"]
["agent-browser","--session","phase-synth","--json","eval","--stdin"]
STDIN: phase.getState()
["agent-browser","--session","phase-synth","--json","screenshot","/home/pyro/projects/naked/astra/bench/03-modular-synth/evidence/screenshots/mobile-piano-roll.png"]
["agent-browser","--session","phase-synth","--json","find","role","tab","click","--name","Mixer","--exact"]
["agent-browser","--session","phase-synth","--json","scrollintoview","[aria-label=\"Glass keys volume\"]"]
["agent-browser","--session","phase-synth","--json","eval","--stdin"]
STDIN: (()=>{const e=document.querySelector("[aria-label=\"Glass keys volume\"]");return {...e.getBoundingClientRect().toJSON(),value:+e.value,min:+e.min,max:+e.max}})()
["agent-browser","--session","phase-synth","--json","mouse","move","67","411"]
["agent-browser","--session","phase-synth","--json","mouse","down","left"]
["agent-browser","--session","phase-synth","--json","mouse","move","67","416"]
["agent-browser","--session","phase-synth","--json","mouse","up","left"]
["agent-browser","--session","phase-synth","--json","scrollintoview","[aria-label=\"Glass keys pan\"]"]
["agent-browser","--session","phase-synth","--json","eval","--stdin"]
STDIN: (()=>{const e=document.querySelector("[aria-label=\"Glass keys pan\"]");return {...e.getBoundingClientRect().toJSON(),value:+e.value,min:+e.min,max:+e.max}})()
["agent-browser","--session","phase-synth","--json","mouse","move","71","422"]
["agent-browser","--session","phase-synth","--json","mouse","down","left"]
["agent-browser","--session","phase-synth","--json","mouse","move","58","422"]
["agent-browser","--session","phase-synth","--json","mouse","up","left"]
["agent-browser","--session","phase-synth","--json","eval","--stdin"]
STDIN: phase.getState()
["agent-browser","--session","phase-synth","--json","screenshot","/home/pyro/projects/naked/astra/bench/03-modular-synth/evidence/screenshots/mobile-mixer.png"]
["agent-browser","--session","phase-synth","--json","find","role","tab","click","--name","Step sequencer","--exact"]
["agent-browser","--session","phase-synth","--json","find","role","button","click","--name","Select Sub bass","--exact"]
["agent-browser","--session","phase-synth","--json","select","[aria-label=\"Track preset\"]","sub"]
["agent-browser","--session","phase-synth","--json","scrollintoview","[aria-label=\"Instrument cutoff\"]"]
["agent-browser","--session","phase-synth","--json","eval","--stdin"]
STDIN: (()=>{const e=document.querySelector("[aria-label=\"Instrument cutoff\"]");return {...e.getBoundingClientRect().toJSON(),value:+e.value,min:+e.min,max:+e.max}})()
["agent-browser","--session","phase-synth","--json","mouse","move","237","422"]
["agent-browser","--session","phase-synth","--json","mouse","down","left"]
["agent-browser","--session","phase-synth","--json","mouse","move","241","422"]
["agent-browser","--session","phase-synth","--json","mouse","up","left"]
["agent-browser","--session","phase-synth","--json","eval","--stdin"]
STDIN: phase.getState()
["agent-browser","--session","phase-synth","--json","screenshot","/home/pyro/projects/naked/astra/bench/03-modular-synth/evidence/screenshots/mobile-instrument.png"]
["agent-browser","--session","phase-synth","--json","find","role","button","click","--name","Select Glass keys","--exact"]
["agent-browser","--session","phase-synth","--json","eval","--stdin"]
STDIN: phase.diagnostics()
["agent-browser","--session","phase-synth","--json","eval","--stdin"]
STDIN: phase.getState()
["agent-browser","--session","phase-synth","--json","scrollintoview","[aria-label=\"Play D4\"]"]
["agent-browser","--session","phase-synth","--json","get","cdp-url"]
["agent-browser","--session","phase-synth","--json","eval","--stdin"]
STDIN: document.querySelector("[aria-label=\"Play D4\"]").getBoundingClientRect().toJSON()
["agent-browser","--session","phase-synth","--json","eval","--stdin"]
STDIN: phase.diagnostics()
["agent-browser","--session","phase-synth","--json","eval","--stdin"]
STDIN: phase.diagnostics()
["agent-browser","--session","phase-synth","--json","wait","--fn","phase.diagnostics().activeVoices===0"]
["agent-browser","--session","phase-synth","--json","screenshot","/home/pyro/projects/naked/astra/bench/03-modular-synth/evidence/screenshots/mobile-performance.png"]
["agent-browser","--session","phase-synth","--json","scrollintoview","[aria-label=\"Reverb mix\"]"]
["agent-browser","--session","phase-synth","--json","eval","--stdin"]
STDIN: (()=>{const e=document.querySelector("[aria-label=\"Reverb mix\"]");return {...e.getBoundingClientRect().toJSON(),value:+e.value,min:+e.min,max:+e.max}})()
["agent-browser","--session","phase-synth","--json","mouse","move","225","474"]
["agent-browser","--session","phase-synth","--json","mouse","down","left"]
["agent-browser","--session","phase-synth","--json","mouse","move","235","474"]
["agent-browser","--session","phase-synth","--json","mouse","up","left"]
["agent-browser","--session","phase-synth","--json","eval","--stdin"]
STDIN: phase.getState()
["agent-browser","--session","phase-synth","--json","find","role","button","click","--name","Guide & shortcuts ↗","--exact"]
["agent-browser","--session","phase-synth","--json","eval","--stdin"]
STDIN: document.getElementById("help-dialog").open
["agent-browser","--session","phase-synth","--json","screenshot","/home/pyro/projects/naked/astra/bench/03-modular-synth/evidence/screenshots/mobile-guide.png"]
["agent-browser","--session","phase-synth","--json","press","Escape"]
["agent-browser","--session","phase-synth","--json","eval","--stdin"]
STDIN: document.getElementById("help-dialog").open
["agent-browser","--session","phase-synth","--json","eval","--stdin"]
STDIN: phase.getState()
["agent-browser","--session","phase-synth","--json","find","role","button","click","--name","Export WAV","--exact"]
["agent-browser","--session","phase-synth","--json","eval","--stdin"]
STDIN: document.getElementById("export-dialog").getBoundingClientRect().toJSON()
["agent-browser","--session","phase-synth","--json","screenshot","/home/pyro/projects/naked/astra/bench/03-modular-synth/evidence/screenshots/mobile-export.png"]
["agent-browser","--session","phase-synth","--json","find","role","button","click","--name","Close export","--exact"]
["agent-browser","--session","phase-synth","--json","click","#project-name"]
["agent-browser","--session","phase-synth","--json","press","Space"]
["agent-browser","--session","phase-synth","--json","wait","--fn","phase.diagnostics().playing"]
["agent-browser","--session","phase-synth","--json","press","Space"]
["agent-browser","--session","phase-synth","--json","eval","--stdin"]
STDIN: phase.diagnostics()
["agent-browser","--session","phase-synth","--json","eval","--stdin"]
STDIN: phase.getState()
["agent-browser","--session","phase-synth","--json","press","x"]
["agent-browser","--session","phase-synth","--json","eval","--stdin"]
STDIN: phase.getState()
["agent-browser","--session","phase-synth","--json","press","z"]
["agent-browser","--session","phase-synth","--json","eval","--stdin"]
STDIN: phase.getState()
["agent-browser","--session","phase-synth","--json","focus","#tab-sequencer"]
["agent-browser","--session","phase-synth","--json","press","ArrowRight"]
["agent-browser","--session","phase-synth","--json","eval","--stdin"]
STDIN: phase.diagnostics()
["agent-browser","--session","phase-synth","--json","press","ArrowRight"]
["agent-browser","--session","phase-synth","--json","eval","--stdin"]
STDIN: phase.diagnostics()
["agent-browser","--session","phase-synth","--json","press","Home"]
["agent-browser","--session","phase-synth","--json","eval","--stdin"]
STDIN: phase.diagnostics()
["agent-browser","--session","phase-synth","--json","eval","--stdin"]
STDIN: phase.diagnostics()
["agent-browser","--session","phase-synth","--json","set","viewport","1280","800","2"]
["agent-browser","--session","phase-synth","--json","scroll","up","3000"]
["agent-browser","--session","phase-synth","--json","wait","--fn","devicePixelRatio===2 && document.getElementById(\"scope\").width > 900"]
["agent-browser","--session","phase-synth","--json","eval","--stdin"]
STDIN: Array.from(document.querySelectorAll(".visualizer canvas")).map(c=>({id:c.id,width:c.width,height:c.height,cssWidth:c.getBoundingClientRect().width,cssHeight:c.getBoundingClientRect().height,dpr:devicePixelRatio}))
["agent-browser","--session","phase-synth","--json","screenshot","/home/pyro/projects/naked/astra/bench/03-modular-synth/evidence/screenshots/desktop-retina.png"]
["agent-browser","--session","phase-synth","--json","select","[aria-label=\"Song preset\"]","sunrise"]
["agent-browser","--session","phase-synth","--json","select","[aria-label=\"Song preset\"]","midnight"]
["agent-browser","--session","phase-synth","--json","set","viewport","1280","800","1"]
["agent-browser","--session","phase-synth","--json","scroll","up","3000"]
["agent-browser","--session","phase-synth","--json","eval","--stdin"]
STDIN: (async()=>{const p=Core.makeProject();p.tracks[0].poly=1;const c=new OfflineAudioContext(2,44100,44100),e=new PhaseEngine(c,p);for(const n of [60,64,67,71])e.synth(0,n,.8,.02,.4);const chordCount=e.voices.filter(v=>v.start<=.1&&v.end>.1).length;p.tracks[0].poly=8;for(const n of [48,52,55,59])e.synth(0,n,.8,.2,.4);p.tracks[0].poly=1;e.synth(0,72,.8,.3,.4);const reducedCount=e.voices.filter(v=>v.start<=.35&&v.end>.35).length;const b=await c.startRendering();return{chordCount,reducedCount,peak:Math.max(...b.getChannelData(0))}})()
["agent-browser","--session","phase-synth","--json","eval","--stdin"]
STDIN: (async()=>{const render=async(a,d,duration)=>{const p=Core.makeProject();for(const f of Object.values(p.fx))f.on=false;Object.assign(p.tracks[0],{a,d,s:.4,r:.3,lfoDepth:0,envAmount:0,cutoff:18000,q:.1});const c=new OfflineAudioContext(2,44100,44100),e=new PhaseEngine(c,p);e.synth(0,60,.8,.02,duration);return(await c.startRendering()).getChannelData(0)};const out=[];for(const [a,d,gate,end] of [[.65,.2,.1,.105],[.02,.6,.2,.2]]){const short=await render(a,d,gate),long=await render(a,d,2);let sum=0,diff=0,n=0;for(let i=Math.ceil(.04*44100);i<end*44100;i++){sum+=long[i]*long[i];diff+=(short[i]-long[i])**2;n++}out.push({a,d,referenceRms:Math.sqrt(sum/n),preReleaseDifference:Math.sqrt(diff/n)})}return out})()
["agent-browser","--session","phase-synth","--json","eval","--stdin"]
STDIN: Core.makeProject()
["agent-browser","--session","phase-synth","--json","find","role","button","click","--name","Load project","--exact"]
["agent-browser","--session","phase-synth","--json","upload","#project-file","/home/pyro/projects/naked/astra/bench/03-modular-synth/evidence/tests/import-literal-name.json"]
["agent-browser","--session","phase-synth","--json","wait","--fn","document.getElementById(\"toast\").textContent.startsWith(\"Project loaded:\")"]
["agent-browser","--session","phase-synth","--json","eval","--stdin"]
STDIN: document.querySelectorAll("[data-import]").length
["agent-browser","--session","phase-synth","--json","eval","--stdin"]
STDIN: Array.from(document.querySelectorAll("[data-select],[data-channel],[data-pad]")).map(e=>e.getAttribute("aria-label"))
["agent-browser","--session","phase-synth","--json","select","[aria-label=\"Song preset\"]","sunrise"]
["agent-browser","--session","phase-synth","--json","select","[aria-label=\"Song preset\"]","midnight"]
["agent-browser","--session","phase-synth","--json","eval","--stdin"]
STDIN: phase.diagnostics()
["agent-browser","--session","phase-synth","--json","fill","[aria-label=\"Tempo\"]","220"]
["agent-browser","--session","phase-synth","--json","press","Tab"]
["agent-browser","--session","phase-synth","--json","scrollintoview","[aria-label=\"Swing\"]"]
["agent-browser","--session","phase-synth","--json","eval","--stdin"]
STDIN: (()=>{const e=document.querySelector("[aria-label=\"Swing\"]");return {...e.getBoundingClientRect().toJSON(),value:+e.value,min:+e.min,max:+e.max}})()
["agent-browser","--session","phase-synth","--json","mouse","move","373","218"]
["agent-browser","--session","phase-synth","--json","mouse","down","left"]
["agent-browser","--session","phase-synth","--json","mouse","move","398","218"]
["agent-browser","--session","phase-synth","--json","mouse","up","left"]
["agent-browser","--session","phase-synth","--json","eval","--stdin"]
STDIN: window.__phaseSchedule=[];window.__phaseScheduleOriginal=PhaseEngine.prototype.scheduleStep;PhaseEngine.prototype.scheduleStep=function(index,time,absolute){__phaseSchedule.push({index,time,absolute});return __phaseScheduleOriginal.call(this,index,time,absolute)}
["agent-browser","--session","phase-synth","--json","find","role","button","click","--name","Play","--exact"]
["agent-browser","--session","phase-synth","--json","wait","--fn","phase.diagnostics().playing && phase.diagnostics().queuedEvents>0"]
["agent-browser","--session","phase-synth","--json","find","role","button","click","--name","Pause","--exact"]
["agent-browser","--session","phase-synth","--json","eval","--stdin"]
STDIN: phase.diagnostics()
["agent-browser","--session","phase-synth","--json","eval","--stdin"]
STDIN: __phaseSchedule.length=0
["agent-browser","--session","phase-synth","--json","find","role","button","click","--name","Play","--exact"]
["agent-browser","--session","phase-synth","--json","wait","--fn","window.__phaseSchedule.length>1"]
["agent-browser","--session","phase-synth","--json","eval","--stdin"]
STDIN: __phaseSchedule.slice(0,2)
["agent-browser","--session","phase-synth","--json","find","role","button","click","--name","Pause","--exact"]
["agent-browser","--session","phase-synth","--json","find","role","button","click","--name","Play","--exact"]
["agent-browser","--session","phase-synth","--json","wait","--fn","phase.diagnostics().playing && phase.diagnostics().queuedEvents>0"]
["agent-browser","--session","phase-synth","--json","find","role","button","click","--name","Pause","--exact"]
["agent-browser","--session","phase-synth","--json","eval","--stdin"]
STDIN: phase.diagnostics()
["agent-browser","--session","phase-synth","--json","eval","--stdin"]
STDIN: __phaseSchedule.length=0
["agent-browser","--session","phase-synth","--json","find","role","button","click","--name","Play","--exact"]
["agent-browser","--session","phase-synth","--json","wait","--fn","window.__phaseSchedule.length>1"]
["agent-browser","--session","phase-synth","--json","eval","--stdin"]
STDIN: __phaseSchedule.slice(0,2)
["agent-browser","--session","phase-synth","--json","find","role","button","click","--name","Pause","--exact"]
["agent-browser","--session","phase-synth","--json","find","role","button","click","--name","Play","--exact"]
["agent-browser","--session","phase-synth","--json","wait","--fn","phase.diagnostics().playing && phase.diagnostics().queuedEvents>0"]
["agent-browser","--session","phase-synth","--json","find","role","button","click","--name","Pause","--exact"]
["agent-browser","--session","phase-synth","--json","eval","--stdin"]
STDIN: phase.diagnostics()
["agent-browser","--session","phase-synth","--json","eval","--stdin"]
STDIN: __phaseSchedule.length=0
["agent-browser","--session","phase-synth","--json","find","role","button","click","--name","Play","--exact"]
["agent-browser","--session","phase-synth","--json","wait","--fn","window.__phaseSchedule.length>1"]
["agent-browser","--session","phase-synth","--json","eval","--stdin"]
STDIN: __phaseSchedule.slice(0,2)
["agent-browser","--session","phase-synth","--json","find","role","button","click","--name","Pause","--exact"]
["agent-browser","--session","phase-synth","--json","find","role","button","click","--name","Play","--exact"]
["agent-browser","--session","phase-synth","--json","wait","--fn","phase.diagnostics().playing && phase.diagnostics().queuedEvents>0"]
["agent-browser","--session","phase-synth","--json","find","role","button","click","--name","Pause","--exact"]
["agent-browser","--session","phase-synth","--json","eval","--stdin"]
STDIN: phase.diagnostics()
["agent-browser","--session","phase-synth","--json","eval","--stdin"]
STDIN: __phaseSchedule.length=0
["agent-browser","--session","phase-synth","--json","find","role","button","click","--name","Play","--exact"]
["agent-browser","--session","phase-synth","--json","wait","--fn","window.__phaseSchedule.length>1"]
["agent-browser","--session","phase-synth","--json","eval","--stdin"]
STDIN: __phaseSchedule.slice(0,2)
["agent-browser","--session","phase-synth","--json","find","role","button","click","--name","Pause","--exact"]
["agent-browser","--session","phase-synth","--json","find","role","button","click","--name","Stop","--exact"]
["agent-browser","--session","phase-synth","--json","eval","--stdin"]
STDIN: PhaseEngine.prototype.scheduleStep=__phaseScheduleOriginal
["agent-browser","--session","phase-synth","--json","select","[aria-label=\"Song preset\"]","sunrise"]
["agent-browser","--session","phase-synth","--json","select","[aria-label=\"Song preset\"]","midnight"]
["agent-browser","--session","phase-synth","--json","set","viewport","390","844"]
["agent-browser","--session","phase-synth","--json","scrollintoview","#instrument"]
["agent-browser","--session","phase-synth","--json","eval","--stdin"]
STDIN: (()=>{const p=document.getElementById("instrument").getBoundingClientRect();return Array.from(document.querySelectorAll("#instrument input,#instrument select,#instrument .dial,#instrument .section-title")).map(e=>({label:e.getAttribute("aria-label")||e.textContent,left:e.getBoundingClientRect().left,right:e.getBoundingClientRect().right,panelLeft:p.left,panelRight:p.right})).filter(r=>r.left<r.panelLeft||r.right>r.panelRight)})()
["agent-browser","--session","phase-synth","--json","set","viewport","1280","800"]
["agent-browser","--session","phase-synth","--json","eval","--stdin"]
STDIN: Core.makeProject()
["agent-browser","--session","phase-synth","--json","find","role","button","click","--name","Load project","--exact"]
["agent-browser","--session","phase-synth","--json","upload","#project-file","/home/pyro/projects/naked/astra/bench/03-modular-synth/evidence/tests/zero-feedback-tail.json"]
["agent-browser","--session","phase-synth","--json","wait","--fn","document.getElementById(\"toast\").textContent.startsWith(\"Project loaded:\")"]
["agent-browser","--session","phase-synth","--json","find","role","button","click","--name","Export WAV","--exact"]
["agent-browser","--session","phase-synth","--json","select","#export-loops","1"]
["agent-browser","--session","phase-synth","--json","get","cdp-url"]
["agent-browser","--session","phase-synth","--json","eval","--stdin"]
STDIN: phase.diagnostics()
["agent-browser","--session","phase-synth","--json","find","role","button","click","--name","Render & download","--exact"]
["agent-browser","--session","phase-synth","--json","wait","--fn","!phase.diagnostics().exporting && phase.diagnostics().lastExport?.renderedAt!==\"2026-09-07T02:24:14.858Z\""]
["agent-browser","--session","phase-synth","--json","find","role","button","click","--name","Close export","--exact"]
["agent-browser","--session","phase-synth","--json","find","role","button","click","--name","Load project","--exact"]
["agent-browser","--session","phase-synth","--json","upload","#project-file","/home/pyro/projects/naked/astra/bench/03-modular-synth/evidence/tests/release-reverb-tail.json"]
["agent-browser","--session","phase-synth","--json","wait","--fn","document.getElementById(\"toast\").textContent.startsWith(\"Project loaded:\")"]
["agent-browser","--session","phase-synth","--json","find","role","button","click","--name","Export WAV","--exact"]
["agent-browser","--session","phase-synth","--json","select","#export-loops","1"]
["agent-browser","--session","phase-synth","--json","eval","--stdin"]
STDIN: phase.diagnostics()
["agent-browser","--session","phase-synth","--json","find","role","button","click","--name","Render & download","--exact"]
["agent-browser","--session","phase-synth","--json","wait","--fn","!phase.diagnostics().exporting && phase.diagnostics().lastExport?.renderedAt!==\"2026-09-07T02:32:57.660Z\""]
["agent-browser","--session","phase-synth","--json","find","role","button","click","--name","Close export","--exact"]
["agent-browser","--session","phase-synth","--json","select","[aria-label=\"Song preset\"]","sunrise"]
["agent-browser","--session","phase-synth","--json","select","[aria-label=\"Song preset\"]","midnight"]
["agent-browser","--session","phase-synth","--json","eval","--stdin"]
STDIN: Core.makeProject()
["agent-browser","--session","phase-synth","--json","find","role","button","click","--name","Load project","--exact"]
["agent-browser","--session","phase-synth","--json","upload","#project-file","/home/pyro/projects/naked/astra/bench/03-modular-synth/evidence/tests/import-literal-name.json"]
["agent-browser","--session","phase-synth","--json","wait","--fn","document.getElementById(\"toast\").textContent.startsWith(\"Project loaded:\")"]
["agent-browser","--session","phase-synth","--json","eval","--stdin"]
STDIN: document.querySelectorAll("[data-import]").length
["agent-browser","--session","phase-synth","--json","eval","--stdin"]
STDIN: Array.from(document.querySelectorAll("[data-select],[data-channel],[data-pad]")).map(e=>e.getAttribute("aria-label"))
["agent-browser","--session","phase-synth","--json","select","[aria-label=\"Song preset\"]","sunrise"]
["agent-browser","--session","phase-synth","--json","select","[aria-label=\"Song preset\"]","midnight"]
["agent-browser","--session","phase-synth","--json","eval","--stdin"]
STDIN: (async()=>{const render=async(a,d,duration)=>{const p=Core.makeProject();for(const f of Object.values(p.fx))f.on=false;Object.assign(p.tracks[0],{a,d,s:.4,r:.3,lfoDepth:0,envAmount:0,cutoff:18000,q:.1});const c=new OfflineAudioContext(2,44100,44100),e=new PhaseEngine(c,p);e.synth(0,60,.8,.02,duration);return(await c.startRendering()).getChannelData(0)};const out=[];for(const [a,d,gate,end] of [[.65,.2,.1,.105],[.02,.6,.2,.2]]){const short=await render(a,d,gate),long=await render(a,d,2);let sum=0,diff=0,n=0;for(let i=Math.ceil(.04*44100);i<end*44100;i++){sum+=long[i]*long[i];diff+=(short[i]-long[i])**2;n++}out.push({a,d,referenceRms:Math.sqrt(sum/n),preReleaseDifference:Math.sqrt(diff/n)})}return out})()
["agent-browser","--session","phase-synth","--json","eval","--stdin"]
STDIN: (async()=>{const p=Core.makeProject();p.tracks[0].poly=1;const c=new OfflineAudioContext(2,44100,44100),e=new PhaseEngine(c,p);for(const n of [60,64,67,71])e.synth(0,n,.8,.02,.4);const chordCount=e.voices.filter(v=>v.start<=.1&&v.end>.1).length;p.tracks[0].poly=8;for(const n of [48,52,55,59])e.synth(0,n,.8,.2,.4);p.tracks[0].poly=1;e.synth(0,72,.8,.3,.4);const reducedCount=e.voices.filter(v=>v.start<=.35&&v.end>.35).length;const b=await c.startRendering();return{chordCount,reducedCount,peak:Math.max(...b.getChannelData(0))}})()
["agent-browser","--session","phase-synth","--json","eval","--stdin"]
STDIN: (async()=>{const p=Core.makeProject();p.tracks[0].poly=1;const c=new OfflineAudioContext(2,44100,44100),e=new PhaseEngine(c,p);e.synth(0,60,.8,0,.04);e.synth(0,64,.8,.1,.04);const voicesAt150ms=e.voices.filter(v=>v.start<=.15&&v.end>.15).length;const b=await c.startRendering();let peak=0;for(const x of b.getChannelData(0))peak=Math.max(peak,Math.abs(x));return{voicesAt150ms,peak}})()
["agent-browser","--session","phase-synth","--json","eval","--stdin"]
STDIN: phase.diagnostics()
["agent-browser","--session","phase-synth","--json","eval","--stdin"]
STDIN: window.__NativeAudioContext=window.AudioContext;window.AudioContext=class extends __NativeAudioContext {constructor(options){super({...options,sinkId:{type:'none'}})}}
["agent-browser","--session","phase-synth","--json","find","role","button","click","--name","Enable audio","--exact"]
["agent-browser","--session","phase-synth","--json","wait","--fn","phase.diagnostics().audioTime>.1"]
["agent-browser","--session","phase-synth","--json","fill","[aria-label=\"Tempo\"]","220"]
["agent-browser","--session","phase-synth","--json","press","Tab"]
["agent-browser","--session","phase-synth","--json","scrollintoview","[aria-label=\"Swing\"]"]
["agent-browser","--session","phase-synth","--json","eval","--stdin"]
STDIN: (()=>{const e=document.querySelector("[aria-label=\"Swing\"]");return {...e.getBoundingClientRect().toJSON(),value:+e.value,min:+e.min,max:+e.max}})()
["agent-browser","--session","phase-synth","--json","mouse","move","373","218"]
["agent-browser","--session","phase-synth","--json","mouse","down","left"]
["agent-browser","--session","phase-synth","--json","mouse","move","398","218"]
["agent-browser","--session","phase-synth","--json","mouse","up","left"]
["agent-browser","--session","phase-synth","--json","eval","--stdin"]
STDIN: window.__phaseSchedule=[];window.__phaseScheduleOriginal=PhaseEngine.prototype.scheduleStep;PhaseEngine.prototype.scheduleStep=function(index,time,absolute){__phaseSchedule.push({index,time,absolute});return __phaseScheduleOriginal.call(this,index,time,absolute)}
["agent-browser","--session","phase-synth","--json","find","role","button","click","--name","Play","--exact"]
["agent-browser","--session","phase-synth","--json","wait","--fn","phase.diagnostics().playing && phase.diagnostics().queuedEvents>0"]
["agent-browser","--session","phase-synth","--json","find","role","button","click","--name","Pause","--exact"]
["agent-browser","--session","phase-synth","--json","eval","--stdin"]
STDIN: phase.diagnostics()
["agent-browser","--session","phase-synth","--json","eval","--stdin"]
STDIN: __phaseSchedule.length=0
["agent-browser","--session","phase-synth","--json","find","role","button","click","--name","Play","--exact"]
["agent-browser","--session","phase-synth","--json","wait","--fn","window.__phaseSchedule.length>1"]
["agent-browser","--session","phase-synth","--json","eval","--stdin"]
STDIN: __phaseSchedule.slice(0,2)
["agent-browser","--session","phase-synth","--json","find","role","button","click","--name","Pause","--exact"]
["agent-browser","--session","phase-synth","--json","find","role","button","click","--name","Play","--exact"]
["agent-browser","--session","phase-synth","--json","wait","--fn","phase.diagnostics().playing && phase.diagnostics().queuedEvents>0"]
["agent-browser","--session","phase-synth","--json","find","role","button","click","--name","Pause","--exact"]
["agent-browser","--session","phase-synth","--json","eval","--stdin"]
STDIN: phase.diagnostics()
["agent-browser","--session","phase-synth","--json","eval","--stdin"]
STDIN: __phaseSchedule.length=0
["agent-browser","--session","phase-synth","--json","find","role","button","click","--name","Play","--exact"]
["agent-browser","--session","phase-synth","--json","wait","--fn","window.__phaseSchedule.length>1"]
["agent-browser","--session","phase-synth","--json","eval","--stdin"]
STDIN: __phaseSchedule.slice(0,2)
["agent-browser","--session","phase-synth","--json","find","role","button","click","--name","Pause","--exact"]
["agent-browser","--session","phase-synth","--json","find","role","button","click","--name","Play","--exact"]
["agent-browser","--session","phase-synth","--json","wait","--fn","phase.diagnostics().playing && phase.diagnostics().queuedEvents>0"]
["agent-browser","--session","phase-synth","--json","find","role","button","click","--name","Pause","--exact"]
["agent-browser","--session","phase-synth","--json","eval","--stdin"]
STDIN: phase.diagnostics()
["agent-browser","--session","phase-synth","--json","eval","--stdin"]
STDIN: __phaseSchedule.length=0
["agent-browser","--session","phase-synth","--json","find","role","button","click","--name","Play","--exact"]
["agent-browser","--session","phase-synth","--json","wait","--fn","window.__phaseSchedule.length>1"]
["agent-browser","--session","phase-synth","--json","eval","--stdin"]
STDIN: __phaseSchedule.slice(0,2)
["agent-browser","--session","phase-synth","--json","find","role","button","click","--name","Pause","--exact"]
["agent-browser","--session","phase-synth","--json","find","role","button","click","--name","Play","--exact"]
["agent-browser","--session","phase-synth","--json","wait","--fn","phase.diagnostics().playing && phase.diagnostics().queuedEvents>0"]
["agent-browser","--session","phase-synth","--json","find","role","button","click","--name","Pause","--exact"]
["agent-browser","--session","phase-synth","--json","eval","--stdin"]
STDIN: phase.diagnostics()
["agent-browser","--session","phase-synth","--json","eval","--stdin"]
STDIN: __phaseSchedule.length=0
["agent-browser","--session","phase-synth","--json","find","role","button","click","--name","Play","--exact"]
["agent-browser","--session","phase-synth","--json","wait","--fn","window.__phaseSchedule.length>1"]
["agent-browser","--session","phase-synth","--json","eval","--stdin"]
STDIN: __phaseSchedule.slice(0,2)
["agent-browser","--session","phase-synth","--json","find","role","button","click","--name","Pause","--exact"]
["agent-browser","--session","phase-synth","--json","find","role","button","click","--name","Stop","--exact"]
["agent-browser","--session","phase-synth","--json","eval","--stdin"]
STDIN: PhaseEngine.prototype.scheduleStep=__phaseScheduleOriginal
["agent-browser","--session","phase-synth","--json","select","[aria-label=\"Song preset\"]","sunrise"]
["agent-browser","--session","phase-synth","--json","select","[aria-label=\"Song preset\"]","midnight"]
["agent-browser","--session","phase-synth","--json","eval","--stdin"]
STDIN: Core.makeProject()
["agent-browser","--session","phase-synth","--json","find","role","button","click","--name","Load project","--exact"]
["agent-browser","--session","phase-synth","--json","upload","#project-file","/home/pyro/projects/naked/astra/bench/03-modular-synth/evidence/tests/zero-feedback-tail.json"]
["agent-browser","--session","phase-synth","--json","wait","--fn","document.getElementById(\"toast\").textContent.startsWith(\"Project loaded:\")"]
["agent-browser","--session","phase-synth","--json","find","role","button","click","--name","Export WAV","--exact"]
["agent-browser","--session","phase-synth","--json","select","#export-loops","1"]
["agent-browser","--session","phase-synth","--json","get","cdp-url"]
["agent-browser","--session","phase-synth","--json","eval","--stdin"]
STDIN: phase.diagnostics()
["agent-browser","--session","phase-synth","--json","find","role","button","click","--name","Render & download","--exact"]
["agent-browser","--session","phase-synth","--json","wait","--fn","!phase.diagnostics().exporting && phase.diagnostics().lastExport?.renderedAt!==\"\""]
["agent-browser","--session","phase-synth","--json","find","role","button","click","--name","Close export","--exact"]
["agent-browser","--session","phase-synth","--json","find","role","button","click","--name","Load project","--exact"]
["agent-browser","--session","phase-synth","--json","upload","#project-file","/home/pyro/projects/naked/astra/bench/03-modular-synth/evidence/tests/release-reverb-tail.json"]
["agent-browser","--session","phase-synth","--json","wait","--fn","document.getElementById(\"toast\").textContent.startsWith(\"Project loaded:\")"]
["agent-browser","--session","phase-synth","--json","find","role","button","click","--name","Export WAV","--exact"]
["agent-browser","--session","phase-synth","--json","select","#export-loops","1"]
["agent-browser","--session","phase-synth","--json","eval","--stdin"]
STDIN: phase.diagnostics()
["agent-browser","--session","phase-synth","--json","find","role","button","click","--name","Render & download","--exact"]
["agent-browser","--session","phase-synth","--json","wait","--fn","!phase.diagnostics().exporting && phase.diagnostics().lastExport?.renderedAt!==\"2026-09-07T02:35:10.368Z\""]
["agent-browser","--session","phase-synth","--json","find","role","button","click","--name","Close export","--exact"]
["agent-browser","--session","phase-synth","--json","select","[aria-label=\"Song preset\"]","sunrise"]
["agent-browser","--session","phase-synth","--json","select","[aria-label=\"Song preset\"]","midnight"]
["agent-browser","--session","phase-synth","--json","set","viewport","390","844"]
["agent-browser","--session","phase-synth","--json","scrollintoview","#instrument"]
["agent-browser","--session","phase-synth","--json","eval","--stdin"]
STDIN: (()=>{const p=document.getElementById("instrument").getBoundingClientRect();return Array.from(document.querySelectorAll("#instrument input,#instrument select,#instrument .dial,#instrument .section-title")).map(e=>({label:e.getAttribute("aria-label")||e.textContent,left:e.getBoundingClientRect().left,right:e.getBoundingClientRect().right,panelLeft:p.left,panelRight:p.right})).filter(r=>r.left<r.panelLeft||r.right>r.panelRight)})()
["agent-browser","--session","phase-synth","--json","set","viewport","1280","800"]
["agent-browser","--session","phase-synth","--json","eval","--stdin"]
STDIN: (async()=>{const p=Core.makeProject();p.tracks[0].poly=1;const c=new OfflineAudioContext(2,44100,44100),e=new PhaseEngine(c,p);for(const n of [60,64,67,71])e.synth(0,n,.8,.02,.4);const chordCount=e.voices.filter(v=>v.start<=.1&&v.end>.1).length;p.tracks[0].poly=8;for(const n of [48,52,55,59])e.synth(0,n,.8,.2,.4);p.tracks[0].poly=1;e.synth(0,72,.8,.3,.4);const reducedCount=e.voices.filter(v=>v.start<=.35&&v.end>.35).length;const b=await c.startRendering();return{chordCount,reducedCount,peak:Math.max(...b.getChannelData(0))}})()
["agent-browser","--session","phase-synth","--json","eval","--stdin"]
STDIN: (async()=>{const render=async(a,d,duration)=>{const p=Core.makeProject();for(const f of Object.values(p.fx))f.on=false;Object.assign(p.tracks[0],{a,d,s:.4,r:.3,lfoDepth:0,envAmount:0,cutoff:18000,q:.1});const c=new OfflineAudioContext(2,44100,44100),e=new PhaseEngine(c,p);e.synth(0,60,.8,.02,duration);return(await c.startRendering()).getChannelData(0)};const out=[];for(const [a,d,gate,end] of [[.65,.2,.1,.105],[.02,.6,.2,.2]]){const short=await render(a,d,gate),long=await render(a,d,2);let sum=0,diff=0,n=0;for(let i=Math.ceil(.04*44100);i<end*44100;i++){sum+=long[i]*long[i];diff+=(short[i]-long[i])**2;n++}out.push({a,d,referenceRms:Math.sqrt(sum/n),preReleaseDifference:Math.sqrt(diff/n)})}return out})()
["agent-browser","--session","phase-synth","--json","eval","--stdin"]
STDIN: Core.makeProject()
["agent-browser","--session","phase-synth","--json","find","role","button","click","--name","Load project","--exact"]
["agent-browser","--session","phase-synth","--json","upload","#project-file","/home/pyro/projects/naked/astra/bench/03-modular-synth/evidence/tests/import-literal-name.json"]
["agent-browser","--session","phase-synth","--json","wait","--fn","document.getElementById(\"toast\").textContent.startsWith(\"Project loaded:\")"]
["agent-browser","--session","phase-synth","--json","eval","--stdin"]
STDIN: document.querySelectorAll("[data-import]").length
["agent-browser","--session","phase-synth","--json","eval","--stdin"]
STDIN: Array.from(document.querySelectorAll("[data-select],[data-channel],[data-pad]")).map(e=>e.getAttribute("aria-label"))
["agent-browser","--session","phase-synth","--json","select","[aria-label=\"Song preset\"]","sunrise"]
["agent-browser","--session","phase-synth","--json","select","[aria-label=\"Song preset\"]","midnight"]
["agent-browser","--session","phase-synth","--json","eval","--stdin"]
STDIN: phase.diagnostics()
["agent-browser","--session","phase-synth","--json","eval","--stdin"]
STDIN: window.__NativeAudioContext=window.AudioContext;window.AudioContext=class extends __NativeAudioContext {constructor(options){super({...options,sinkId:{type:'none'}})}}
["agent-browser","--session","phase-synth","--json","find","role","button","click","--name","Enable audio","--exact"]
["agent-browser","--session","phase-synth","--json","wait","--fn","phase.diagnostics().audioTime>.1"]
["agent-browser","--session","phase-synth","--json","fill","[aria-label=\"Tempo\"]","220"]
["agent-browser","--session","phase-synth","--json","press","Tab"]
["agent-browser","--session","phase-synth","--json","scrollintoview","[aria-label=\"Swing\"]"]
["agent-browser","--session","phase-synth","--json","eval","--stdin"]
STDIN: (()=>{const e=document.querySelector("[aria-label=\"Swing\"]");return {...e.getBoundingClientRect().toJSON(),value:+e.value,min:+e.min,max:+e.max}})()
["agent-browser","--session","phase-synth","--json","mouse","move","373","218"]
["agent-browser","--session","phase-synth","--json","mouse","down","left"]
["agent-browser","--session","phase-synth","--json","mouse","move","398","218"]
["agent-browser","--session","phase-synth","--json","mouse","up","left"]
["agent-browser","--session","phase-synth","--json","eval","--stdin"]
STDIN: window.__phaseSchedule=[];window.__phaseScheduleOriginal=PhaseEngine.prototype.scheduleStep;PhaseEngine.prototype.scheduleStep=function(index,time,absolute){__phaseSchedule.push({index,time,absolute});return __phaseScheduleOriginal.call(this,index,time,absolute)}
["agent-browser","--session","phase-synth","--json","find","role","button","click","--name","Play","--exact"]
["agent-browser","--session","phase-synth","--json","wait","--fn","phase.diagnostics().playing && phase.diagnostics().queuedEvents>0"]
["agent-browser","--session","phase-synth","--json","find","role","button","click","--name","Pause","--exact"]
["agent-browser","--session","phase-synth","--json","eval","--stdin"]
STDIN: phase.diagnostics()
["agent-browser","--session","phase-synth","--json","eval","--stdin"]
STDIN: __phaseSchedule.length=0
["agent-browser","--session","phase-synth","--json","find","role","button","click","--name","Play","--exact"]
["agent-browser","--session","phase-synth","--json","wait","--fn","window.__phaseSchedule.length>1"]
["agent-browser","--session","phase-synth","--json","eval","--stdin"]
STDIN: __phaseSchedule.slice(0,2)
["agent-browser","--session","phase-synth","--json","find","role","button","click","--name","Pause","--exact"]
["agent-browser","--session","phase-synth","--json","find","role","button","click","--name","Play","--exact"]
["agent-browser","--session","phase-synth","--json","wait","--fn","phase.diagnostics().playing && phase.diagnostics().queuedEvents>0"]
["agent-browser","--session","phase-synth","--json","find","role","button","click","--name","Pause","--exact"]
["agent-browser","--session","phase-synth","--json","eval","--stdin"]
STDIN: phase.diagnostics()
["agent-browser","--session","phase-synth","--json","eval","--stdin"]
STDIN: __phaseSchedule.length=0
["agent-browser","--session","phase-synth","--json","find","role","button","click","--name","Play","--exact"]
["agent-browser","--session","phase-synth","--json","wait","--fn","window.__phaseSchedule.length>1"]
["agent-browser","--session","phase-synth","--json","eval","--stdin"]
STDIN: __phaseSchedule.slice(0,2)
["agent-browser","--session","phase-synth","--json","find","role","button","click","--name","Pause","--exact"]
["agent-browser","--session","phase-synth","--json","find","role","button","click","--name","Play","--exact"]
["agent-browser","--session","phase-synth","--json","wait","--fn","phase.diagnostics().playing && phase.diagnostics().queuedEvents>0"]
["agent-browser","--session","phase-synth","--json","find","role","button","click","--name","Pause","--exact"]
["agent-browser","--session","phase-synth","--json","eval","--stdin"]
STDIN: phase.diagnostics()
["agent-browser","--session","phase-synth","--json","eval","--stdin"]
STDIN: __phaseSchedule.length=0
["agent-browser","--session","phase-synth","--json","find","role","button","click","--name","Play","--exact"]
["agent-browser","--session","phase-synth","--json","wait","--fn","window.__phaseSchedule.length>1"]
["agent-browser","--session","phase-synth","--json","eval","--stdin"]
STDIN: __phaseSchedule.slice(0,2)
["agent-browser","--session","phase-synth","--json","find","role","button","click","--name","Pause","--exact"]
["agent-browser","--session","phase-synth","--json","find","role","button","click","--name","Play","--exact"]
["agent-browser","--session","phase-synth","--json","wait","--fn","phase.diagnostics().playing && phase.diagnostics().queuedEvents>0"]
["agent-browser","--session","phase-synth","--json","find","role","button","click","--name","Pause","--exact"]
["agent-browser","--session","phase-synth","--json","eval","--stdin"]
STDIN: phase.diagnostics()
["agent-browser","--session","phase-synth","--json","eval","--stdin"]
STDIN: __phaseSchedule.length=0
["agent-browser","--session","phase-synth","--json","find","role","button","click","--name","Play","--exact"]
["agent-browser","--session","phase-synth","--json","wait","--fn","window.__phaseSchedule.length>1"]
["agent-browser","--session","phase-synth","--json","eval","--stdin"]
STDIN: __phaseSchedule.slice(0,2)
["agent-browser","--session","phase-synth","--json","find","role","button","click","--name","Pause","--exact"]
["agent-browser","--session","phase-synth","--json","find","role","button","click","--name","Stop","--exact"]
["agent-browser","--session","phase-synth","--json","eval","--stdin"]
STDIN: PhaseEngine.prototype.scheduleStep=__phaseScheduleOriginal
["agent-browser","--session","phase-synth","--json","select","[aria-label=\"Song preset\"]","sunrise"]
["agent-browser","--session","phase-synth","--json","select","[aria-label=\"Song preset\"]","midnight"]
["agent-browser","--session","phase-synth","--json","set","viewport","390","844"]
["agent-browser","--session","phase-synth","--json","scrollintoview","#instrument"]
["agent-browser","--session","phase-synth","--json","eval","--stdin"]
STDIN: (()=>{const p=document.getElementById("instrument").getBoundingClientRect();return Array.from(document.querySelectorAll("#instrument input,#instrument select,#instrument .dial,#instrument .section-title")).map(e=>({label:e.getAttribute("aria-label")||e.textContent,left:e.getBoundingClientRect().left,right:e.getBoundingClientRect().right,panelLeft:p.left,panelRight:p.right})).filter(r=>r.left<r.panelLeft||r.right>r.panelRight)})()
["agent-browser","--session","phase-synth","--json","set","viewport","1280","800"]
["agent-browser","--session","phase-synth","--json","reload"]
["agent-browser","--session","phase-synth","--json","wait","--fn","document.readyState===\"complete\" && typeof phase===\"object\""]
["agent-browser","--session","phase-synth","--json","eval","--stdin"]
STDIN: window.__NativeAudioContext=window.AudioContext;window.AudioContext=class extends __NativeAudioContext {constructor(options){super({...options,sinkId:{type:'none'}})}}
["agent-browser","--session","phase-synth","--json","select","[aria-label=\"Song preset\"]","sunrise"]
["agent-browser","--session","phase-synth","--json","select","[aria-label=\"Song preset\"]","midnight"]
["agent-browser","--session","phase-synth","--json","find","role","button","click","--name","Enable audio","--exact"]
["agent-browser","--session","phase-synth","--json","wait","--fn","phase.diagnostics().context===\"running\" && phase.diagnostics().audioTime>0.1"]
["agent-browser","--session","phase-synth","--json","find","role","button","click","--name","Play","--exact"]
["agent-browser","--session","phase-synth","--json","eval","--stdin"]
STDIN: (async()=>{const out=[];const end=performance.now()+2500;while(performance.now()<end){out.push(phase.diagnostics());await new Promise(r=>setTimeout(r,35))}return out})()
["agent-browser","--session","phase-synth","--json","screenshot","/home/pyro/projects/naked/astra/bench/03-modular-synth/evidence/screenshots/desktop-regression-playing.png"]
["agent-browser","--session","phase-synth","--json","find","role","button","click","--name","Glass keys step 2, off, D4, velocity 75%","--exact"]
["agent-browser","--session","phase-synth","--json","eval","--stdin"]
STDIN: phase.getState()
["agent-browser","--session","phase-synth","--json","get","cdp-url"]
["agent-browser","--session","phase-synth","--json","eval","--stdin"]
STDIN: document.querySelector(".step[data-track=\"0\"][data-step=\"1\"]").getBoundingClientRect().toJSON()
["agent-browser","--session","phase-synth","--json","eval","--stdin"]
STDIN: phase.getState()
["agent-browser","--session","phase-synth","--json","select","[aria-label=\"Selected step pitch\"]","67"]
["agent-browser","--session","phase-synth","--json","scrollintoview","[aria-label=\"Selected step velocity\"]"]
["agent-browser","--session","phase-synth","--json","eval","--stdin"]
STDIN: (()=>{const e=document.querySelector("[aria-label=\"Selected step velocity\"]");return {...e.getBoundingClientRect().toJSON(),value:+e.value,min:+e.min,max:+e.max}})()
["agent-browser","--session","phase-synth","--json","mouse","move","334","400"]
["agent-browser","--session","phase-synth","--json","mouse","down","left"]
["agent-browser","--session","phase-synth","--json","mouse","move","324","400"]
["agent-browser","--session","phase-synth","--json","mouse","up","left"]
["agent-browser","--session","phase-synth","--json","scrollintoview","[aria-label=\"Selected step gate length\"]"]
["agent-browser","--session","phase-synth","--json","eval","--stdin"]
STDIN: (()=>{const e=document.querySelector("[aria-label=\"Selected step gate length\"]");return {...e.getBoundingClientRect().toJSON(),value:+e.value,min:+e.min,max:+e.max}})()
["agent-browser","--session","phase-synth","--json","mouse","move","436","400"]
["agent-browser","--session","phase-synth","--json","mouse","down","left"]
["agent-browser","--session","phase-synth","--json","mouse","move","444","400"]
["agent-browser","--session","phase-synth","--json","mouse","up","left"]
["agent-browser","--session","phase-synth","--json","eval","--stdin"]
STDIN: phase.getState()
["agent-browser","--session","phase-synth","--json","eval","--stdin"]
STDIN: phase.diagnostics()
["agent-browser","--session","phase-synth","--json","find","role","tab","click","--name","Piano roll","--exact"]
["agent-browser","--session","phase-synth","--json","click","[aria-label=\"F4 step 2\"]"]
["agent-browser","--session","phase-synth","--json","click","[aria-label=\"A4 step 2\"]"]
["agent-browser","--session","phase-synth","--json","eval","--stdin"]
STDIN: phase.getState()
["agent-browser","--session","phase-synth","--json","click","[aria-label=\"F4 step 2\"]"]
["agent-browser","--session","phase-synth","--json","eval","--stdin"]
STDIN: phase.getState()
["agent-browser","--session","phase-synth","--json","eval","--stdin"]
STDIN: document.querySelector('[data-note="61"][data-column="2"]').disabled
["agent-browser","--session","phase-synth","--json","uncheck","#scale-lock"]
["agent-browser","--session","phase-synth","--json","click","[aria-label=\"C♯4 step 3\"]"]
["agent-browser","--session","phase-synth","--json","eval","--stdin"]
STDIN: phase.getState()
["agent-browser","--session","phase-synth","--json","check","#scale-lock"]
["agent-browser","--session","phase-synth","--json","screenshot","--full","/home/pyro/projects/naked/astra/bench/03-modular-synth/evidence/screenshots/desktop-piano-roll.png"]
["agent-browser","--session","phase-synth","--json","eval","--stdin"]
STDIN: phase.getState()
["agent-browser","--session","phase-synth","--json","find","role","button","click","--name","sawtooth waveform","--exact"]
["agent-browser","--session","phase-synth","--json","select","[aria-label=\"Instrument polyphony\"]","4"]
["agent-browser","--session","phase-synth","--json","scrollintoview","[aria-label=\"Instrument attack\"]"]
["agent-browser","--session","phase-synth","--json","eval","--stdin"]
STDIN: (()=>{const e=document.querySelector("[aria-label=\"Instrument attack\"]");return {...e.getBoundingClientRect().toJSON(),value:+e.value,min:+e.min,max:+e.max}})()
["agent-browser","--session","phase-synth","--json","mouse","move","1000","400"]
["agent-browser","--session","phase-synth","--json","mouse","down","left"]
["agent-browser","--session","phase-synth","--json","mouse","move","1001","400"]
["agent-browser","--session","phase-synth","--json","mouse","up","left"]
["agent-browser","--session","phase-synth","--json","scrollintoview","[aria-label=\"Instrument decay\"]"]
["agent-browser","--session","phase-synth","--json","eval","--stdin"]
STDIN: (()=>{const e=document.querySelector("[aria-label=\"Instrument decay\"]");return {...e.getBoundingClientRect().toJSON(),value:+e.value,min:+e.min,max:+e.max}})()
["agent-browser","--session","phase-synth","--json","mouse","move","1069","400"]
["agent-browser","--session","phase-synth","--json","mouse","down","left"]
["agent-browser","--session","phase-synth","--json","mouse","move","1070","400"]
["agent-browser","--session","phase-synth","--json","mouse","up","left"]
["agent-browser","--session","phase-synth","--json","scrollintoview","[aria-label=\"Instrument sustain\"]"]
["agent-browser","--session","phase-synth","--json","eval","--stdin"]
STDIN: (()=>{const e=document.querySelector("[aria-label=\"Instrument sustain\"]");return {...e.getBoundingClientRect().toJSON(),value:+e.value,min:+e.min,max:+e.max}})()
["agent-browser","--session","phase-synth","--json","mouse","move","1135","400"]
["agent-browser","--session","phase-synth","--json","mouse","down","left"]
["agent-browser","--session","phase-synth","--json","mouse","move","1138","400"]
["agent-browser","--session","phase-synth","--json","mouse","up","left"]
["agent-browser","--session","phase-synth","--json","scrollintoview","[aria-label=\"Instrument release\"]"]
["agent-browser","--session","phase-synth","--json","eval","--stdin"]
STDIN: (()=>{const e=document.querySelector("[aria-label=\"Instrument release\"]");return {...e.getBoundingClientRect().toJSON(),value:+e.value,min:+e.min,max:+e.max}})()
["agent-browser","--session","phase-synth","--json","mouse","move","1197","400"]
["agent-browser","--session","phase-synth","--json","mouse","down","left"]
["agent-browser","--session","phase-synth","--json","mouse","move","1196","400"]
["agent-browser","--session","phase-synth","--json","mouse","up","left"]
["agent-browser","--session","phase-synth","--json","scrollintoview","[aria-label=\"Instrument cutoff\"]"]
["agent-browser","--session","phase-synth","--json","eval","--stdin"]
STDIN: (()=>{const e=document.querySelector("[aria-label=\"Instrument cutoff\"]");return {...e.getBoundingClientRect().toJSON(),value:+e.value,min:+e.min,max:+e.max}})()
["agent-browser","--session","phase-synth","--json","mouse","move","1014","400"]
["agent-browser","--session","phase-synth","--json","mouse","down","left"]
["agent-browser","--session","phase-synth","--json","mouse","move","1025","400"]
["agent-browser","--session","phase-synth","--json","mouse","up","left"]
["agent-browser","--session","phase-synth","--json","scrollintoview","[aria-label=\"Instrument resonance\"]"]
["agent-browser","--session","phase-synth","--json","eval","--stdin"]
STDIN: (()=>{const e=document.querySelector("[aria-label=\"Instrument resonance\"]");return {...e.getBoundingClientRect().toJSON(),value:+e.value,min:+e.min,max:+e.max}})()
["agent-browser","--session","phase-synth","--json","mouse","move","1097","400"]
["agent-browser","--session","phase-synth","--json","mouse","down","left"]
["agent-browser","--session","phase-synth","--json","mouse","move","1102","400"]
["agent-browser","--session","phase-synth","--json","mouse","up","left"]
["agent-browser","--session","phase-synth","--json","scrollintoview","[aria-label=\"Instrument env amt\"]"]
["agent-browser","--session","phase-synth","--json","eval","--stdin"]
STDIN: (()=>{const e=document.querySelector("[aria-label=\"Instrument env amt\"]");return {...e.getBoundingClientRect().toJSON(),value:+e.value,min:+e.min,max:+e.max}})()
["agent-browser","--session","phase-synth","--json","mouse","move","1198","400"]
["agent-browser","--session","phase-synth","--json","mouse","down","left"]
["agent-browser","--session","phase-synth","--json","mouse","move","1201","400"]
["agent-browser","--session","phase-synth","--json","mouse","up","left"]
["agent-browser","--session","phase-synth","--json","scrollintoview","[aria-label=\"LFO rate\"]"]
["agent-browser","--session","phase-synth","--json","eval","--stdin"]
STDIN: (()=>{const e=document.querySelector("[aria-label=\"LFO rate\"]");return {...e.getBoundingClientRect().toJSON(),value:+e.value,min:+e.min,max:+e.max}})()
["agent-browser","--session","phase-synth","--json","mouse","move","994","400"]
["agent-browser","--session","phase-synth","--json","mouse","down","left"]
["agent-browser","--session","phase-synth","--json","mouse","move","1002","400"]
["agent-browser","--session","phase-synth","--json","mouse","up","left"]
["agent-browser","--session","phase-synth","--json","scrollintoview","[aria-label=\"LFO depth\"]"]
["agent-browser","--session","phase-synth","--json","eval","--stdin"]
STDIN: (()=>{const e=document.querySelector("[aria-label=\"LFO depth\"]");return {...e.getBoundingClientRect().toJSON(),value:+e.value,min:+e.min,max:+e.max}})()
["agent-browser","--session","phase-synth","--json","mouse","move","1131","400"]
["agent-browser","--session","phase-synth","--json","mouse","down","left"]
["agent-browser","--session","phase-synth","--json","mouse","move","1159","400"]
["agent-browser","--session","phase-synth","--json","mouse","up","left"]
["agent-browser","--session","phase-synth","--json","select","[aria-label=\"LFO destination\"]","pitch"]
["agent-browser","--session","phase-synth","--json","eval","--stdin"]
STDIN: phase.getState()
["agent-browser","--session","phase-synth","--json","eval","--stdin"]
STDIN: phase.diagnostics()
["agent-browser","--session","phase-synth","--json","find","role","tab","click","--name","Step sequencer","--exact"]
["agent-browser","--session","phase-synth","--json","find","role","button","click","--name","Select Sub bass","--exact"]
["agent-browser","--session","phase-synth","--json","select","[aria-label=\"Track preset\"]","pluck"]
["agent-browser","--session","phase-synth","--json","scrollintoview","[aria-label=\"Instrument cutoff\"]"]
["agent-browser","--session","phase-synth","--json","eval","--stdin"]
STDIN: (()=>{const e=document.querySelector("[aria-label=\"Instrument cutoff\"]");return {...e.getBoundingClientRect().toJSON(),value:+e.value,min:+e.min,max:+e.max}})()
["agent-browser","--session","phase-synth","--json","mouse","move","1012","400"]
["agent-browser","--session","phase-synth","--json","mouse","down","left"]
["agent-browser","--session","phase-synth","--json","mouse","move","1011","400"]
["agent-browser","--session","phase-synth","--json","mouse","up","left"]
["agent-browser","--session","phase-synth","--json","scrollintoview","[aria-label=\"Instrument tuning\"]"]
["agent-browser","--session","phase-synth","--json","eval","--stdin"]
STDIN: (()=>{const e=document.querySelector("[aria-label=\"Instrument tuning\"]");return {...e.getBoundingClientRect().toJSON(),value:+e.value,min:+e.min,max:+e.max}})()
["agent-browser","--session","phase-synth","--json","mouse","move","1066","400"]
["agent-browser","--session","phase-synth","--json","mouse","down","left"]
["agent-browser","--session","phase-synth","--json","mouse","move","1080","400"]
["agent-browser","--session","phase-synth","--json","mouse","up","left"]
["agent-browser","--session","phase-synth","--json","select","[aria-label=\"LFO destination\"]","pan"]
["agent-browser","--session","phase-synth","--json","eval","--stdin"]
STDIN: phase.getState()
["agent-browser","--session","phase-synth","--json","find","role","tab","click","--name","Mixer","--exact"]
["agent-browser","--session","phase-synth","--json","scrollintoview","[aria-label=\"Glass keys volume\"]"]
["agent-browser","--session","phase-synth","--json","eval","--stdin"]
STDIN: (()=>{const e=document.querySelector("[aria-label=\"Glass keys volume\"]");return {...e.getBoundingClientRect().toJSON(),value:+e.value,min:+e.min,max:+e.max}})()
["agent-browser","--session","phase-synth","--json","mouse","move","105","389"]
["agent-browser","--session","phase-synth","--json","mouse","down","left"]
["agent-browser","--session","phase-synth","--json","mouse","move","105","406"]
["agent-browser","--session","phase-synth","--json","mouse","up","left"]
["agent-browser","--session","phase-synth","--json","scrollintoview","[aria-label=\"Glass keys pan\"]"]
["agent-browser","--session","phase-synth","--json","eval","--stdin"]
STDIN: (()=>{const e=document.querySelector("[aria-label=\"Glass keys pan\"]");return {...e.getBoundingClientRect().toJSON(),value:+e.value,min:+e.min,max:+e.max}})()
["agent-browser","--session","phase-synth","--json","mouse","move","105","400"]
["agent-browser","--session","phase-synth","--json","mouse","down","left"]
["agent-browser","--session","phase-synth","--json","mouse","move","146","400"]
["agent-browser","--session","phase-synth","--json","mouse","up","left"]
["agent-browser","--session","phase-synth","--json","scrollintoview","[aria-label=\"Glass keys delay send\"]"]
["agent-browser","--session","phase-synth","--json","eval","--stdin"]
STDIN: (()=>{const e=document.querySelector("[aria-label=\"Glass keys delay send\"]");return {...e.getBoundingClientRect().toJSON(),value:+e.value,min:+e.min,max:+e.max}})()
["agent-browser","--session","phase-synth","--json","mouse","move","105","400"]
["agent-browser","--session","phase-synth","--json","mouse","down","left"]
["agent-browser","--session","phase-synth","--json","mouse","move","138","400"]
["agent-browser","--session","phase-synth","--json","mouse","up","left"]
["agent-browser","--session","phase-synth","--json","scrollintoview","[aria-label=\"Glass keys reverb send\"]"]
["agent-browser","--session","phase-synth","--json","eval","--stdin"]
STDIN: (()=>{const e=document.querySelector("[aria-label=\"Glass keys reverb send\"]");return {...e.getBoundingClientRect().toJSON(),value:+e.value,min:+e.min,max:+e.max}})()
["agent-browser","--session","phase-synth","--json","mouse","move","105","400"]
["agent-browser","--session","phase-synth","--json","mouse","down","left"]
["agent-browser","--session","phase-synth","--json","mouse","move","129","400"]
["agent-browser","--session","phase-synth","--json","mouse","up","left"]
["agent-browser","--session","phase-synth","--json","eval","--stdin"]
STDIN: phase.getState()
["agent-browser","--session","phase-synth","--json","screenshot","--full","/home/pyro/projects/naked/astra/bench/03-modular-synth/evidence/screenshots/desktop-mixer.png"]
["agent-browser","--session","phase-synth","--json","click","#mixer [data-mix=\"mute\"][data-track=\"0\"]"]
["agent-browser","--session","phase-synth","--json","eval","--stdin"]
STDIN: phase.diagnostics()
["agent-browser","--session","phase-synth","--json","wait","--fn","phase.diagnostics().audioTime > 4.124172335600907 && phase.diagnostics().trackLevels[0] < 0.000001"]
["agent-browser","--session","phase-synth","--json","eval","--stdin"]
STDIN: (async()=>{const out=[];const end=performance.now()+250;while(performance.now()<end){out.push(phase.diagnostics());await new Promise(r=>setTimeout(r,35))}return out})()
["agent-browser","--session","phase-synth","--json","click","#mixer [data-mix=\"mute\"][data-track=\"0\"]"]
["agent-browser","--session","phase-synth","--json","click","#mixer [data-mix=\"solo\"][data-track=\"1\"]"]
["agent-browser","--session","phase-synth","--json","eval","--stdin"]
STDIN: phase.diagnostics()
["agent-browser","--session","phase-synth","--json","wait","--fn","phase.diagnostics().audioTime > 4.658231292517007 && phase.diagnostics().trackLevels.every((v,i)=>i===1 || v<0.000001)"]
["agent-browser","--session","phase-synth","--json","eval","--stdin"]
STDIN: (async()=>{const out=[];const end=performance.now()+700;while(performance.now()<end){out.push(phase.diagnostics());await new Promise(r=>setTimeout(r,35))}return out})()
["agent-browser","--session","phase-synth","--json","eval","--stdin"]
STDIN: ({d:phase.diagnostics(),tracks:phase.getState().tracks.map(t=>({name:t.name,volume:t.volume,mute:t.mute,solo:t.solo}))})
["agent-browser","--session","phase-synth","--json","eval","--stdin"]
STDIN: (async()=>{const out=[];for(const fast of [false,true]){const p=Core.makeProject(),c=new OfflineAudioContext(2,44100,44100),e=new PhaseEngine(c,p),v=e.synth(0,60,.8,.005,.4);v.release(0,fast);const b=await c.startRendering();let peak=0;for(const a of b.getChannelData(0))peak=Math.max(peak,Math.abs(a));out.push({fast,peak})}return out})()
["agent-browser","--session","phase-synth","--json","eval","--stdin"]
STDIN: (async()=>{const out=[];for(const fast of [false,true]){const p=Core.makeProject(),c=new OfflineAudioContext(2,44100,44100),e=new PhaseEngine(c,p),v=e.synth(0,60,.8,.005,.4);v.release(0,fast);const b=await c.startRendering();let peak=0;for(const a of b.getChannelData(0))peak=Math.max(peak,Math.abs(a));out.push({fast,peak})}return out})()
["agent-browser","--session","phase-synth","--json","reload"]
["agent-browser","--session","phase-synth","--json","eval","--stdin"]
STDIN: window.__NativeAudioContext=window.AudioContext;window.AudioContext=class extends __NativeAudioContext {constructor(options){super({...options,sinkId:{type:'none'}})}}
["agent-browser","--session","phase-synth","--json","select","[aria-label=\"Song preset\"]","sunrise"]
["agent-browser","--session","phase-synth","--json","select","[aria-label=\"Song preset\"]","midnight"]
["agent-browser","--session","phase-synth","--json","eval","--stdin"]
STDIN: window.__update=PhaseEngine.prototype.update;PhaseEngine.prototype.update=function(...args){window.__engine=this;return __update.apply(this,args)}
["agent-browser","--session","phase-synth","--json","find","role","button","click","--name","Enable audio","--exact"]
["agent-browser","--session","phase-synth","--json","wait","--fn","phase.diagnostics().audioTime>.1"]
["agent-browser","--session","phase-synth","--json","find","role","button","click","--name","Play","--exact"]
["agent-browser","--session","phase-synth","--json","find","role","button","click","--name","Solo Sub bass","--exact"]
["agent-browser","--session","phase-synth","--json","eval","--stdin"]
STDIN: phase.diagnostics()
["agent-browser","--session","phase-synth","--json","eval","--stdin"]
STDIN: (async()=>{const out=[];const end=performance.now()+850;while(performance.now()<end){out.push({d:phase.diagnostics(),g:__engine.trackNodes.map(t=>t.input.gain.value)});await new Promise(r=>setTimeout(r,20))}return out})()
["agent-browser","--session","phase-synth","--json","find","role","button","click","--name","Solo Sub bass","--exact"]
["agent-browser","--session","phase-synth","--json","find","role","button","click","--name","Solo Sub bass","--exact"]
["agent-browser","--session","phase-synth","--json","eval","--stdin"]
STDIN: phase.diagnostics()
["agent-browser","--session","phase-synth","--json","eval","--stdin"]
STDIN: (async()=>{const out=[];const end=performance.now()+850;while(performance.now()<end){out.push({d:phase.diagnostics(),g:__engine.trackNodes.map(t=>t.input.gain.value)});await new Promise(r=>setTimeout(r,20))}return out})()
["agent-browser","--session","phase-synth","--json","find","role","button","click","--name","Solo Sub bass","--exact"]
["agent-browser","--session","phase-synth","--json","find","role","button","click","--name","Solo Sub bass","--exact"]
["agent-browser","--session","phase-synth","--json","eval","--stdin"]
STDIN: phase.diagnostics()
["agent-browser","--session","phase-synth","--json","eval","--stdin"]
STDIN: (async()=>{const out=[];const end=performance.now()+850;while(performance.now()<end){out.push({d:phase.diagnostics(),g:__engine.trackNodes.map(t=>t.input.gain.value)});await new Promise(r=>setTimeout(r,20))}return out})()
["agent-browser","--session","phase-synth","--json","find","role","button","click","--name","Solo Sub bass","--exact"]
["agent-browser","--session","phase-synth","--json","find","role","button","click","--name","Solo Sub bass","--exact"]
["agent-browser","--session","phase-synth","--json","eval","--stdin"]
STDIN: phase.diagnostics()
["agent-browser","--session","phase-synth","--json","eval","--stdin"]
STDIN: (async()=>{const out=[];const end=performance.now()+850;while(performance.now()<end){out.push({d:phase.diagnostics(),g:__engine.trackNodes.map(t=>t.input.gain.value)});await new Promise(r=>setTimeout(r,20))}return out})()
["agent-browser","--session","phase-synth","--json","find","role","button","click","--name","Solo Sub bass","--exact"]
["agent-browser","--session","phase-synth","--json","find","role","button","click","--name","Solo Sub bass","--exact"]
["agent-browser","--session","phase-synth","--json","eval","--stdin"]
STDIN: phase.diagnostics()
["agent-browser","--session","phase-synth","--json","eval","--stdin"]
STDIN: (async()=>{const out=[];const end=performance.now()+850;while(performance.now()<end){out.push({d:phase.diagnostics(),g:__engine.trackNodes.map(t=>t.input.gain.value)});await new Promise(r=>setTimeout(r,20))}return out})()
["agent-browser","--session","phase-synth","--json","find","role","button","click","--name","Solo Sub bass","--exact"]
["agent-browser","--session","phase-synth","--json","find","role","button","click","--name","Solo Sub bass","--exact"]
["agent-browser","--session","phase-synth","--json","eval","--stdin"]
STDIN: phase.diagnostics()
["agent-browser","--session","phase-synth","--json","eval","--stdin"]
STDIN: (async()=>{const out=[];const end=performance.now()+850;while(performance.now()<end){out.push({d:phase.diagnostics(),g:__engine.trackNodes.map(t=>t.input.gain.value)});await new Promise(r=>setTimeout(r,20))}return out})()
["agent-browser","--session","phase-synth","--json","find","role","button","click","--name","Solo Sub bass","--exact"]
["agent-browser","--session","phase-synth","--json","find","role","button","click","--name","Stop","--exact"]
["agent-browser","--session","phase-synth","--json","reload"]
["agent-browser","--session","phase-synth","--json","wait","--fn","document.readyState===\"complete\" && typeof phase===\"object\""]
["agent-browser","--session","phase-synth","--json","eval","--stdin"]
STDIN: window.__NativeAudioContext=window.AudioContext;window.AudioContext=class extends __NativeAudioContext {constructor(options){super({...options,sinkId:{type:'none'}})}}
["agent-browser","--session","phase-synth","--json","eval","--stdin"]
STDIN: window.__originalUpdate=PhaseEngine.prototype.update;PhaseEngine.prototype.update=function(...a){window.__observedEngine=this;return __originalUpdate.apply(this,a)}
["agent-browser","--session","phase-synth","--json","select","[aria-label=\"Song preset\"]","sunrise"]
["agent-browser","--session","phase-synth","--json","select","[aria-label=\"Song preset\"]","midnight"]
["agent-browser","--session","phase-synth","--json","find","role","button","click","--name","Enable audio","--exact"]
["agent-browser","--session","phase-synth","--json","wait","--fn","phase.diagnostics().context===\"running\" && phase.diagnostics().audioTime>0.1"]
["agent-browser","--session","phase-synth","--json","find","role","button","click","--name","Play","--exact"]
["agent-browser","--session","phase-synth","--json","eval","--stdin"]
STDIN: (async()=>{const out=[];const end=performance.now()+2500;while(performance.now()<end){out.push({...phase.diagnostics(),observedGains:window.__observedEngine?.trackNodes.map(n=>n.input.gain.value)});await new Promise(r=>setTimeout(r,35))}return out})()
["agent-browser","--session","phase-synth","--json","screenshot","/home/pyro/projects/naked/astra/bench/03-modular-synth/evidence/screenshots/desktop-regression-playing.png"]
["agent-browser","--session","phase-synth","--json","find","role","button","click","--name","Glass keys step 2, off, D4, velocity 75%","--exact"]
["agent-browser","--session","phase-synth","--json","eval","--stdin"]
STDIN: phase.getState()
["agent-browser","--session","phase-synth","--json","get","cdp-url"]
["agent-browser","--session","phase-synth","--json","eval","--stdin"]
STDIN: document.querySelector(".step[data-track=\"0\"][data-step=\"1\"]").getBoundingClientRect().toJSON()
["agent-browser","--session","phase-synth","--json","eval","--stdin"]
STDIN: phase.getState()
["agent-browser","--session","phase-synth","--json","select","[aria-label=\"Selected step pitch\"]","67"]
["agent-browser","--session","phase-synth","--json","scrollintoview","[aria-label=\"Selected step velocity\"]"]
["agent-browser","--session","phase-synth","--json","eval","--stdin"]
STDIN: (()=>{const e=document.querySelector("[aria-label=\"Selected step velocity\"]");return {...e.getBoundingClientRect().toJSON(),value:+e.value,min:+e.min,max:+e.max}})()
["agent-browser","--session","phase-synth","--json","mouse","move","334","400"]
["agent-browser","--session","phase-synth","--json","mouse","down","left"]
["agent-browser","--session","phase-synth","--json","mouse","move","324","400"]
["agent-browser","--session","phase-synth","--json","mouse","up","left"]
["agent-browser","--session","phase-synth","--json","scrollintoview","[aria-label=\"Selected step gate length\"]"]
["agent-browser","--session","phase-synth","--json","eval","--stdin"]
STDIN: (()=>{const e=document.querySelector("[aria-label=\"Selected step gate length\"]");return {...e.getBoundingClientRect().toJSON(),value:+e.value,min:+e.min,max:+e.max}})()
["agent-browser","--session","phase-synth","--json","mouse","move","436","400"]
["agent-browser","--session","phase-synth","--json","mouse","down","left"]
["agent-browser","--session","phase-synth","--json","mouse","move","444","400"]
["agent-browser","--session","phase-synth","--json","mouse","up","left"]
["agent-browser","--session","phase-synth","--json","eval","--stdin"]
STDIN: phase.getState()
["agent-browser","--session","phase-synth","--json","eval","--stdin"]
STDIN: phase.diagnostics()
["agent-browser","--session","phase-synth","--json","find","role","tab","click","--name","Piano roll","--exact"]
["agent-browser","--session","phase-synth","--json","click","[aria-label=\"F4 step 2\"]"]
["agent-browser","--session","phase-synth","--json","click","[aria-label=\"A4 step 2\"]"]
["agent-browser","--session","phase-synth","--json","eval","--stdin"]
STDIN: phase.getState()
["agent-browser","--session","phase-synth","--json","click","[aria-label=\"F4 step 2\"]"]
["agent-browser","--session","phase-synth","--json","eval","--stdin"]
STDIN: phase.getState()
["agent-browser","--session","phase-synth","--json","eval","--stdin"]
STDIN: document.querySelector('[data-note="61"][data-column="2"]').disabled
["agent-browser","--session","phase-synth","--json","uncheck","#scale-lock"]
["agent-browser","--session","phase-synth","--json","click","[aria-label=\"C♯4 step 3\"]"]
["agent-browser","--session","phase-synth","--json","eval","--stdin"]
STDIN: phase.getState()
["agent-browser","--session","phase-synth","--json","check","#scale-lock"]
["agent-browser","--session","phase-synth","--json","screenshot","--full","/home/pyro/projects/naked/astra/bench/03-modular-synth/evidence/screenshots/desktop-piano-roll.png"]
["agent-browser","--session","phase-synth","--json","eval","--stdin"]
STDIN: phase.getState()
["agent-browser","--session","phase-synth","--json","find","role","button","click","--name","sawtooth waveform","--exact"]
["agent-browser","--session","phase-synth","--json","select","[aria-label=\"Instrument polyphony\"]","4"]
["agent-browser","--session","phase-synth","--json","scrollintoview","[aria-label=\"Instrument attack\"]"]
["agent-browser","--session","phase-synth","--json","eval","--stdin"]
STDIN: (()=>{const e=document.querySelector("[aria-label=\"Instrument attack\"]");return {...e.getBoundingClientRect().toJSON(),value:+e.value,min:+e.min,max:+e.max}})()
["agent-browser","--session","phase-synth","--json","mouse","move","1000","400"]
["agent-browser","--session","phase-synth","--json","mouse","down","left"]
["agent-browser","--session","phase-synth","--json","mouse","move","1001","400"]
["agent-browser","--session","phase-synth","--json","mouse","up","left"]
["agent-browser","--session","phase-synth","--json","scrollintoview","[aria-label=\"Instrument decay\"]"]
["agent-browser","--session","phase-synth","--json","eval","--stdin"]
STDIN: (()=>{const e=document.querySelector("[aria-label=\"Instrument decay\"]");return {...e.getBoundingClientRect().toJSON(),value:+e.value,min:+e.min,max:+e.max}})()
["agent-browser","--session","phase-synth","--json","mouse","move","1069","400"]
["agent-browser","--session","phase-synth","--json","mouse","down","left"]
["agent-browser","--session","phase-synth","--json","mouse","move","1070","400"]
["agent-browser","--session","phase-synth","--json","mouse","up","left"]
["agent-browser","--session","phase-synth","--json","scrollintoview","[aria-label=\"Instrument sustain\"]"]
["agent-browser","--session","phase-synth","--json","eval","--stdin"]
STDIN: (()=>{const e=document.querySelector("[aria-label=\"Instrument sustain\"]");return {...e.getBoundingClientRect().toJSON(),value:+e.value,min:+e.min,max:+e.max}})()
["agent-browser","--session","phase-synth","--json","mouse","move","1135","400"]
["agent-browser","--session","phase-synth","--json","mouse","down","left"]
["agent-browser","--session","phase-synth","--json","mouse","move","1138","400"]
["agent-browser","--session","phase-synth","--json","mouse","up","left"]
["agent-browser","--session","phase-synth","--json","scrollintoview","[aria-label=\"Instrument release\"]"]
["agent-browser","--session","phase-synth","--json","eval","--stdin"]
STDIN: (()=>{const e=document.querySelector("[aria-label=\"Instrument release\"]");return {...e.getBoundingClientRect().toJSON(),value:+e.value,min:+e.min,max:+e.max}})()
["agent-browser","--session","phase-synth","--json","mouse","move","1197","400"]
["agent-browser","--session","phase-synth","--json","mouse","down","left"]
["agent-browser","--session","phase-synth","--json","mouse","move","1196","400"]
["agent-browser","--session","phase-synth","--json","mouse","up","left"]
["agent-browser","--session","phase-synth","--json","scrollintoview","[aria-label=\"Instrument cutoff\"]"]
["agent-browser","--session","phase-synth","--json","eval","--stdin"]
STDIN: (()=>{const e=document.querySelector("[aria-label=\"Instrument cutoff\"]");return {...e.getBoundingClientRect().toJSON(),value:+e.value,min:+e.min,max:+e.max}})()
["agent-browser","--session","phase-synth","--json","mouse","move","1014","400"]
["agent-browser","--session","phase-synth","--json","mouse","down","left"]
["agent-browser","--session","phase-synth","--json","mouse","move","1025","400"]
["agent-browser","--session","phase-synth","--json","mouse","up","left"]
["agent-browser","--session","phase-synth","--json","scrollintoview","[aria-label=\"Instrument resonance\"]"]
["agent-browser","--session","phase-synth","--json","eval","--stdin"]
STDIN: (()=>{const e=document.querySelector("[aria-label=\"Instrument resonance\"]");return {...e.getBoundingClientRect().toJSON(),value:+e.value,min:+e.min,max:+e.max}})()
["agent-browser","--session","phase-synth","--json","mouse","move","1097","400"]
["agent-browser","--session","phase-synth","--json","mouse","down","left"]
["agent-browser","--session","phase-synth","--json","mouse","move","1102","400"]
["agent-browser","--session","phase-synth","--json","mouse","up","left"]
["agent-browser","--session","phase-synth","--json","scrollintoview","[aria-label=\"Instrument env amt\"]"]
["agent-browser","--session","phase-synth","--json","eval","--stdin"]
STDIN: (()=>{const e=document.querySelector("[aria-label=\"Instrument env amt\"]");return {...e.getBoundingClientRect().toJSON(),value:+e.value,min:+e.min,max:+e.max}})()
["agent-browser","--session","phase-synth","--json","mouse","move","1198","400"]
["agent-browser","--session","phase-synth","--json","mouse","down","left"]
["agent-browser","--session","phase-synth","--json","mouse","move","1201","400"]
["agent-browser","--session","phase-synth","--json","mouse","up","left"]
["agent-browser","--session","phase-synth","--json","scrollintoview","[aria-label=\"LFO rate\"]"]
["agent-browser","--session","phase-synth","--json","eval","--stdin"]
STDIN: (()=>{const e=document.querySelector("[aria-label=\"LFO rate\"]");return {...e.getBoundingClientRect().toJSON(),value:+e.value,min:+e.min,max:+e.max}})()
["agent-browser","--session","phase-synth","--json","mouse","move","994","400"]
["agent-browser","--session","phase-synth","--json","mouse","down","left"]
["agent-browser","--session","phase-synth","--json","mouse","move","1002","400"]
["agent-browser","--session","phase-synth","--json","mouse","up","left"]
["agent-browser","--session","phase-synth","--json","scrollintoview","[aria-label=\"LFO depth\"]"]
["agent-browser","--session","phase-synth","--json","eval","--stdin"]
STDIN: (()=>{const e=document.querySelector("[aria-label=\"LFO depth\"]");return {...e.getBoundingClientRect().toJSON(),value:+e.value,min:+e.min,max:+e.max}})()
["agent-browser","--session","phase-synth","--json","mouse","move","1131","400"]
["agent-browser","--session","phase-synth","--json","mouse","down","left"]
["agent-browser","--session","phase-synth","--json","mouse","move","1159","400"]
["agent-browser","--session","phase-synth","--json","mouse","up","left"]
["agent-browser","--session","phase-synth","--json","select","[aria-label=\"LFO destination\"]","pitch"]
["agent-browser","--session","phase-synth","--json","eval","--stdin"]
STDIN: phase.getState()
["agent-browser","--session","phase-synth","--json","eval","--stdin"]
STDIN: phase.diagnostics()
["agent-browser","--session","phase-synth","--json","find","role","tab","click","--name","Step sequencer","--exact"]
["agent-browser","--session","phase-synth","--json","find","role","button","click","--name","Select Sub bass","--exact"]
["agent-browser","--session","phase-synth","--json","select","[aria-label=\"Track preset\"]","pluck"]
["agent-browser","--session","phase-synth","--json","scrollintoview","[aria-label=\"Instrument cutoff\"]"]
["agent-browser","--session","phase-synth","--json","eval","--stdin"]
STDIN: (()=>{const e=document.querySelector("[aria-label=\"Instrument cutoff\"]");return {...e.getBoundingClientRect().toJSON(),value:+e.value,min:+e.min,max:+e.max}})()
["agent-browser","--session","phase-synth","--json","mouse","move","1012","400"]
["agent-browser","--session","phase-synth","--json","mouse","down","left"]
["agent-browser","--session","phase-synth","--json","mouse","move","1011","400"]
["agent-browser","--session","phase-synth","--json","mouse","up","left"]
["agent-browser","--session","phase-synth","--json","scrollintoview","[aria-label=\"Instrument tuning\"]"]
["agent-browser","--session","phase-synth","--json","eval","--stdin"]
STDIN: (()=>{const e=document.querySelector("[aria-label=\"Instrument tuning\"]");return {...e.getBoundingClientRect().toJSON(),value:+e.value,min:+e.min,max:+e.max}})()
["agent-browser","--session","phase-synth","--json","mouse","move","1066","400"]
["agent-browser","--session","phase-synth","--json","mouse","down","left"]
["agent-browser","--session","phase-synth","--json","mouse","move","1080","400"]
["agent-browser","--session","phase-synth","--json","mouse","up","left"]
["agent-browser","--session","phase-synth","--json","select","[aria-label=\"LFO destination\"]","pan"]
["agent-browser","--session","phase-synth","--json","eval","--stdin"]
STDIN: phase.getState()
["agent-browser","--session","phase-synth","--json","find","role","tab","click","--name","Mixer","--exact"]
["agent-browser","--session","phase-synth","--json","scrollintoview","[aria-label=\"Glass keys volume\"]"]
["agent-browser","--session","phase-synth","--json","eval","--stdin"]
STDIN: (()=>{const e=document.querySelector("[aria-label=\"Glass keys volume\"]");return {...e.getBoundingClientRect().toJSON(),value:+e.value,min:+e.min,max:+e.max}})()
["agent-browser","--session","phase-synth","--json","mouse","move","105","389"]
["agent-browser","--session","phase-synth","--json","mouse","down","left"]
["agent-browser","--session","phase-synth","--json","mouse","move","105","406"]
["agent-browser","--session","phase-synth","--json","mouse","up","left"]
["agent-browser","--session","phase-synth","--json","scrollintoview","[aria-label=\"Glass keys pan\"]"]
["agent-browser","--session","phase-synth","--json","eval","--stdin"]
STDIN: (()=>{const e=document.querySelector("[aria-label=\"Glass keys pan\"]");return {...e.getBoundingClientRect().toJSON(),value:+e.value,min:+e.min,max:+e.max}})()
["agent-browser","--session","phase-synth","--json","mouse","move","105","400"]
["agent-browser","--session","phase-synth","--json","mouse","down","left"]
["agent-browser","--session","phase-synth","--json","mouse","move","146","400"]
["agent-browser","--session","phase-synth","--json","mouse","up","left"]
["agent-browser","--session","phase-synth","--json","scrollintoview","[aria-label=\"Glass keys delay send\"]"]
["agent-browser","--session","phase-synth","--json","eval","--stdin"]
STDIN: (()=>{const e=document.querySelector("[aria-label=\"Glass keys delay send\"]");return {...e.getBoundingClientRect().toJSON(),value:+e.value,min:+e.min,max:+e.max}})()
["agent-browser","--session","phase-synth","--json","mouse","move","105","400"]
["agent-browser","--session","phase-synth","--json","mouse","down","left"]
["agent-browser","--session","phase-synth","--json","mouse","move","138","400"]
["agent-browser","--session","phase-synth","--json","mouse","up","left"]
["agent-browser","--session","phase-synth","--json","scrollintoview","[aria-label=\"Glass keys reverb send\"]"]
["agent-browser","--session","phase-synth","--json","eval","--stdin"]
STDIN: (()=>{const e=document.querySelector("[aria-label=\"Glass keys reverb send\"]");return {...e.getBoundingClientRect().toJSON(),value:+e.value,min:+e.min,max:+e.max}})()
["agent-browser","--session","phase-synth","--json","mouse","move","105","400"]
["agent-browser","--session","phase-synth","--json","mouse","down","left"]
["agent-browser","--session","phase-synth","--json","mouse","move","129","400"]
["agent-browser","--session","phase-synth","--json","mouse","up","left"]
["agent-browser","--session","phase-synth","--json","eval","--stdin"]
STDIN: phase.getState()
["agent-browser","--session","phase-synth","--json","screenshot","--full","/home/pyro/projects/naked/astra/bench/03-modular-synth/evidence/screenshots/desktop-mixer.png"]
["agent-browser","--session","phase-synth","--json","click","#mixer [data-mix=\"mute\"][data-track=\"0\"]"]
["agent-browser","--session","phase-synth","--json","eval","--stdin"]
STDIN: phase.diagnostics()
["agent-browser","--session","phase-synth","--json","wait","--fn","phase.diagnostics().audioTime > 4.159002267573696 && phase.diagnostics().trackLevels[0] < 0.000001"]
["agent-browser","--session","phase-synth","--json","eval","--stdin"]
STDIN: (async()=>{const out=[];const end=performance.now()+250;while(performance.now()<end){out.push({...phase.diagnostics(),observedGains:window.__observedEngine?.trackNodes.map(n=>n.input.gain.value)});await new Promise(r=>setTimeout(r,35))}return out})()
["agent-browser","--session","phase-synth","--json","click","#mixer [data-mix=\"mute\"][data-track=\"0\"]"]
["agent-browser","--session","phase-synth","--json","click","#mixer [data-mix=\"solo\"][data-track=\"1\"]"]
["agent-browser","--session","phase-synth","--json","eval","--stdin"]
STDIN: phase.diagnostics()
["agent-browser","--session","phase-synth","--json","wait","--fn","phase.diagnostics().audioTime > 4.658231292517007 && phase.diagnostics().trackLevels.every((v,i)=>i===1 || v<0.000001)"]
["agent-browser","--session","phase-synth","--json","eval","--stdin"]
STDIN: (async()=>{const out=[];const end=performance.now()+700;while(performance.now()<end){out.push({...phase.diagnostics(),observedGains:window.__observedEngine?.trackNodes.map(n=>n.input.gain.value)});await new Promise(r=>setTimeout(r,35))}return out})()
["agent-browser","--session","phase-synth","--json","reload"]
["agent-browser","--session","phase-synth","--json","wait","--fn","document.readyState===\"complete\" && typeof phase===\"object\""]
["agent-browser","--session","phase-synth","--json","eval","--stdin"]
STDIN: window.__NativeAudioContext=window.AudioContext;window.AudioContext=class extends __NativeAudioContext {constructor(options){super({...options,sinkId:{type:'none'}})}}
["agent-browser","--session","phase-synth","--json","eval","--stdin"]
STDIN: window.__originalUpdate=PhaseEngine.prototype.update;PhaseEngine.prototype.update=function(...a){window.__observedEngine=this;return __originalUpdate.apply(this,a)}
["agent-browser","--session","phase-synth","--json","select","[aria-label=\"Song preset\"]","sunrise"]
["agent-browser","--session","phase-synth","--json","select","[aria-label=\"Song preset\"]","midnight"]
["agent-browser","--session","phase-synth","--json","find","role","button","click","--name","Enable audio","--exact"]
["agent-browser","--session","phase-synth","--json","wait","--fn","phase.diagnostics().context===\"running\" && phase.diagnostics().audioTime>0.1"]
["agent-browser","--session","phase-synth","--json","find","role","button","click","--name","Play","--exact"]
["agent-browser","--session","phase-synth","--json","eval","--stdin"]
STDIN: (async()=>{const out=[];const end=performance.now()+2500;while(performance.now()<end){out.push({...phase.diagnostics(),observedGains:window.__observedEngine?.trackNodes.map(n=>n.input.gain.value)});await new Promise(r=>setTimeout(r,35))}return out})()
["agent-browser","--session","phase-synth","--json","screenshot","/home/pyro/projects/naked/astra/bench/03-modular-synth/evidence/screenshots/desktop-regression-playing.png"]
["agent-browser","--session","phase-synth","--json","find","role","button","click","--name","Glass keys step 2, off, D4, velocity 75%","--exact"]
["agent-browser","--session","phase-synth","--json","eval","--stdin"]
STDIN: phase.getState()
["agent-browser","--session","phase-synth","--json","get","cdp-url"]
["agent-browser","--session","phase-synth","--json","eval","--stdin"]
STDIN: document.querySelector(".step[data-track=\"0\"][data-step=\"1\"]").getBoundingClientRect().toJSON()
["agent-browser","--session","phase-synth","--json","eval","--stdin"]
STDIN: phase.getState()
["agent-browser","--session","phase-synth","--json","select","[aria-label=\"Selected step pitch\"]","67"]
["agent-browser","--session","phase-synth","--json","scrollintoview","[aria-label=\"Selected step velocity\"]"]
["agent-browser","--session","phase-synth","--json","eval","--stdin"]
STDIN: (()=>{const e=document.querySelector("[aria-label=\"Selected step velocity\"]");return {...e.getBoundingClientRect().toJSON(),value:+e.value,min:+e.min,max:+e.max}})()
["agent-browser","--session","phase-synth","--json","mouse","move","334","400"]
["agent-browser","--session","phase-synth","--json","mouse","down","left"]
["agent-browser","--session","phase-synth","--json","mouse","move","324","400"]
["agent-browser","--session","phase-synth","--json","mouse","up","left"]
["agent-browser","--session","phase-synth","--json","scrollintoview","[aria-label=\"Selected step gate length\"]"]
["agent-browser","--session","phase-synth","--json","eval","--stdin"]
STDIN: (()=>{const e=document.querySelector("[aria-label=\"Selected step gate length\"]");return {...e.getBoundingClientRect().toJSON(),value:+e.value,min:+e.min,max:+e.max}})()
["agent-browser","--session","phase-synth","--json","mouse","move","436","400"]
["agent-browser","--session","phase-synth","--json","mouse","down","left"]
["agent-browser","--session","phase-synth","--json","mouse","move","444","400"]
["agent-browser","--session","phase-synth","--json","mouse","up","left"]
["agent-browser","--session","phase-synth","--json","eval","--stdin"]
STDIN: phase.getState()
["agent-browser","--session","phase-synth","--json","eval","--stdin"]
STDIN: phase.diagnostics()
["agent-browser","--session","phase-synth","--json","find","role","tab","click","--name","Piano roll","--exact"]
["agent-browser","--session","phase-synth","--json","click","[aria-label=\"F4 step 2\"]"]
["agent-browser","--session","phase-synth","--json","click","[aria-label=\"A4 step 2\"]"]
["agent-browser","--session","phase-synth","--json","eval","--stdin"]
STDIN: phase.getState()
["agent-browser","--session","phase-synth","--json","click","[aria-label=\"F4 step 2\"]"]
["agent-browser","--session","phase-synth","--json","eval","--stdin"]
STDIN: phase.getState()
["agent-browser","--session","phase-synth","--json","eval","--stdin"]
STDIN: document.querySelector('[data-note="61"][data-column="2"]').disabled
["agent-browser","--session","phase-synth","--json","uncheck","#scale-lock"]
["agent-browser","--session","phase-synth","--json","click","[aria-label=\"C♯4 step 3\"]"]
["agent-browser","--session","phase-synth","--json","eval","--stdin"]
STDIN: phase.getState()
["agent-browser","--session","phase-synth","--json","check","#scale-lock"]
["agent-browser","--session","phase-synth","--json","screenshot","--full","/home/pyro/projects/naked/astra/bench/03-modular-synth/evidence/screenshots/desktop-piano-roll.png"]
["agent-browser","--session","phase-synth","--json","eval","--stdin"]
STDIN: phase.getState()
["agent-browser","--session","phase-synth","--json","find","role","button","click","--name","sawtooth waveform","--exact"]
["agent-browser","--session","phase-synth","--json","select","[aria-label=\"Instrument polyphony\"]","4"]
["agent-browser","--session","phase-synth","--json","scrollintoview","[aria-label=\"Instrument attack\"]"]
["agent-browser","--session","phase-synth","--json","eval","--stdin"]
STDIN: (()=>{const e=document.querySelector("[aria-label=\"Instrument attack\"]");return {...e.getBoundingClientRect().toJSON(),value:+e.value,min:+e.min,max:+e.max}})()
["agent-browser","--session","phase-synth","--json","mouse","move","1000","400"]
["agent-browser","--session","phase-synth","--json","mouse","down","left"]
["agent-browser","--session","phase-synth","--json","mouse","move","1001","400"]
["agent-browser","--session","phase-synth","--json","mouse","up","left"]
["agent-browser","--session","phase-synth","--json","scrollintoview","[aria-label=\"Instrument decay\"]"]
["agent-browser","--session","phase-synth","--json","eval","--stdin"]
STDIN: (()=>{const e=document.querySelector("[aria-label=\"Instrument decay\"]");return {...e.getBoundingClientRect().toJSON(),value:+e.value,min:+e.min,max:+e.max}})()
["agent-browser","--session","phase-synth","--json","mouse","move","1069","400"]
["agent-browser","--session","phase-synth","--json","mouse","down","left"]
["agent-browser","--session","phase-synth","--json","mouse","move","1070","400"]
["agent-browser","--session","phase-synth","--json","mouse","up","left"]
["agent-browser","--session","phase-synth","--json","scrollintoview","[aria-label=\"Instrument sustain\"]"]
["agent-browser","--session","phase-synth","--json","eval","--stdin"]
STDIN: (()=>{const e=document.querySelector("[aria-label=\"Instrument sustain\"]");return {...e.getBoundingClientRect().toJSON(),value:+e.value,min:+e.min,max:+e.max}})()
["agent-browser","--session","phase-synth","--json","mouse","move","1135","400"]
["agent-browser","--session","phase-synth","--json","mouse","down","left"]
["agent-browser","--session","phase-synth","--json","mouse","move","1138","400"]
["agent-browser","--session","phase-synth","--json","mouse","up","left"]
["agent-browser","--session","phase-synth","--json","scrollintoview","[aria-label=\"Instrument release\"]"]
["agent-browser","--session","phase-synth","--json","eval","--stdin"]
STDIN: (()=>{const e=document.querySelector("[aria-label=\"Instrument release\"]");return {...e.getBoundingClientRect().toJSON(),value:+e.value,min:+e.min,max:+e.max}})()
["agent-browser","--session","phase-synth","--json","mouse","move","1197","400"]
["agent-browser","--session","phase-synth","--json","mouse","down","left"]
["agent-browser","--session","phase-synth","--json","mouse","move","1196","400"]
["agent-browser","--session","phase-synth","--json","mouse","up","left"]
["agent-browser","--session","phase-synth","--json","scrollintoview","[aria-label=\"Instrument cutoff\"]"]
["agent-browser","--session","phase-synth","--json","eval","--stdin"]
STDIN: (()=>{const e=document.querySelector("[aria-label=\"Instrument cutoff\"]");return {...e.getBoundingClientRect().toJSON(),value:+e.value,min:+e.min,max:+e.max}})()
["agent-browser","--session","phase-synth","--json","mouse","move","1014","400"]
["agent-browser","--session","phase-synth","--json","mouse","down","left"]
["agent-browser","--session","phase-synth","--json","mouse","move","1025","400"]
["agent-browser","--session","phase-synth","--json","mouse","up","left"]
["agent-browser","--session","phase-synth","--json","scrollintoview","[aria-label=\"Instrument resonance\"]"]
["agent-browser","--session","phase-synth","--json","eval","--stdin"]
STDIN: (()=>{const e=document.querySelector("[aria-label=\"Instrument resonance\"]");return {...e.getBoundingClientRect().toJSON(),value:+e.value,min:+e.min,max:+e.max}})()
["agent-browser","--session","phase-synth","--json","mouse","move","1097","400"]
["agent-browser","--session","phase-synth","--json","mouse","down","left"]
["agent-browser","--session","phase-synth","--json","mouse","move","1102","400"]
["agent-browser","--session","phase-synth","--json","mouse","up","left"]
["agent-browser","--session","phase-synth","--json","scrollintoview","[aria-label=\"Instrument env amt\"]"]
["agent-browser","--session","phase-synth","--json","eval","--stdin"]
STDIN: (()=>{const e=document.querySelector("[aria-label=\"Instrument env amt\"]");return {...e.getBoundingClientRect().toJSON(),value:+e.value,min:+e.min,max:+e.max}})()
["agent-browser","--session","phase-synth","--json","mouse","move","1198","400"]
["agent-browser","--session","phase-synth","--json","mouse","down","left"]
["agent-browser","--session","phase-synth","--json","mouse","move","1201","400"]
["agent-browser","--session","phase-synth","--json","mouse","up","left"]
["agent-browser","--session","phase-synth","--json","scrollintoview","[aria-label=\"LFO rate\"]"]
["agent-browser","--session","phase-synth","--json","eval","--stdin"]
STDIN: (()=>{const e=document.querySelector("[aria-label=\"LFO rate\"]");return {...e.getBoundingClientRect().toJSON(),value:+e.value,min:+e.min,max:+e.max}})()
["agent-browser","--session","phase-synth","--json","mouse","move","994","400"]
["agent-browser","--session","phase-synth","--json","mouse","down","left"]
["agent-browser","--session","phase-synth","--json","mouse","move","1002","400"]
["agent-browser","--session","phase-synth","--json","mouse","up","left"]
["agent-browser","--session","phase-synth","--json","scrollintoview","[aria-label=\"LFO depth\"]"]
["agent-browser","--session","phase-synth","--json","eval","--stdin"]
STDIN: (()=>{const e=document.querySelector("[aria-label=\"LFO depth\"]");return {...e.getBoundingClientRect().toJSON(),value:+e.value,min:+e.min,max:+e.max}})()
["agent-browser","--session","phase-synth","--json","mouse","move","1131","400"]
["agent-browser","--session","phase-synth","--json","mouse","down","left"]
["agent-browser","--session","phase-synth","--json","mouse","move","1159","400"]
["agent-browser","--session","phase-synth","--json","mouse","up","left"]
["agent-browser","--session","phase-synth","--json","select","[aria-label=\"LFO destination\"]","pitch"]
["agent-browser","--session","phase-synth","--json","eval","--stdin"]
STDIN: phase.getState()
["agent-browser","--session","phase-synth","--json","eval","--stdin"]
STDIN: phase.diagnostics()
["agent-browser","--session","phase-synth","--json","find","role","tab","click","--name","Step sequencer","--exact"]
["agent-browser","--session","phase-synth","--json","find","role","button","click","--name","Select Sub bass","--exact"]
["agent-browser","--session","phase-synth","--json","select","[aria-label=\"Track preset\"]","pluck"]
["agent-browser","--session","phase-synth","--json","scrollintoview","[aria-label=\"Instrument cutoff\"]"]
["agent-browser","--session","phase-synth","--json","eval","--stdin"]
STDIN: (()=>{const e=document.querySelector("[aria-label=\"Instrument cutoff\"]");return {...e.getBoundingClientRect().toJSON(),value:+e.value,min:+e.min,max:+e.max}})()
["agent-browser","--session","phase-synth","--json","mouse","move","1012","400"]
["agent-browser","--session","phase-synth","--json","mouse","down","left"]
["agent-browser","--session","phase-synth","--json","mouse","move","1011","400"]
["agent-browser","--session","phase-synth","--json","mouse","up","left"]
["agent-browser","--session","phase-synth","--json","scrollintoview","[aria-label=\"Instrument tuning\"]"]
["agent-browser","--session","phase-synth","--json","eval","--stdin"]
STDIN: (()=>{const e=document.querySelector("[aria-label=\"Instrument tuning\"]");return {...e.getBoundingClientRect().toJSON(),value:+e.value,min:+e.min,max:+e.max}})()
["agent-browser","--session","phase-synth","--json","mouse","move","1066","400"]
["agent-browser","--session","phase-synth","--json","mouse","down","left"]
["agent-browser","--session","phase-synth","--json","mouse","move","1080","400"]
["agent-browser","--session","phase-synth","--json","mouse","up","left"]
["agent-browser","--session","phase-synth","--json","select","[aria-label=\"LFO destination\"]","pan"]
["agent-browser","--session","phase-synth","--json","eval","--stdin"]
STDIN: phase.getState()
["agent-browser","--session","phase-synth","--json","find","role","tab","click","--name","Mixer","--exact"]
["agent-browser","--session","phase-synth","--json","scrollintoview","[aria-label=\"Glass keys volume\"]"]
["agent-browser","--session","phase-synth","--json","eval","--stdin"]
STDIN: (()=>{const e=document.querySelector("[aria-label=\"Glass keys volume\"]");return {...e.getBoundingClientRect().toJSON(),value:+e.value,min:+e.min,max:+e.max}})()
["agent-browser","--session","phase-synth","--json","mouse","move","105","389"]
["agent-browser","--session","phase-synth","--json","mouse","down","left"]
["agent-browser","--session","phase-synth","--json","mouse","move","105","406"]
["agent-browser","--session","phase-synth","--json","mouse","up","left"]
["agent-browser","--session","phase-synth","--json","scrollintoview","[aria-label=\"Glass keys pan\"]"]
["agent-browser","--session","phase-synth","--json","eval","--stdin"]
STDIN: (()=>{const e=document.querySelector("[aria-label=\"Glass keys pan\"]");return {...e.getBoundingClientRect().toJSON(),value:+e.value,min:+e.min,max:+e.max}})()
["agent-browser","--session","phase-synth","--json","mouse","move","105","400"]
["agent-browser","--session","phase-synth","--json","mouse","down","left"]
["agent-browser","--session","phase-synth","--json","mouse","move","146","400"]
["agent-browser","--session","phase-synth","--json","mouse","up","left"]
["agent-browser","--session","phase-synth","--json","scrollintoview","[aria-label=\"Glass keys delay send\"]"]
["agent-browser","--session","phase-synth","--json","eval","--stdin"]
STDIN: (()=>{const e=document.querySelector("[aria-label=\"Glass keys delay send\"]");return {...e.getBoundingClientRect().toJSON(),value:+e.value,min:+e.min,max:+e.max}})()
["agent-browser","--session","phase-synth","--json","mouse","move","105","400"]
["agent-browser","--session","phase-synth","--json","mouse","down","left"]
["agent-browser","--session","phase-synth","--json","mouse","move","138","400"]
["agent-browser","--session","phase-synth","--json","mouse","up","left"]
["agent-browser","--session","phase-synth","--json","scrollintoview","[aria-label=\"Glass keys reverb send\"]"]
["agent-browser","--session","phase-synth","--json","eval","--stdin"]
STDIN: (()=>{const e=document.querySelector("[aria-label=\"Glass keys reverb send\"]");return {...e.getBoundingClientRect().toJSON(),value:+e.value,min:+e.min,max:+e.max}})()
["agent-browser","--session","phase-synth","--json","mouse","move","105","400"]
["agent-browser","--session","phase-synth","--json","mouse","down","left"]
["agent-browser","--session","phase-synth","--json","mouse","move","129","400"]
["agent-browser","--session","phase-synth","--json","mouse","up","left"]
["agent-browser","--session","phase-synth","--json","eval","--stdin"]
STDIN: phase.getState()
["agent-browser","--session","phase-synth","--json","screenshot","--full","/home/pyro/projects/naked/astra/bench/03-modular-synth/evidence/screenshots/desktop-mixer.png"]
["agent-browser","--session","phase-synth","--json","click","#mixer [data-mix=\"mute\"][data-track=\"0\"]"]
["agent-browser","--session","phase-synth","--json","eval","--stdin"]
STDIN: phase.diagnostics()
["agent-browser","--session","phase-synth","--json","wait","--fn","phase.diagnostics().audioTime > 4.170612244897959 && phase.diagnostics().trackLevels[0] < 0.000001"]
["agent-browser","--session","phase-synth","--json","eval","--stdin"]
STDIN: (async()=>{const out=[];const end=performance.now()+250;while(performance.now()<end){out.push({...phase.diagnostics(),observedGains:window.__observedEngine?.trackNodes.map(n=>n.input.gain.value)});await new Promise(r=>setTimeout(r,35))}return out})()
["agent-browser","--session","phase-synth","--json","click","#mixer [data-mix=\"mute\"][data-track=\"0\"]"]
["agent-browser","--session","phase-synth","--json","click","#mixer [data-mix=\"solo\"][data-track=\"1\"]"]
["agent-browser","--session","phase-synth","--json","eval","--stdin"]
STDIN: phase.diagnostics()
["agent-browser","--session","phase-synth","--json","wait","--fn","phase.diagnostics().audioTime > 4.704671201814059 && phase.diagnostics().trackLevels.every((v,i)=>i===1 || v<0.000001)"]
["agent-browser","--session","phase-synth","--json","eval","--stdin"]
STDIN: (async()=>{const out=[];const end=performance.now()+700;while(performance.now()<end){out.push({...phase.diagnostics(),observedGains:window.__observedEngine?.trackNodes.map(n=>n.input.gain.value)});await new Promise(r=>setTimeout(r,35))}return out})()
["agent-browser","--session","phase-synth","--json","click","#mixer [data-mix=\"solo\"][data-track=\"1\"]"]
["agent-browser","--session","phase-synth","--json","fill","[aria-label=\"Tempo\"]","128"]
["agent-browser","--session","phase-synth","--json","press","Tab"]
["agent-browser","--session","phase-synth","--json","scrollintoview","[aria-label=\"Swing\"]"]
["agent-browser","--session","phase-synth","--json","eval","--stdin"]
STDIN: (()=>{const e=document.querySelector("[aria-label=\"Swing\"]");return {...e.getBoundingClientRect().toJSON(),value:+e.value,min:+e.min,max:+e.max}})()
["agent-browser","--session","phase-synth","--json","mouse","move","373","218"]
["agent-browser","--session","phase-synth","--json","mouse","down","left"]
["agent-browser","--session","phase-synth","--json","mouse","move","388","218"]
["agent-browser","--session","phase-synth","--json","mouse","up","left"]
["agent-browser","--session","phase-synth","--json","select","[aria-label=\"Pattern length\"]","8"]
["agent-browser","--session","phase-synth","--json","eval","--stdin"]
STDIN: (async()=>{const out=[];const end=performance.now()+1800;while(performance.now()<end){out.push({...phase.diagnostics(),observedGains:window.__observedEngine?.trackNodes.map(n=>n.input.gain.value)});await new Promise(r=>setTimeout(r,35))}return out})()
["agent-browser","--session","phase-synth","--json","eval","--stdin"]
STDIN: phase.getState()
["agent-browser","--session","phase-synth","--json","eval","--stdin"]
STDIN: phase.getState()
["agent-browser","--session","phase-synth","--json","eval","--stdin"]
STDIN: phase.getState()
["agent-browser","--session","phase-synth","--json","find","role","button","click","--name","Metronome","--exact"]
["agent-browser","--session","phase-synth","--json","eval","--stdin"]
STDIN: phase.getState()
["agent-browser","--session","phase-synth","--json","find","role","button","click","--name","Metronome","--exact"]
["agent-browser","--session","phase-synth","--json","eval","--stdin"]
STDIN: phase.getState()
["agent-browser","--session","phase-synth","--json","eval","--stdin"]
STDIN: phase.getState()
["agent-browser","--session","phase-synth","--json","find","role","button","click","--name","Pause","--exact"]
["agent-browser","--session","phase-synth","--json","wait","--fn","phase.diagnostics().activeVoices===0"]
["agent-browser","--session","phase-synth","--json","eval","--stdin"]
STDIN: phase.diagnostics()
["agent-browser","--session","phase-synth","--json","eval","--stdin"]
STDIN: (async()=>{const out=[];const end=performance.now()+300;while(performance.now()<end){out.push({...phase.diagnostics(),observedGains:window.__observedEngine?.trackNodes.map(n=>n.input.gain.value)});await new Promise(r=>setTimeout(r,35))}return out})()
["agent-browser","--session","phase-synth","--json","find","role","button","click","--name","Play","--exact"]
["agent-browser","--session","phase-synth","--json","wait","--fn","phase.diagnostics().playing && phase.diagnostics().activeVoices>0"]
["agent-browser","--session","phase-synth","--json","find","role","button","click","--name","Stop","--exact"]
["agent-browser","--session","phase-synth","--json","eval","--stdin"]
STDIN: phase.diagnostics()
["agent-browser","--session","phase-synth","--json","eval","--stdin"]
STDIN: phase.diagnostics()
["agent-browser","--session","phase-synth","--json","find","role","button","click","--name","Restart from beginning","--exact"]
["agent-browser","--session","phase-synth","--json","wait","--fn","phase.diagnostics().playing && phase.diagnostics().rms>0.001"]
["agent-browser","--session","phase-synth","--json","find","role","button","click","--name","Stop","--exact"]
["agent-browser","--session","phase-synth","--json","eval","--stdin"]
STDIN: phase.diagnostics()
["agent-browser","--session","phase-synth","--json","find","role","tab","click","--name","Step sequencer","--exact"]
["agent-browser","--session","phase-synth","--json","find","role","button","click","--name","Select Glass keys","--exact"]
["agent-browser","--session","phase-synth","--json","click","#project-name"]
["agent-browser","--session","phase-synth","--json","keydown","a"]
["agent-browser","--session","phase-synth","--json","keydown","s"]
["agent-browser","--session","phase-synth","--json","keydown","d"]
["agent-browser","--session","phase-synth","--json","eval","--stdin"]
STDIN: phase.diagnostics()
["agent-browser","--session","phase-synth","--json","wait","--fn","phase.diagnostics().activeVoices>=3"]
["agent-browser","--session","phase-synth","--json","eval","--stdin"]
STDIN: phase.diagnostics()
["agent-browser","--session","phase-synth","--json","keyup","a"]
["agent-browser","--session","phase-synth","--json","keyup","s"]
["agent-browser","--session","phase-synth","--json","keyup","d"]
["agent-browser","--session","phase-synth","--json","eval","--stdin"]
STDIN: phase.diagnostics()
["agent-browser","--session","phase-synth","--json","keydown","a"]
["agent-browser","--session","phase-synth","--json","keyup","a"]
["agent-browser","--session","phase-synth","--json","keydown","a"]
["agent-browser","--session","phase-synth","--json","keyup","a"]
["agent-browser","--session","phase-synth","--json","keydown","a"]
["agent-browser","--session","phase-synth","--json","keyup","a"]
["agent-browser","--session","phase-synth","--json","keydown","a"]
["agent-browser","--session","phase-synth","--json","keyup","a"]
["agent-browser","--session","phase-synth","--json","keydown","a"]
["agent-browser","--session","phase-synth","--json","keyup","a"]
["agent-browser","--session","phase-synth","--json","keydown","a"]
["agent-browser","--session","phase-synth","--json","keyup","a"]
["agent-browser","--session","phase-synth","--json","keydown","a"]
["agent-browser","--session","phase-synth","--json","keyup","a"]
["agent-browser","--session","phase-synth","--json","wait","--fn","phase.diagnostics().activeVoices===0"]
["agent-browser","--session","phase-synth","--json","eval","--stdin"]
STDIN: phase.diagnostics()
["agent-browser","--session","phase-synth","--json","scrollintoview","[aria-label=\"Play D4\"]"]
["agent-browser","--session","phase-synth","--json","eval","--stdin"]
STDIN: document.querySelector('[data-key="62"]').getBoundingClientRect().toJSON()
["agent-browser","--session","phase-synth","--json","mouse","move","177","494"]
["agent-browser","--session","phase-synth","--json","mouse","down","left"]
["agent-browser","--session","phase-synth","--json","eval","--stdin"]
STDIN: phase.diagnostics()
["agent-browser","--session","phase-synth","--json","screenshot","/home/pyro/projects/naked/astra/bench/03-modular-synth/evidence/screenshots/pointer-note-held.png"]
["agent-browser","--session","phase-synth","--json","mouse","move","15","100"]
["agent-browser","--session","phase-synth","--json","mouse","up","left"]
["agent-browser","--session","phase-synth","--json","eval","--stdin"]
STDIN: phase.diagnostics()
["agent-browser","--session","phase-synth","--json","click","#project-name"]
["agent-browser","--session","phase-synth","--json","keydown","a"]
["agent-browser","--session","phase-synth","--json","eval","--stdin"]
STDIN: phase.diagnostics()
["agent-browser","--session","phase-synth","--json","tab","new","about:blank"]
["agent-browser","--session","phase-synth","--json","tab","t1"]
["agent-browser","--session","phase-synth","--json","eval","--stdin"]
STDIN: phase.diagnostics()
["agent-browser","--session","phase-synth","--json","keyup","a"]
["agent-browser","--session","phase-synth","--json","wait","--fn","phase.diagnostics().activeVoices===0"]
["agent-browser","--session","phase-synth","--json","eval","--stdin"]
STDIN: phase.diagnostics()
["agent-browser","--session","phase-synth","--json","scrollintoview","[aria-label=\"Play Soft kick\"]"]
["agent-browser","--session","phase-synth","--json","find","role","button","click","--name","Play Soft kick","--exact"]
["agent-browser","--session","phase-synth","--json","scrollintoview","[aria-label=\"Play Dust snare\"]"]
["agent-browser","--session","phase-synth","--json","find","role","button","click","--name","Play Dust snare","--exact"]
["agent-browser","--session","phase-synth","--json","scrollintoview","[aria-label=\"Play Closed hat\"]"]
["agent-browser","--session","phase-synth","--json","find","role","button","click","--name","Play Closed hat","--exact"]
["agent-browser","--session","phase-synth","--json","scrollintoview","[aria-label=\"Play Wood rim\"]"]
["agent-browser","--session","phase-synth","--json","find","role","button","click","--name","Play Wood rim","--exact"]
["agent-browser","--session","phase-synth","--json","find","role","button","click","--name","Select Closed hat","--exact"]
["agent-browser","--session","phase-synth","--json","select","[aria-label=\"Track preset\"]","open"]
["agent-browser","--session","phase-synth","--json","scrollintoview","[aria-label=\"Instrument pitch\"]"]
["agent-browser","--session","phase-synth","--json","eval","--stdin"]
STDIN: (()=>{const e=document.querySelector("[aria-label=\"Instrument pitch\"]");return {...e.getBoundingClientRect().toJSON(),value:+e.value,min:+e.min,max:+e.max}})()
["agent-browser","--session","phase-synth","--json","mouse","move","1015","400"]
["agent-browser","--session","phase-synth","--json","mouse","down","left"]
["agent-browser","--session","phase-synth","--json","mouse","move","1015","400"]
["agent-browser","--session","phase-synth","--json","mouse","up","left"]
["agent-browser","--session","phase-synth","--json","scrollintoview","[aria-label=\"Instrument decay\"]"]
["agent-browser","--session","phase-synth","--json","eval","--stdin"]
STDIN: (()=>{const e=document.querySelector("[aria-label=\"Instrument decay\"]");return {...e.getBoundingClientRect().toJSON(),value:+e.value,min:+e.min,max:+e.max}})()
["agent-browser","--session","phase-synth","--json","mouse","move","1067","400"]
["agent-browser","--session","phase-synth","--json","mouse","down","left"]
["agent-browser","--session","phase-synth","--json","mouse","move","1068","400"]
["agent-browser","--session","phase-synth","--json","mouse","up","left"]
["agent-browser","--session","phase-synth","--json","scrollintoview","[aria-label=\"Instrument tone\"]"]
["agent-browser","--session","phase-synth","--json","eval","--stdin"]
STDIN: (()=>{const e=document.querySelector("[aria-label=\"Instrument tone\"]");return {...e.getBoundingClientRect().toJSON(),value:+e.value,min:+e.min,max:+e.max}})()
["agent-browser","--session","phase-synth","--json","mouse","move","1146","400"]
["agent-browser","--session","phase-synth","--json","mouse","down","left"]
["agent-browser","--session","phase-synth","--json","mouse","move","1145","400"]
["agent-browser","--session","phase-synth","--json","mouse","up","left"]
["agent-browser","--session","phase-synth","--json","scrollintoview","[aria-label=\"Instrument snap\"]"]
["agent-browser","--session","phase-synth","--json","eval","--stdin"]
STDIN: (()=>{const e=document.querySelector("[aria-label=\"Instrument snap\"]");return {...e.getBoundingClientRect().toJSON(),value:+e.value,min:+e.min,max:+e.max}})()
["agent-browser","--session","phase-synth","--json","mouse","move","1204","400"]
["agent-browser","--session","phase-synth","--json","mouse","down","left"]
["agent-browser","--session","phase-synth","--json","mouse","move","1206","400"]
["agent-browser","--session","phase-synth","--json","mouse","up","left"]
["agent-browser","--session","phase-synth","--json","find","role","button","click","--name","Audition Closed hat","--exact"]
["agent-browser","--session","phase-synth","--json","eval","--stdin"]
STDIN: phase.getState()
["agent-browser","--session","phase-synth","--json","eval","--stdin"]
STDIN: phase.getState()
["agent-browser","--session","phase-synth","--json","eval","--stdin"]
STDIN: phase.getState()
["agent-browser","--session","phase-synth","--json","find","role","button","click","--name","Select Glass keys","--exact"]
["agent-browser","--session","phase-synth","--json","fill","[aria-label=\"Random seed\"]","4242"]
["agent-browser","--session","phase-synth","--json","press","Tab"]
["agent-browser","--session","phase-synth","--json","find","role","button","click","--name","Randomize","--exact"]
["agent-browser","--session","phase-synth","--json","eval","--stdin"]
STDIN: phase.getState()
["agent-browser","--session","phase-synth","--json","find","role","button","click","--name","Clear track","--exact"]
["agent-browser","--session","phase-synth","--json","eval","--stdin"]
STDIN: phase.getState()
["agent-browser","--session","phase-synth","--json","find","role","button","click","--name","Undo last edit","--exact"]
["agent-browser","--session","phase-synth","--json","eval","--stdin"]
STDIN: phase.getState()
["agent-browser","--session","phase-synth","--json","find","role","button","click","--name","Randomize","--exact"]
["agent-browser","--session","phase-synth","--json","eval","--stdin"]
STDIN: phase.getState()
["agent-browser","--session","phase-synth","--json","select","[aria-label=\"Song preset\"]","sunrise"]
["agent-browser","--session","phase-synth","--json","find","role","button","click","--name","Play","--exact"]
["agent-browser","--session","phase-synth","--json","eval","--stdin"]
STDIN: (async()=>{const out=[];const end=performance.now()+650;while(performance.now()<end){out.push({...phase.diagnostics(),observedGains:window.__observedEngine?.trackNodes.map(n=>n.input.gain.value)});await new Promise(r=>setTimeout(r,35))}return out})()
["agent-browser","--session","phase-synth","--json","find","role","button","click","--name","Stop","--exact"]
["agent-browser","--session","phase-synth","--json","select","[aria-label=\"Song preset\"]","warehouse"]
["agent-browser","--session","phase-synth","--json","find","role","button","click","--name","Play","--exact"]
["agent-browser","--session","phase-synth","--json","eval","--stdin"]
STDIN: (async()=>{const out=[];const end=performance.now()+650;while(performance.now()<end){out.push({...phase.diagnostics(),observedGains:window.__observedEngine?.trackNodes.map(n=>n.input.gain.value)});await new Promise(r=>setTimeout(r,35))}return out})()
["agent-browser","--session","phase-synth","--json","find","role","button","click","--name","Stop","--exact"]
["agent-browser","--session","phase-synth","--json","select","[aria-label=\"Song preset\"]","midnight"]
["agent-browser","--session","phase-synth","--json","find","role","button","click","--name","Play","--exact"]
["agent-browser","--session","phase-synth","--json","eval","--stdin"]
STDIN: (async()=>{const out=[];const end=performance.now()+650;while(performance.now()<end){out.push({...phase.diagnostics(),observedGains:window.__observedEngine?.trackNodes.map(n=>n.input.gain.value)});await new Promise(r=>setTimeout(r,35))}return out})()
["agent-browser","--session","phase-synth","--json","find","role","button","click","--name","Stop","--exact"]
["agent-browser","--session","phase-synth","--json","scrollintoview","[aria-label=\"Delay mix\"]"]
["agent-browser","--session","phase-synth","--json","eval","--stdin"]
STDIN: (()=>{const e=document.querySelector("[aria-label=\"Delay mix\"]");return {...e.getBoundingClientRect().toJSON(),value:+e.value,min:+e.min,max:+e.max}})()
["agent-browser","--session","phase-synth","--json","mouse","move","66","675"]
["agent-browser","--session","phase-synth","--json","mouse","down","left"]
["agent-browser","--session","phase-synth","--json","mouse","move","73","675"]
["agent-browser","--session","phase-synth","--json","mouse","up","left"]
["agent-browser","--session","phase-synth","--json","select","[aria-label=\"Delay time\"]","0.5"]
["agent-browser","--session","phase-synth","--json","scrollintoview","[aria-label=\"Delay feedback\"]"]
["agent-browser","--session","phase-synth","--json","eval","--stdin"]
STDIN: (()=>{const e=document.querySelector("[aria-label=\"Delay feedback\"]");return {...e.getBoundingClientRect().toJSON(),value:+e.value,min:+e.min,max:+e.max}})()
["agent-browser","--session","phase-synth","--json","mouse","move","223","676"]
["agent-browser","--session","phase-synth","--json","mouse","down","left"]
["agent-browser","--session","phase-synth","--json","mouse","move","221","676"]
["agent-browser","--session","phase-synth","--json","mouse","up","left"]
["agent-browser","--session","phase-synth","--json","scrollintoview","[aria-label=\"Reverb mix\"]"]
["agent-browser","--session","phase-synth","--json","eval","--stdin"]
STDIN: (()=>{const e=document.querySelector("[aria-label=\"Reverb mix\"]");return {...e.getBoundingClientRect().toJSON(),value:+e.value,min:+e.min,max:+e.max}})()
["agent-browser","--session","phase-synth","--json","mouse","move","308","675"]
["agent-browser","--session","phase-synth","--json","mouse","down","left"]
["agent-browser","--session","phase-synth","--json","mouse","move","315","675"]
["agent-browser","--session","phase-synth","--json","mouse","up","left"]
["agent-browser","--session","phase-synth","--json","scrollintoview","[aria-label=\"Reverb decay\"]"]
["agent-browser","--session","phase-synth","--json","eval","--stdin"]
STDIN: (()=>{const e=document.querySelector("[aria-label=\"Reverb decay\"]");return {...e.getBoundingClientRect().toJSON(),value:+e.value,min:+e.min,max:+e.max}})()
["agent-browser","--session","phase-synth","--json","mouse","move","382","669"]
["agent-browser","--session","phase-synth","--json","mouse","down","left"]
["agent-browser","--session","phase-synth","--json","mouse","move","377","669"]
["agent-browser","--session","phase-synth","--json","mouse","up","left"]
["agent-browser","--session","phase-synth","--json","scrollintoview","[aria-label=\"Drive drive\"]"]
["agent-browser","--session","phase-synth","--json","eval","--stdin"]
STDIN: (()=>{const e=document.querySelector("[aria-label=\"Drive drive\"]");return {...e.getBoundingClientRect().toJSON(),value:+e.value,min:+e.min,max:+e.max}})()
["agent-browser","--session","phase-synth","--json","mouse","move","548","675"]
["agent-browser","--session","phase-synth","--json","mouse","down","left"]
["agent-browser","--session","phase-synth","--json","mouse","move","557","675"]
["agent-browser","--session","phase-synth","--json","mouse","up","left"]
["agent-browser","--session","phase-synth","--json","scrollintoview","[aria-label=\"Tone cutoff\"]"]
["agent-browser","--session","phase-synth","--json","eval","--stdin"]
STDIN: (()=>{const e=document.querySelector("[aria-label=\"Tone cutoff\"]");return {...e.getBoundingClientRect().toJSON(),value:+e.value,min:+e.min,max:+e.max}})()
["agent-browser","--session","phase-synth","--json","mouse","move","804","675"]
["agent-browser","--session","phase-synth","--json","mouse","down","left"]
["agent-browser","--session","phase-synth","--json","mouse","move","797","675"]
["agent-browser","--session","phase-synth","--json","mouse","up","left"]
["agent-browser","--session","phase-synth","--json","scrollintoview","[aria-label=\"Limiter glue\"]"]
["agent-browser","--session","phase-synth","--json","eval","--stdin"]
STDIN: (()=>{const e=document.querySelector("[aria-label=\"Limiter glue\"]");return {...e.getBoundingClientRect().toJSON(),value:+e.value,min:+e.min,max:+e.max}})()
["agent-browser","--session","phase-synth","--json","mouse","move","1039","675"]
["agent-browser","--session","phase-synth","--json","mouse","down","left"]
["agent-browser","--session","phase-synth","--json","mouse","move","1043","675"]
["agent-browser","--session","phase-synth","--json","mouse","up","left"]
["agent-browser","--session","phase-synth","--json","find","role","button","click","--name","delay effect enabled","--exact"]
["agent-browser","--session","phase-synth","--json","eval","--stdin"]
STDIN: phase.getState()
["agent-browser","--session","phase-synth","--json","find","role","button","click","--name","delay effect enabled","--exact"]
["agent-browser","--session","phase-synth","--json","eval","--stdin"]
STDIN: phase.getState()
["agent-browser","--session","phase-synth","--json","find","role","button","click","--name","reverb effect enabled","--exact"]
["agent-browser","--session","phase-synth","--json","eval","--stdin"]
STDIN: phase.getState()
["agent-browser","--session","phase-synth","--json","find","role","button","click","--name","reverb effect enabled","--exact"]
["agent-browser","--session","phase-synth","--json","eval","--stdin"]
STDIN: phase.getState()
["agent-browser","--session","phase-synth","--json","find","role","button","click","--name","drive effect enabled","--exact"]
["agent-browser","--session","phase-synth","--json","eval","--stdin"]
STDIN: phase.getState()
["agent-browser","--session","phase-synth","--json","find","role","button","click","--name","drive effect enabled","--exact"]
["agent-browser","--session","phase-synth","--json","eval","--stdin"]
STDIN: phase.getState()
["agent-browser","--session","phase-synth","--json","find","role","button","click","--name","tone effect enabled","--exact"]
["agent-browser","--session","phase-synth","--json","eval","--stdin"]
STDIN: phase.getState()
["agent-browser","--session","phase-synth","--json","find","role","button","click","--name","tone effect enabled","--exact"]
["agent-browser","--session","phase-synth","--json","eval","--stdin"]
STDIN: phase.getState()
["agent-browser","--session","phase-synth","--json","find","role","button","click","--name","limiter effect enabled","--exact"]
["agent-browser","--session","phase-synth","--json","eval","--stdin"]
STDIN: phase.getState()
["agent-browser","--session","phase-synth","--json","find","role","button","click","--name","limiter effect enabled","--exact"]
["agent-browser","--session","phase-synth","--json","eval","--stdin"]
STDIN: phase.getState()
["agent-browser","--session","phase-synth","--json","eval","--stdin"]
STDIN: phase.getState()
["agent-browser","--session","phase-synth","--json","find","role","button","click","--name","Stop","--exact"]
["agent-browser","--session","phase-synth","--json","eval","--stdin"]
STDIN: phase.getState()
["agent-browser","--session","phase-synth","--json","get","cdp-url"]
["agent-browser","--session","phase-synth","--json","find","role","button","click","--name","Save project","--exact"]
["agent-browser","--session","phase-synth","--json","wait","--fn","document.getElementById(\"save-status\").textContent.includes(\"Saved\")"]
["agent-browser","--session","phase-synth","--json","reload"]
["agent-browser","--session","phase-synth","--json","eval","--stdin"]
STDIN: phase.getState()
["agent-browser","--session","phase-synth","--json","eval","--stdin"]
STDIN: phase.diagnostics()
["agent-browser","--session","phase-synth","--json","eval","--stdin"]
STDIN: phase.diagnostics()
["agent-browser","--session","phase-synth","--json","eval","--stdin"]
STDIN: phase.getState()
["agent-browser","--session","phase-synth","--json","eval","--stdin"]
STDIN: phase.getState()
["agent-browser","--session","phase-synth","--json","eval","--stdin"]
STDIN: phase.diagnostics()
["agent-browser","--session","phase-synth","--json","select","[aria-label=\"Song preset\"]","sunrise"]
["agent-browser","--session","phase-synth","--json","eval","--stdin"]
STDIN: phase.getState()
["agent-browser","--session","phase-synth","--json","find","role","button","click","--name","Load project","--exact"]
["agent-browser","--session","phase-synth","--json","upload","#project-file","/home/pyro/projects/naked/astra/bench/03-modular-synth/evidence/downloads/run-1788748837517/project/midnight-circuitry.phase.json"]
["agent-browser","--session","phase-synth","--json","wait","--fn","document.getElementById(\"toast\").textContent.startsWith(\"Project loaded:\")"]
["agent-browser","--session","phase-synth","--json","eval","--stdin"]
STDIN: phase.getState()
["agent-browser","--session","phase-synth","--json","eval","--stdin"]
STDIN: phase.getState()
["agent-browser","--session","phase-synth","--json","eval","--stdin"]
STDIN: phase.getState()
["agent-browser","--session","phase-synth","--json","find","role","button","click","--name","Load project","--exact"]
["agent-browser","--session","phase-synth","--json","upload","#project-file","/home/pyro/projects/naked/astra/bench/03-modular-synth/evidence/tests/invalid-syntax.json"]
["agent-browser","--session","phase-synth","--json","wait","--fn","document.getElementById(\"toast\").classList.contains(\"error\")"]
["agent-browser","--session","phase-synth","--json","eval","--stdin"]
STDIN: phase.getState()
["agent-browser","--session","phase-synth","--json","eval","--stdin"]
STDIN: document.getElementById("toast").textContent
["agent-browser","--session","phase-synth","--json","screenshot","/home/pyro/projects/naked/astra/bench/03-modular-synth/evidence/screenshots/invalid-json-error.png"]
["agent-browser","--session","phase-synth","--json","find","role","button","click","--name","Load project","--exact"]
["agent-browser","--session","phase-synth","--json","upload","#project-file","/home/pyro/projects/naked/astra/bench/03-modular-synth/evidence/tests/invalid-project.json"]
["agent-browser","--session","phase-synth","--json","wait","--fn","document.getElementById(\"toast\").classList.contains(\"error\")"]
["agent-browser","--session","phase-synth","--json","eval","--stdin"]
STDIN: phase.getState()
["agent-browser","--session","phase-synth","--json","eval","--stdin"]
STDIN: document.getElementById("toast").textContent
["agent-browser","--session","phase-synth","--json","screenshot","/home/pyro/projects/naked/astra/bench/03-modular-synth/evidence/screenshots/invalid-value-error.png"]
["agent-browser","--session","phase-synth","--json","eval","--stdin"]
STDIN: window.__NativeAudioContext=window.AudioContext;window.AudioContext=class extends __NativeAudioContext {constructor(options){super({...options,sinkId:{type:'none'}})}}
["agent-browser","--session","phase-synth","--json","find","role","button","click","--name","Enable audio","--exact"]
["agent-browser","--session","phase-synth","--json","wait","--fn","phase.diagnostics().audioTime>0.1"]
["agent-browser","--session","phase-synth","--json","find","role","button","click","--name","Play","--exact"]
["agent-browser","--session","phase-synth","--json","eval","--stdin"]
STDIN: (async()=>{const out=[];const end=performance.now()+1100;while(performance.now()<end){out.push({...phase.diagnostics(),observedGains:window.__observedEngine?.trackNodes.map(n=>n.input.gain.value)});await new Promise(r=>setTimeout(r,35))}return out})()
["agent-browser","--session","phase-synth","--json","find","role","button","click","--name","Stop","--exact"]
["agent-browser","--session","phase-synth","--json","errors"]
["agent-browser","--session","phase-synth","--json","select","[aria-label=\"Song preset\"]","sunrise"]
["agent-browser","--session","phase-synth","--json","select","[aria-label=\"Song preset\"]","midnight"]
["agent-browser","--session","phase-synth","--json","find","role","button","click","--name","Export WAV","--exact"]
["agent-browser","--session","phase-synth","--json","select","#export-loops","1"]
["agent-browser","--session","phase-synth","--json","eval","--stdin"]
STDIN: phase.diagnostics()
["agent-browser","--session","phase-synth","--json","find","role","button","click","--name","Render & download","--exact"]
["agent-browser","--session","phase-synth","--json","wait","--fn","!phase.diagnostics().exporting && phase.diagnostics().lastExport?.renderedAt !== \"\""]
["agent-browser","--session","phase-synth","--json","eval","--stdin"]
STDIN: phase.diagnostics()
["agent-browser","--session","phase-synth","--json","screenshot","/home/pyro/projects/naked/astra/bench/03-modular-synth/evidence/screenshots/wav-export-ready.png"]
["agent-browser","--session","phase-synth","--json","eval","--stdin"]
STDIN: phase.diagnostics()
["agent-browser","--session","phase-synth","--json","find","role","button","click","--name","Render & download","--exact"]
["agent-browser","--session","phase-synth","--json","wait","--fn","!phase.diagnostics().exporting && phase.diagnostics().lastExport?.renderedAt !== \"2026-09-07T02:40:39.824Z\""]
["agent-browser","--session","phase-synth","--json","eval","--stdin"]
STDIN: phase.diagnostics()
["agent-browser","--session","phase-synth","--json","find","role","button","click","--name","Close export","--exact"]
["agent-browser","--session","phase-synth","--json","scrollintoview","[aria-label=\"Delay mix\"]"]
["agent-browser","--session","phase-synth","--json","eval","--stdin"]
STDIN: (()=>{const e=document.querySelector("[aria-label=\"Delay mix\"]");return {...e.getBoundingClientRect().toJSON(),value:+e.value,min:+e.min,max:+e.max}})()
["agent-browser","--session","phase-synth","--json","mouse","move","66","675"]
["agent-browser","--session","phase-synth","--json","mouse","down","left"]
["agent-browser","--session","phase-synth","--json","mouse","move","81","675"]
["agent-browser","--session","phase-synth","--json","mouse","up","left"]
["agent-browser","--session","phase-synth","--json","find","role","button","click","--name","Export WAV","--exact"]
["agent-browser","--session","phase-synth","--json","eval","--stdin"]
STDIN: phase.diagnostics()
["agent-browser","--session","phase-synth","--json","find","role","button","click","--name","Render & download","--exact"]
["agent-browser","--session","phase-synth","--json","wait","--fn","!phase.diagnostics().exporting && phase.diagnostics().lastExport?.renderedAt !== \"2026-09-07T02:40:40.272Z\""]
["agent-browser","--session","phase-synth","--json","eval","--stdin"]
STDIN: phase.diagnostics()
["agent-browser","--session","phase-synth","--json","find","role","button","click","--name","Close export","--exact"]
["agent-browser","--session","phase-synth","--json","select","[aria-label=\"Song preset\"]","sunrise"]
["agent-browser","--session","phase-synth","--json","select","[aria-label=\"Song preset\"]","midnight"]
["agent-browser","--session","phase-synth","--json","find","role","button","click","--name","Export WAV","--exact"]
["agent-browser","--session","phase-synth","--json","find","role","button","click","--name","Close export","--exact"]
["agent-browser","--session","phase-synth","--json","scrollintoview","[aria-label=\"Reverb mix\"]"]
["agent-browser","--session","phase-synth","--json","eval","--stdin"]
STDIN: (()=>{const e=document.querySelector("[aria-label=\"Reverb mix\"]");return {...e.getBoundingClientRect().toJSON(),value:+e.value,min:+e.min,max:+e.max}})()
["agent-browser","--session","phase-synth","--json","mouse","move","308","675"]
["agent-browser","--session","phase-synth","--json","mouse","down","left"]
["agent-browser","--session","phase-synth","--json","mouse","move","324","675"]
["agent-browser","--session","phase-synth","--json","mouse","up","left"]
["agent-browser","--session","phase-synth","--json","find","role","button","click","--name","Export WAV","--exact"]
["agent-browser","--session","phase-synth","--json","eval","--stdin"]
STDIN: phase.diagnostics()
["agent-browser","--session","phase-synth","--json","find","role","button","click","--name","Render & download","--exact"]
["agent-browser","--session","phase-synth","--json","wait","--fn","!phase.diagnostics().exporting && phase.diagnostics().lastExport?.renderedAt !== \"2026-09-07T02:40:40.644Z\""]
["agent-browser","--session","phase-synth","--json","eval","--stdin"]
STDIN: phase.diagnostics()
["agent-browser","--session","phase-synth","--json","find","role","button","click","--name","Close export","--exact"]
["agent-browser","--session","phase-synth","--json","select","[aria-label=\"Song preset\"]","sunrise"]
["agent-browser","--session","phase-synth","--json","select","[aria-label=\"Song preset\"]","midnight"]
["agent-browser","--session","phase-synth","--json","find","role","button","click","--name","Export WAV","--exact"]
["agent-browser","--session","phase-synth","--json","find","role","button","click","--name","Close export","--exact"]
["agent-browser","--session","phase-synth","--json","scrollintoview","[aria-label=\"Drive drive\"]"]
["agent-browser","--session","phase-synth","--json","eval","--stdin"]
STDIN: (()=>{const e=document.querySelector("[aria-label=\"Drive drive\"]");return {...e.getBoundingClientRect().toJSON(),value:+e.value,min:+e.min,max:+e.max}})()
["agent-browser","--session","phase-synth","--json","mouse","move","548","675"]
["agent-browser","--session","phase-synth","--json","mouse","down","left"]
["agent-browser","--session","phase-synth","--json","mouse","move","564","675"]
["agent-browser","--session","phase-synth","--json","mouse","up","left"]
["agent-browser","--session","phase-synth","--json","find","role","button","click","--name","Export WAV","--exact"]
["agent-browser","--session","phase-synth","--json","eval","--stdin"]
STDIN: phase.diagnostics()
["agent-browser","--session","phase-synth","--json","find","role","button","click","--name","Render & download","--exact"]
["agent-browser","--session","phase-synth","--json","wait","--fn","!phase.diagnostics().exporting && phase.diagnostics().lastExport?.renderedAt !== \"2026-09-07T02:40:41.097Z\""]
["agent-browser","--session","phase-synth","--json","eval","--stdin"]
STDIN: phase.diagnostics()
["agent-browser","--session","phase-synth","--json","find","role","button","click","--name","Close export","--exact"]
["agent-browser","--session","phase-synth","--json","select","[aria-label=\"Song preset\"]","sunrise"]
["agent-browser","--session","phase-synth","--json","select","[aria-label=\"Song preset\"]","midnight"]
["agent-browser","--session","phase-synth","--json","find","role","button","click","--name","Export WAV","--exact"]
["agent-browser","--session","phase-synth","--json","find","role","button","click","--name","Close export","--exact"]
["agent-browser","--session","phase-synth","--json","scrollintoview","[aria-label=\"Tone cutoff\"]"]
["agent-browser","--session","phase-synth","--json","eval","--stdin"]
STDIN: (()=>{const e=document.querySelector("[aria-label=\"Tone cutoff\"]");return {...e.getBoundingClientRect().toJSON(),value:+e.value,min:+e.min,max:+e.max}})()
["agent-browser","--session","phase-synth","--json","mouse","move","804","675"]
["agent-browser","--session","phase-synth","--json","mouse","down","left"]
["agent-browser","--session","phase-synth","--json","mouse","move","788","675"]
["agent-browser","--session","phase-synth","--json","mouse","up","left"]
["agent-browser","--session","phase-synth","--json","find","role","button","click","--name","Export WAV","--exact"]
["agent-browser","--session","phase-synth","--json","eval","--stdin"]
STDIN: phase.diagnostics()
["agent-browser","--session","phase-synth","--json","find","role","button","click","--name","Render & download","--exact"]
["agent-browser","--session","phase-synth","--json","wait","--fn","!phase.diagnostics().exporting && phase.diagnostics().lastExport?.renderedAt !== \"2026-09-07T02:40:41.540Z\""]
["agent-browser","--session","phase-synth","--json","eval","--stdin"]
STDIN: phase.diagnostics()
["agent-browser","--session","phase-synth","--json","find","role","button","click","--name","Close export","--exact"]
["agent-browser","--session","phase-synth","--json","select","[aria-label=\"Song preset\"]","sunrise"]
["agent-browser","--session","phase-synth","--json","select","[aria-label=\"Song preset\"]","midnight"]
["agent-browser","--session","phase-synth","--json","find","role","button","click","--name","Export WAV","--exact"]
["agent-browser","--session","phase-synth","--json","find","role","button","click","--name","Close export","--exact"]
["agent-browser","--session","phase-synth","--json","scrollintoview","[aria-label=\"Limiter glue\"]"]
["agent-browser","--session","phase-synth","--json","eval","--stdin"]
STDIN: (()=>{const e=document.querySelector("[aria-label=\"Limiter glue\"]");return {...e.getBoundingClientRect().toJSON(),value:+e.value,min:+e.min,max:+e.max}})()
["agent-browser","--session","phase-synth","--json","mouse","move","1039","675"]
["agent-browser","--session","phase-synth","--json","mouse","down","left"]
["agent-browser","--session","phase-synth","--json","mouse","move","1054","675"]
["agent-browser","--session","phase-synth","--json","mouse","up","left"]
["agent-browser","--session","phase-synth","--json","find","role","button","click","--name","Export WAV","--exact"]
["agent-browser","--session","phase-synth","--json","eval","--stdin"]
STDIN: phase.diagnostics()
["agent-browser","--session","phase-synth","--json","find","role","button","click","--name","Render & download","--exact"]
["agent-browser","--session","phase-synth","--json","wait","--fn","!phase.diagnostics().exporting && phase.diagnostics().lastExport?.renderedAt !== \"2026-09-07T02:40:42.027Z\""]
["agent-browser","--session","phase-synth","--json","eval","--stdin"]
STDIN: phase.diagnostics()
["agent-browser","--session","phase-synth","--json","find","role","button","click","--name","Close export","--exact"]
["agent-browser","--session","phase-synth","--json","select","[aria-label=\"Song preset\"]","sunrise"]
["agent-browser","--session","phase-synth","--json","select","[aria-label=\"Song preset\"]","midnight"]
["agent-browser","--session","phase-synth","--json","find","role","button","click","--name","Export WAV","--exact"]
["agent-browser","--session","phase-synth","--json","find","role","button","click","--name","Close export","--exact"]
["agent-browser","--session","phase-synth","--json","find","role","button","click","--name","triangle waveform","--exact"]
["agent-browser","--session","phase-synth","--json","find","role","tab","click","--name","Mixer","--exact"]
["agent-browser","--session","phase-synth","--json","scrollintoview","[aria-label=\"Glass keys pan\"]"]
["agent-browser","--session","phase-synth","--json","eval","--stdin"]
STDIN: (()=>{const e=document.querySelector("[aria-label=\"Glass keys pan\"]");return {...e.getBoundingClientRect().toJSON(),value:+e.value,min:+e.min,max:+e.max}})()
["agent-browser","--session","phase-synth","--json","mouse","move","105","400"]
["agent-browser","--session","phase-synth","--json","mouse","down","left"]
["agent-browser","--session","phase-synth","--json","mouse","move","163","400"]
["agent-browser","--session","phase-synth","--json","mouse","up","left"]
["agent-browser","--session","phase-synth","--json","scrollintoview","[aria-label=\"Glass keys volume\"]"]
["agent-browser","--session","phase-synth","--json","eval","--stdin"]
STDIN: (()=>{const e=document.querySelector("[aria-label=\"Glass keys volume\"]");return {...e.getBoundingClientRect().toJSON(),value:+e.value,min:+e.min,max:+e.max}})()
["agent-browser","--session","phase-synth","--json","mouse","move","105","389"]
["agent-browser","--session","phase-synth","--json","mouse","down","left"]
["agent-browser","--session","phase-synth","--json","mouse","move","105","372"]
["agent-browser","--session","phase-synth","--json","mouse","up","left"]
["agent-browser","--session","phase-synth","--json","find","role","button","click","--name","Export WAV","--exact"]
["agent-browser","--session","phase-synth","--json","eval","--stdin"]
STDIN: phase.diagnostics()
["agent-browser","--session","phase-synth","--json","find","role","button","click","--name","Render & download","--exact"]
["agent-browser","--session","phase-synth","--json","wait","--fn","!phase.diagnostics().exporting && phase.diagnostics().lastExport?.renderedAt !== \"2026-09-07T02:40:42.479Z\""]
["agent-browser","--session","phase-synth","--json","eval","--stdin"]
STDIN: phase.diagnostics()
["agent-browser","--session","phase-synth","--json","find","role","button","click","--name","Close export","--exact"]
["agent-browser","--session","phase-synth","--json","scrollintoview","[aria-label=\"Master volume\"]"]
["agent-browser","--session","phase-synth","--json","eval","--stdin"]
STDIN: (()=>{const e=document.querySelector("[aria-label=\"Master volume\"]");return {...e.getBoundingClientRect().toJSON(),value:+e.value,min:+e.min,max:+e.max}})()
["agent-browser","--session","phase-synth","--json","mouse","move","1183","219"]
["agent-browser","--session","phase-synth","--json","mouse","down","left"]
["agent-browser","--session","phase-synth","--json","mouse","move","1079","219"]
["agent-browser","--session","phase-synth","--json","mouse","up","left"]
["agent-browser","--session","phase-synth","--json","eval","--stdin"]
STDIN: phase.getState()
["agent-browser","--session","phase-synth","--json","find","role","button","click","--name","Export WAV","--exact"]
["agent-browser","--session","phase-synth","--json","eval","--stdin"]
STDIN: phase.diagnostics()
["agent-browser","--session","phase-synth","--json","find","role","button","click","--name","Render & download","--exact"]
["agent-browser","--session","phase-synth","--json","wait","--fn","!phase.diagnostics().exporting && phase.diagnostics().lastExport?.renderedAt !== \"2026-09-07T02:40:42.991Z\""]
["agent-browser","--session","phase-synth","--json","eval","--stdin"]
STDIN: phase.diagnostics()
["agent-browser","--session","phase-synth","--json","find","role","button","click","--name","Close export","--exact"]
["agent-browser","--session","phase-synth","--json","select","[aria-label=\"Song preset\"]","sunrise"]
["agent-browser","--session","phase-synth","--json","select","[aria-label=\"Song preset\"]","midnight"]
["agent-browser","--session","phase-synth","--json","find","role","tab","click","--name","Step sequencer","--exact"]
["agent-browser","--session","phase-synth","--json","set","viewport","390","844"]
["agent-browser","--session","phase-synth","--json","scroll","up","3000"]
["agent-browser","--session","phase-synth","--json","eval","--stdin"]
STDIN: ({width:innerWidth,scrollWidth:document.documentElement.scrollWidth,height:innerHeight})
["agent-browser","--session","phase-synth","--json","screenshot","/home/pyro/projects/naked/astra/bench/03-modular-synth/evidence/screenshots/mobile-initial.png"]
["agent-browser","--session","phase-synth","--json","screenshot","--full","/home/pyro/projects/naked/astra/bench/03-modular-synth/evidence/screenshots/mobile-full.png"]
["agent-browser","--session","phase-synth","--json","find","role","button","click","--name","Play","--exact"]
["agent-browser","--session","phase-synth","--json","wait","--fn","phase.diagnostics().playing && phase.diagnostics().rms>0.005"]
["agent-browser","--session","phase-synth","--json","eval","--stdin"]
STDIN: phase.getState()
["agent-browser","--session","phase-synth","--json","click",".step[data-track=\"0\"][data-step=\"1\"]"]
["agent-browser","--session","phase-synth","--json","eval","--stdin"]
STDIN: phase.getState()
["agent-browser","--session","phase-synth","--json","select","[aria-label=\"Pattern length\"]","32"]
["agent-browser","--session","phase-synth","--json","scrollintoview",".step[data-track=\"0\"][data-step=\"31\"]"]
["agent-browser","--session","phase-synth","--json","eval","--stdin"]
STDIN: document.querySelector(".grid-scroll").scrollLeft
["agent-browser","--session","phase-synth","--json","click",".step[data-track=\"0\"][data-step=\"31\"]"]
["agent-browser","--session","phase-synth","--json","eval","--stdin"]
STDIN: phase.getState()
["agent-browser","--session","phase-synth","--json","screenshot","/home/pyro/projects/naked/astra/bench/03-modular-synth/evidence/screenshots/mobile-sequence-end.png"]
["agent-browser","--session","phase-synth","--json","select","[aria-label=\"Pattern length\"]","16"]
["agent-browser","--session","phase-synth","--json","find","role","button","click","--name","Stop","--exact"]
["agent-browser","--session","phase-synth","--json","eval","--stdin"]
STDIN: phase.getState()
["agent-browser","--session","phase-synth","--json","eval","--stdin"]
STDIN: phase.diagnostics()
["agent-browser","--session","phase-synth","--json","find","role","tab","click","--name","Piano roll","--exact"]
["agent-browser","--session","phase-synth","--json","click","[aria-label=\"F4 step 3\"]"]
["agent-browser","--session","phase-synth","--json","eval","--stdin"]
STDIN: phase.getState()
["agent-browser","--session","phase-synth","--json","screenshot","/home/pyro/projects/naked/astra/bench/03-modular-synth/evidence/screenshots/mobile-piano-roll.png"]
["agent-browser","--session","phase-synth","--json","find","role","tab","click","--name","Mixer","--exact"]
["agent-browser","--session","phase-synth","--json","scrollintoview","[aria-label=\"Glass keys volume\"]"]
["agent-browser","--session","phase-synth","--json","eval","--stdin"]
STDIN: (()=>{const e=document.querySelector("[aria-label=\"Glass keys volume\"]");return {...e.getBoundingClientRect().toJSON(),value:+e.value,min:+e.min,max:+e.max}})()
["agent-browser","--session","phase-synth","--json","mouse","move","67","411"]
["agent-browser","--session","phase-synth","--json","mouse","down","left"]
["agent-browser","--session","phase-synth","--json","mouse","move","67","416"]
["agent-browser","--session","phase-synth","--json","mouse","up","left"]
["agent-browser","--session","phase-synth","--json","scrollintoview","[aria-label=\"Glass keys pan\"]"]
["agent-browser","--session","phase-synth","--json","eval","--stdin"]
STDIN: (()=>{const e=document.querySelector("[aria-label=\"Glass keys pan\"]");return {...e.getBoundingClientRect().toJSON(),value:+e.value,min:+e.min,max:+e.max}})()
["agent-browser","--session","phase-synth","--json","mouse","move","71","422"]
["agent-browser","--session","phase-synth","--json","mouse","down","left"]
["agent-browser","--session","phase-synth","--json","mouse","move","58","422"]
["agent-browser","--session","phase-synth","--json","mouse","up","left"]
["agent-browser","--session","phase-synth","--json","eval","--stdin"]
STDIN: phase.getState()
["agent-browser","--session","phase-synth","--json","screenshot","/home/pyro/projects/naked/astra/bench/03-modular-synth/evidence/screenshots/mobile-mixer.png"]
["agent-browser","--session","phase-synth","--json","find","role","tab","click","--name","Step sequencer","--exact"]
["agent-browser","--session","phase-synth","--json","find","role","button","click","--name","Select Sub bass","--exact"]
["agent-browser","--session","phase-synth","--json","select","[aria-label=\"Track preset\"]","sub"]
["agent-browser","--session","phase-synth","--json","scrollintoview","[aria-label=\"Instrument cutoff\"]"]
["agent-browser","--session","phase-synth","--json","eval","--stdin"]
STDIN: (()=>{const e=document.querySelector("[aria-label=\"Instrument cutoff\"]");return {...e.getBoundingClientRect().toJSON(),value:+e.value,min:+e.min,max:+e.max}})()
["agent-browser","--session","phase-synth","--json","mouse","move","69","422"]
["agent-browser","--session","phase-synth","--json","mouse","down","left"]
["agent-browser","--session","phase-synth","--json","mouse","move","73","422"]
["agent-browser","--session","phase-synth","--json","mouse","up","left"]
["agent-browser","--session","phase-synth","--json","eval","--stdin"]
STDIN: phase.getState()
["agent-browser","--session","phase-synth","--json","screenshot","/home/pyro/projects/naked/astra/bench/03-modular-synth/evidence/screenshots/mobile-instrument.png"]
["agent-browser","--session","phase-synth","--json","find","role","button","click","--name","Select Glass keys","--exact"]
["agent-browser","--session","phase-synth","--json","eval","--stdin"]
STDIN: phase.diagnostics()
["agent-browser","--session","phase-synth","--json","eval","--stdin"]
STDIN: phase.getState()
["agent-browser","--session","phase-synth","--json","scrollintoview","[aria-label=\"Play D4\"]"]
["agent-browser","--session","phase-synth","--json","get","cdp-url"]
["agent-browser","--session","phase-synth","--json","eval","--stdin"]
STDIN: document.querySelector("[aria-label=\"Play D4\"]").getBoundingClientRect().toJSON()
["agent-browser","--session","phase-synth","--json","eval","--stdin"]
STDIN: phase.diagnostics()
["agent-browser","--session","phase-synth","--json","eval","--stdin"]
STDIN: phase.diagnostics()
["agent-browser","--session","phase-synth","--json","wait","--fn","phase.diagnostics().activeVoices===0"]
["agent-browser","--session","phase-synth","--json","screenshot","/home/pyro/projects/naked/astra/bench/03-modular-synth/evidence/screenshots/mobile-performance.png"]
["agent-browser","--session","phase-synth","--json","scrollintoview","[aria-label=\"Reverb mix\"]"]
["agent-browser","--session","phase-synth","--json","eval","--stdin"]
STDIN: (()=>{const e=document.querySelector("[aria-label=\"Reverb mix\"]");return {...e.getBoundingClientRect().toJSON(),value:+e.value,min:+e.min,max:+e.max}})()
["agent-browser","--session","phase-synth","--json","mouse","move","225","474"]
["agent-browser","--session","phase-synth","--json","mouse","down","left"]
["agent-browser","--session","phase-synth","--json","mouse","move","235","474"]
["agent-browser","--session","phase-synth","--json","mouse","up","left"]
["agent-browser","--session","phase-synth","--json","eval","--stdin"]
STDIN: phase.getState()
["agent-browser","--session","phase-synth","--json","find","role","button","click","--name","Guide & shortcuts ↗","--exact"]
["agent-browser","--session","phase-synth","--json","eval","--stdin"]
STDIN: document.getElementById("help-dialog").open
["agent-browser","--session","phase-synth","--json","screenshot","/home/pyro/projects/naked/astra/bench/03-modular-synth/evidence/screenshots/mobile-guide.png"]
["agent-browser","--session","phase-synth","--json","press","Escape"]
["agent-browser","--session","phase-synth","--json","eval","--stdin"]
STDIN: document.getElementById("help-dialog").open
["agent-browser","--session","phase-synth","--json","eval","--stdin"]
STDIN: phase.getState()
["agent-browser","--session","phase-synth","--json","find","role","button","click","--name","Export WAV","--exact"]
["agent-browser","--session","phase-synth","--json","eval","--stdin"]
STDIN: document.getElementById("export-dialog").getBoundingClientRect().toJSON()
["agent-browser","--session","phase-synth","--json","screenshot","/home/pyro/projects/naked/astra/bench/03-modular-synth/evidence/screenshots/mobile-export.png"]
["agent-browser","--session","phase-synth","--json","find","role","button","click","--name","Close export","--exact"]
["agent-browser","--session","phase-synth","--json","click","#project-name"]
["agent-browser","--session","phase-synth","--json","press","Space"]
["agent-browser","--session","phase-synth","--json","wait","--fn","phase.diagnostics().playing"]
["agent-browser","--session","phase-synth","--json","press","Space"]
["agent-browser","--session","phase-synth","--json","eval","--stdin"]
STDIN: phase.diagnostics()
["agent-browser","--session","phase-synth","--json","eval","--stdin"]
STDIN: phase.getState()
["agent-browser","--session","phase-synth","--json","press","x"]
["agent-browser","--session","phase-synth","--json","eval","--stdin"]
STDIN: phase.getState()
["agent-browser","--session","phase-synth","--json","press","z"]
["agent-browser","--session","phase-synth","--json","eval","--stdin"]
STDIN: phase.getState()
["agent-browser","--session","phase-synth","--json","focus","#tab-sequencer"]
["agent-browser","--session","phase-synth","--json","press","ArrowRight"]
["agent-browser","--session","phase-synth","--json","eval","--stdin"]
STDIN: phase.diagnostics()
["agent-browser","--session","phase-synth","--json","press","ArrowRight"]
["agent-browser","--session","phase-synth","--json","eval","--stdin"]
STDIN: phase.diagnostics()
["agent-browser","--session","phase-synth","--json","press","Home"]
["agent-browser","--session","phase-synth","--json","eval","--stdin"]
STDIN: phase.diagnostics()
["agent-browser","--session","phase-synth","--json","eval","--stdin"]
STDIN: phase.diagnostics()
["agent-browser","--session","phase-synth","--json","set","viewport","1280","800","2"]
["agent-browser","--session","phase-synth","--json","scroll","up","3000"]
["agent-browser","--session","phase-synth","--json","wait","--fn","devicePixelRatio===2 && document.getElementById(\"scope\").width > 900"]
["agent-browser","--session","phase-synth","--json","eval","--stdin"]
STDIN: Array.from(document.querySelectorAll(".visualizer canvas")).map(c=>({id:c.id,width:c.width,height:c.height,cssWidth:c.getBoundingClientRect().width,cssHeight:c.getBoundingClientRect().height,dpr:devicePixelRatio}))
["agent-browser","--session","phase-synth","--json","screenshot","/home/pyro/projects/naked/astra/bench/03-modular-synth/evidence/screenshots/desktop-retina.png"]
["agent-browser","--session","phase-synth","--json","select","[aria-label=\"Song preset\"]","sunrise"]
["agent-browser","--session","phase-synth","--json","select","[aria-label=\"Song preset\"]","midnight"]
["agent-browser","--session","phase-synth","--json","set","viewport","1280","800","1"]
["agent-browser","--session","phase-synth","--json","scroll","up","3000"]
["agent-browser","--session","phase-synth","--json","find","role","button","click","--name","Stop","--exact"]
["agent-browser","--session","phase-synth","--json","eval","--stdin"]
STDIN: phase.getState()
["agent-browser","--session","phase-synth","--json","get","cdp-url"]
["agent-browser","--session","phase-synth","--json","find","role","button","click","--name","Save project","--exact"]
["agent-browser","--session","phase-synth","--json","wait","--fn","document.getElementById(\"save-status\").textContent.includes(\"Saved\")"]
["agent-browser","--session","phase-synth","--json","reload"]
["agent-browser","--session","phase-synth","--json","eval","--stdin"]
STDIN: phase.getState()
["agent-browser","--session","phase-synth","--json","eval","--stdin"]
STDIN: phase.diagnostics()
["agent-browser","--session","phase-synth","--json","eval","--stdin"]
STDIN: phase.diagnostics()
["agent-browser","--session","phase-synth","--json","eval","--stdin"]
STDIN: phase.getState()
["agent-browser","--session","phase-synth","--json","eval","--stdin"]
STDIN: phase.getState()
["agent-browser","--session","phase-synth","--json","eval","--stdin"]
STDIN: phase.diagnostics()
["agent-browser","--session","phase-synth","--json","select","[aria-label=\"Song preset\"]","sunrise"]
["agent-browser","--session","phase-synth","--json","eval","--stdin"]
STDIN: phase.getState()
["agent-browser","--session","phase-synth","--json","find","role","button","click","--name","Load project","--exact"]
["agent-browser","--session","phase-synth","--json","upload","#project-file","/home/pyro/projects/naked/astra/bench/03-modular-synth/evidence/downloads/run-1788749001603/project/midnight-circuitry.phase.json"]
["agent-browser","--session","phase-synth","--json","wait","--fn","document.getElementById(\"toast\").textContent.startsWith(\"Project loaded:\")"]
["agent-browser","--session","phase-synth","--json","eval","--stdin"]
STDIN: phase.getState()
["agent-browser","--session","phase-synth","--json","eval","--stdin"]
STDIN: phase.getState()
["agent-browser","--session","phase-synth","--json","eval","--stdin"]
STDIN: phase.getState()
["agent-browser","--session","phase-synth","--json","find","role","button","click","--name","Load project","--exact"]
["agent-browser","--session","phase-synth","--json","upload","#project-file","/home/pyro/projects/naked/astra/bench/03-modular-synth/evidence/tests/invalid-syntax.json"]
["agent-browser","--session","phase-synth","--json","wait","--fn","document.getElementById(\"toast\").classList.contains(\"error\") && document.getElementById(\"toast\").textContent.includes(\"not valid JSON\")"]
["agent-browser","--session","phase-synth","--json","eval","--stdin"]
STDIN: phase.getState()
["agent-browser","--session","phase-synth","--json","eval","--stdin"]
STDIN: document.getElementById("toast").textContent
["agent-browser","--session","phase-synth","--json","screenshot","/home/pyro/projects/naked/astra/bench/03-modular-synth/evidence/screenshots/invalid-json-error.png"]
["agent-browser","--session","phase-synth","--json","find","role","button","click","--name","Load project","--exact"]
["agent-browser","--session","phase-synth","--json","upload","#project-file","/home/pyro/projects/naked/astra/bench/03-modular-synth/evidence/tests/invalid-project.json"]
["agent-browser","--session","phase-synth","--json","wait","--fn","document.getElementById(\"toast\").classList.contains(\"error\") && document.getElementById(\"toast\").textContent.includes(\"volume must be\")"]
["agent-browser","--session","phase-synth","--json","eval","--stdin"]
STDIN: phase.getState()
["agent-browser","--session","phase-synth","--json","eval","--stdin"]
STDIN: document.getElementById("toast").textContent
["agent-browser","--session","phase-synth","--json","screenshot","/home/pyro/projects/naked/astra/bench/03-modular-synth/evidence/screenshots/invalid-value-error.png"]
["agent-browser","--session","phase-synth","--json","eval","--stdin"]
STDIN: window.__NativeAudioContext=window.AudioContext;window.AudioContext=class extends __NativeAudioContext {constructor(options){super({...options,sinkId:{type:'none'}})}}
["agent-browser","--session","phase-synth","--json","find","role","button","click","--name","Enable audio","--exact"]
["agent-browser","--session","phase-synth","--json","wait","--fn","phase.diagnostics().audioTime>0.1"]
["agent-browser","--session","phase-synth","--json","find","role","button","click","--name","Play","--exact"]
["agent-browser","--session","phase-synth","--json","eval","--stdin"]
STDIN: (async()=>{const out=[];const end=performance.now()+1100;while(performance.now()<end){out.push({...phase.diagnostics(),observedGains:window.__observedEngine?.trackNodes.map(n=>n.input.gain.value)});await new Promise(r=>setTimeout(r,35))}return out})()
["agent-browser","--session","phase-synth","--json","find","role","button","click","--name","Stop","--exact"]
["agent-browser","--session","phase-synth","--json","errors"]
["agent-browser","--session","phase-synth","--json","select","[aria-label=\"Song preset\"]","sunrise"]
["agent-browser","--session","phase-synth","--json","select","[aria-label=\"Song preset\"]","midnight"]
["agent-browser","--session","phase-synth","--json","find","role","button","click","--name","Export WAV","--exact"]
["agent-browser","--session","phase-synth","--json","select","#export-loops","1"]
["agent-browser","--session","phase-synth","--json","eval","--stdin"]
STDIN: phase.diagnostics()
["agent-browser","--session","phase-synth","--json","find","role","button","click","--name","Render & download","--exact"]
["agent-browser","--session","phase-synth","--json","wait","--fn","!phase.diagnostics().exporting && phase.diagnostics().lastExport?.renderedAt !== \"\""]
["agent-browser","--session","phase-synth","--json","eval","--stdin"]
STDIN: phase.diagnostics()
["agent-browser","--session","phase-synth","--json","screenshot","/home/pyro/projects/naked/astra/bench/03-modular-synth/evidence/screenshots/wav-export-ready.png"]
["agent-browser","--session","phase-synth","--json","eval","--stdin"]
STDIN: phase.diagnostics()
["agent-browser","--session","phase-synth","--json","find","role","button","click","--name","Render & download","--exact"]
["agent-browser","--session","phase-synth","--json","wait","--fn","!phase.diagnostics().exporting && phase.diagnostics().lastExport?.renderedAt !== \"2026-09-07T02:43:24.018Z\""]
["agent-browser","--session","phase-synth","--json","eval","--stdin"]
STDIN: phase.diagnostics()
["agent-browser","--session","phase-synth","--json","find","role","button","click","--name","Close export","--exact"]
["agent-browser","--session","phase-synth","--json","scrollintoview","[aria-label=\"Delay mix\"]"]
["agent-browser","--session","phase-synth","--json","eval","--stdin"]
STDIN: (()=>{const e=document.querySelector("[aria-label=\"Delay mix\"]");return {...e.getBoundingClientRect().toJSON(),value:+e.value,min:+e.min,max:+e.max}})()
["agent-browser","--session","phase-synth","--json","mouse","move","66","675"]
["agent-browser","--session","phase-synth","--json","mouse","down","left"]
["agent-browser","--session","phase-synth","--json","mouse","move","81","675"]
["agent-browser","--session","phase-synth","--json","mouse","up","left"]
["agent-browser","--session","phase-synth","--json","find","role","button","click","--name","Export WAV","--exact"]
["agent-browser","--session","phase-synth","--json","eval","--stdin"]
STDIN: phase.diagnostics()
["agent-browser","--session","phase-synth","--json","find","role","button","click","--name","Render & download","--exact"]
["agent-browser","--session","phase-synth","--json","wait","--fn","!phase.diagnostics().exporting && phase.diagnostics().lastExport?.renderedAt !== \"2026-09-07T02:43:24.451Z\""]
["agent-browser","--session","phase-synth","--json","eval","--stdin"]
STDIN: phase.diagnostics()
["agent-browser","--session","phase-synth","--json","find","role","button","click","--name","Close export","--exact"]
["agent-browser","--session","phase-synth","--json","select","[aria-label=\"Song preset\"]","sunrise"]
["agent-browser","--session","phase-synth","--json","select","[aria-label=\"Song preset\"]","midnight"]
["agent-browser","--session","phase-synth","--json","find","role","button","click","--name","Export WAV","--exact"]
["agent-browser","--session","phase-synth","--json","find","role","button","click","--name","Close export","--exact"]
["agent-browser","--session","phase-synth","--json","scrollintoview","[aria-label=\"Reverb mix\"]"]
["agent-browser","--session","phase-synth","--json","eval","--stdin"]
STDIN: (()=>{const e=document.querySelector("[aria-label=\"Reverb mix\"]");return {...e.getBoundingClientRect().toJSON(),value:+e.value,min:+e.min,max:+e.max}})()
["agent-browser","--session","phase-synth","--json","mouse","move","308","675"]
["agent-browser","--session","phase-synth","--json","mouse","down","left"]
["agent-browser","--session","phase-synth","--json","mouse","move","324","675"]
["agent-browser","--session","phase-synth","--json","mouse","up","left"]
["agent-browser","--session","phase-synth","--json","find","role","button","click","--name","Export WAV","--exact"]
["agent-browser","--session","phase-synth","--json","eval","--stdin"]
STDIN: phase.diagnostics()
["agent-browser","--session","phase-synth","--json","find","role","button","click","--name","Render & download","--exact"]
["agent-browser","--session","phase-synth","--json","wait","--fn","!phase.diagnostics().exporting && phase.diagnostics().lastExport?.renderedAt !== \"2026-09-07T02:43:24.804Z\""]
["agent-browser","--session","phase-synth","--json","eval","--stdin"]
STDIN: phase.diagnostics()
["agent-browser","--session","phase-synth","--json","find","role","button","click","--name","Close export","--exact"]
["agent-browser","--session","phase-synth","--json","select","[aria-label=\"Song preset\"]","sunrise"]
["agent-browser","--session","phase-synth","--json","select","[aria-label=\"Song preset\"]","midnight"]
["agent-browser","--session","phase-synth","--json","find","role","button","click","--name","Export WAV","--exact"]
["agent-browser","--session","phase-synth","--json","find","role","button","click","--name","Close export","--exact"]
["agent-browser","--session","phase-synth","--json","scrollintoview","[aria-label=\"Drive drive\"]"]
["agent-browser","--session","phase-synth","--json","eval","--stdin"]
STDIN: (()=>{const e=document.querySelector("[aria-label=\"Drive drive\"]");return {...e.getBoundingClientRect().toJSON(),value:+e.value,min:+e.min,max:+e.max}})()
["agent-browser","--session","phase-synth","--json","mouse","move","548","675"]
["agent-browser","--session","phase-synth","--json","mouse","down","left"]
["agent-browser","--session","phase-synth","--json","mouse","move","564","675"]
["agent-browser","--session","phase-synth","--json","mouse","up","left"]
["agent-browser","--session","phase-synth","--json","find","role","button","click","--name","Export WAV","--exact"]
["agent-browser","--session","phase-synth","--json","eval","--stdin"]
STDIN: phase.diagnostics()
["agent-browser","--session","phase-synth","--json","find","role","button","click","--name","Render & download","--exact"]
["agent-browser","--session","phase-synth","--json","wait","--fn","!phase.diagnostics().exporting && phase.diagnostics().lastExport?.renderedAt !== \"2026-09-07T02:43:25.247Z\""]
["agent-browser","--session","phase-synth","--json","eval","--stdin"]
STDIN: phase.diagnostics()
["agent-browser","--session","phase-synth","--json","find","role","button","click","--name","Close export","--exact"]
["agent-browser","--session","phase-synth","--json","select","[aria-label=\"Song preset\"]","sunrise"]
["agent-browser","--session","phase-synth","--json","select","[aria-label=\"Song preset\"]","midnight"]
["agent-browser","--session","phase-synth","--json","find","role","button","click","--name","Export WAV","--exact"]
["agent-browser","--session","phase-synth","--json","find","role","button","click","--name","Close export","--exact"]
["agent-browser","--session","phase-synth","--json","scrollintoview","[aria-label=\"Tone cutoff\"]"]
["agent-browser","--session","phase-synth","--json","eval","--stdin"]
STDIN: (()=>{const e=document.querySelector("[aria-label=\"Tone cutoff\"]");return {...e.getBoundingClientRect().toJSON(),value:+e.value,min:+e.min,max:+e.max}})()
["agent-browser","--session","phase-synth","--json","mouse","move","804","675"]
["agent-browser","--session","phase-synth","--json","mouse","down","left"]
["agent-browser","--session","phase-synth","--json","mouse","move","788","675"]
["agent-browser","--session","phase-synth","--json","mouse","up","left"]
["agent-browser","--session","phase-synth","--json","find","role","button","click","--name","Export WAV","--exact"]
["agent-browser","--session","phase-synth","--json","eval","--stdin"]
STDIN: phase.diagnostics()
["agent-browser","--session","phase-synth","--json","find","role","button","click","--name","Render & download","--exact"]
["agent-browser","--session","phase-synth","--json","wait","--fn","!phase.diagnostics().exporting && phase.diagnostics().lastExport?.renderedAt !== \"2026-09-07T02:43:25.699Z\""]
["agent-browser","--session","phase-synth","--json","eval","--stdin"]
STDIN: phase.diagnostics()
["agent-browser","--session","phase-synth","--json","find","role","button","click","--name","Close export","--exact"]
["agent-browser","--session","phase-synth","--json","select","[aria-label=\"Song preset\"]","sunrise"]
["agent-browser","--session","phase-synth","--json","select","[aria-label=\"Song preset\"]","midnight"]
["agent-browser","--session","phase-synth","--json","find","role","button","click","--name","Export WAV","--exact"]
["agent-browser","--session","phase-synth","--json","find","role","button","click","--name","Close export","--exact"]
["agent-browser","--session","phase-synth","--json","scrollintoview","[aria-label=\"Limiter glue\"]"]
["agent-browser","--session","phase-synth","--json","eval","--stdin"]
STDIN: (()=>{const e=document.querySelector("[aria-label=\"Limiter glue\"]");return {...e.getBoundingClientRect().toJSON(),value:+e.value,min:+e.min,max:+e.max}})()
["agent-browser","--session","phase-synth","--json","mouse","move","1039","675"]
["agent-browser","--session","phase-synth","--json","mouse","down","left"]
["agent-browser","--session","phase-synth","--json","mouse","move","1054","675"]
["agent-browser","--session","phase-synth","--json","mouse","up","left"]
["agent-browser","--session","phase-synth","--json","find","role","button","click","--name","Export WAV","--exact"]
["agent-browser","--session","phase-synth","--json","eval","--stdin"]
STDIN: phase.diagnostics()
["agent-browser","--session","phase-synth","--json","find","role","button","click","--name","Render & download","--exact"]
["agent-browser","--session","phase-synth","--json","wait","--fn","!phase.diagnostics().exporting && phase.diagnostics().lastExport?.renderedAt !== \"2026-09-07T02:43:26.160Z\""]
["agent-browser","--session","phase-synth","--json","eval","--stdin"]
STDIN: phase.diagnostics()
["agent-browser","--session","phase-synth","--json","find","role","button","click","--name","Close export","--exact"]
["agent-browser","--session","phase-synth","--json","select","[aria-label=\"Song preset\"]","sunrise"]
["agent-browser","--session","phase-synth","--json","select","[aria-label=\"Song preset\"]","midnight"]
["agent-browser","--session","phase-synth","--json","find","role","button","click","--name","Export WAV","--exact"]
["agent-browser","--session","phase-synth","--json","find","role","button","click","--name","Close export","--exact"]
["agent-browser","--session","phase-synth","--json","find","role","button","click","--name","triangle waveform","--exact"]
["agent-browser","--session","phase-synth","--json","find","role","tab","click","--name","Mixer","--exact"]
["agent-browser","--session","phase-synth","--json","scrollintoview","[aria-label=\"Glass keys pan\"]"]
["agent-browser","--session","phase-synth","--json","eval","--stdin"]
STDIN: (()=>{const e=document.querySelector("[aria-label=\"Glass keys pan\"]");return {...e.getBoundingClientRect().toJSON(),value:+e.value,min:+e.min,max:+e.max}})()
["agent-browser","--session","phase-synth","--json","mouse","move","105","400"]
["agent-browser","--session","phase-synth","--json","mouse","down","left"]
["agent-browser","--session","phase-synth","--json","mouse","move","163","400"]
["agent-browser","--session","phase-synth","--json","mouse","up","left"]
["agent-browser","--session","phase-synth","--json","scrollintoview","[aria-label=\"Glass keys volume\"]"]
["agent-browser","--session","phase-synth","--json","eval","--stdin"]
STDIN: (()=>{const e=document.querySelector("[aria-label=\"Glass keys volume\"]");return {...e.getBoundingClientRect().toJSON(),value:+e.value,min:+e.min,max:+e.max}})()
["agent-browser","--session","phase-synth","--json","mouse","move","105","389"]
["agent-browser","--session","phase-synth","--json","mouse","down","left"]
["agent-browser","--session","phase-synth","--json","mouse","move","105","372"]
["agent-browser","--session","phase-synth","--json","mouse","up","left"]
["agent-browser","--session","phase-synth","--json","find","role","button","click","--name","Export WAV","--exact"]
["agent-browser","--session","phase-synth","--json","eval","--stdin"]
STDIN: phase.diagnostics()
["agent-browser","--session","phase-synth","--json","find","role","button","click","--name","Render & download","--exact"]
["agent-browser","--session","phase-synth","--json","wait","--fn","!phase.diagnostics().exporting && phase.diagnostics().lastExport?.renderedAt !== \"2026-09-07T02:43:26.629Z\""]
["agent-browser","--session","phase-synth","--json","eval","--stdin"]
STDIN: phase.diagnostics()
["agent-browser","--session","phase-synth","--json","find","role","button","click","--name","Close export","--exact"]
["agent-browser","--session","phase-synth","--json","scrollintoview","[aria-label=\"Master volume\"]"]
["agent-browser","--session","phase-synth","--json","eval","--stdin"]
STDIN: (()=>{const e=document.querySelector("[aria-label=\"Master volume\"]");return {...e.getBoundingClientRect().toJSON(),value:+e.value,min:+e.min,max:+e.max}})()
["agent-browser","--session","phase-synth","--json","mouse","move","1183","219"]
["agent-browser","--session","phase-synth","--json","mouse","down","left"]
["agent-browser","--session","phase-synth","--json","mouse","move","1079","219"]
["agent-browser","--session","phase-synth","--json","mouse","up","left"]
["agent-browser","--session","phase-synth","--json","eval","--stdin"]
STDIN: phase.getState()
["agent-browser","--session","phase-synth","--json","find","role","button","click","--name","Export WAV","--exact"]
["agent-browser","--session","phase-synth","--json","eval","--stdin"]
STDIN: phase.diagnostics()
["agent-browser","--session","phase-synth","--json","find","role","button","click","--name","Render & download","--exact"]
["agent-browser","--session","phase-synth","--json","wait","--fn","!phase.diagnostics().exporting && phase.diagnostics().lastExport?.renderedAt !== \"2026-09-07T02:43:27.166Z\""]
["agent-browser","--session","phase-synth","--json","eval","--stdin"]
STDIN: phase.diagnostics()
["agent-browser","--session","phase-synth","--json","find","role","button","click","--name","Close export","--exact"]
["agent-browser","--session","phase-synth","--json","select","[aria-label=\"Song preset\"]","sunrise"]
["agent-browser","--session","phase-synth","--json","select","[aria-label=\"Song preset\"]","midnight"]
["agent-browser","--session","phase-synth","--json","find","role","tab","click","--name","Step sequencer","--exact"]
["agent-browser","--session","phase-synth","--json","reload"]
["agent-browser","--session","phase-synth","--json","set","viewport","1280","800"]
["agent-browser","--session","phase-synth","--json","select","[aria-label=\"Song preset\"]","sunrise"]
["agent-browser","--session","phase-synth","--json","select","[aria-label=\"Song preset\"]","midnight"]
["agent-browser","--session","phase-synth","--json","find","role","button","click","--name","Enable audio","--exact"]
["agent-browser","--session","phase-synth","--json","wait","--fn","phase.diagnostics().audioTime>.1 || document.getElementById(\"toast\").classList.contains(\"error\")"]
["agent-browser","--session","phase-synth","--json","eval","--stdin"]
STDIN: phase.diagnostics()
["agent-browser","--session","phase-synth","--json","eval","--stdin"]
STDIN: phase.diagnostics()
["agent-browser","--session","phase-synth","--json","find","role","button","click","--name","Play","--exact"]
["agent-browser","--session","phase-synth","--json","eval","--stdin"]
STDIN: (async()=>{const out=[];const end=performance.now()+1400;while(performance.now()<end){out.push({...phase.diagnostics(),observedGains:window.__observedEngine?.trackNodes.map(n=>n.input.gain.value)});await new Promise(r=>setTimeout(r,35))}return out})()
["agent-browser","--session","phase-synth","--json","find","role","button","click","--name","Stop","--exact"]
["agent-browser","--session","phase-synth","--json","reload"]
["agent-browser","--session","phase-synth","--json","eval","--stdin"]
STDIN: phase.getState()
["agent-browser","--session","phase-synth","--json","find","role","button","click","--name","Load project","--exact"]
["agent-browser","--session","phase-synth","--json","upload","#project-file","/home/pyro/projects/naked/astra/bench/03-modular-synth/evidence/tests/unknown-effect.json"]
["agent-browser","--session","phase-synth","--json","wait","--fn","document.getElementById(\"toast\").textContent.includes(\"unknown effect\")"]
["agent-browser","--session","phase-synth","--json","eval","--stdin"]
STDIN: phase.getState()
["agent-browser","--session","phase-synth","--json","eval","--stdin"]
STDIN: document.querySelectorAll("[data-external]").length
["agent-browser","--session","phase-synth","--json","eval","--stdin"]
STDIN: document.getElementById("toast").textContent
["agent-browser","--session","phase-synth","--json","eval","--stdin"]
STDIN: window.__NativeAC=window.AudioContext;window.AudioContext=class extends __NativeAC{constructor(o){super({...o,sinkId:{type:'none'}});this.suspend()}resume(){return new Promise(()=>{})}}
["agent-browser","--session","phase-synth","--json","find","role","button","click","--name","Enable audio","--exact"]
["agent-browser","--session","phase-synth","--json","wait","--fn","document.getElementById(\"toast\").classList.contains(\"error\") && document.getElementById(\"toast\").textContent.includes(\"unavailable\")"]
["agent-browser","--session","phase-synth","--json","eval","--stdin"]
STDIN: phase.diagnostics()
["agent-browser","--session","phase-synth","--json","eval","--stdin"]
STDIN: phase.diagnostics()
["agent-browser","--session","phase-synth","--json","eval","--stdin"]
STDIN: document.getElementById("toast").textContent
["agent-browser","--session","phase-synth","--json","screenshot","/home/pyro/projects/naked/astra/bench/03-modular-synth/evidence/screenshots/audio-error-retry.png"]
["agent-browser","--session","phase-synth","--json","eval","--stdin"]
STDIN: window.AudioContext=class extends __NativeAC{constructor(o){super({...o,sinkId:{type:'none'}})}}
["agent-browser","--session","phase-synth","--json","find","role","button","click","--name","Enable audio","--exact"]
["agent-browser","--session","phase-synth","--json","wait","--fn","phase.diagnostics().audioTime>.1"]
["agent-browser","--session","phase-synth","--json","eval","--stdin"]
STDIN: phase.diagnostics()
["agent-browser","--session","phase-synth","--json","eval","--stdin"]
STDIN: phase.diagnostics()
["agent-browser","--session","phase-synth","--json","find","role","button","click","--name","Play","--exact"]
["agent-browser","--session","phase-synth","--json","scroll","up","3000"]
["agent-browser","--session","phase-synth","--json","eval","--stdin"]
STDIN: (async()=>{const out=[];for(let k=0;k<5;k++){const hashes=Array.from(document.querySelectorAll('.visualizer canvas')).map(c=>{const d=c.getContext('2d').getImageData(0,0,c.width,c.height).data;let hash=2166136261;for(let i=0;i<d.length;i++)hash=Math.imul(hash^d[i],16777619);return{id:c.id,hash:hash>>>0,width:c.width,height:c.height}});out.push({hashes,d:phase.diagnostics()});await new Promise(r=>setTimeout(r,180))}return out})()
["agent-browser","--session","phase-synth","--json","screenshot","/home/pyro/projects/naked/astra/bench/03-modular-synth/evidence/screenshots/desktop-final.png"]
["agent-browser","--session","phase-synth","--json","screenshot","--full","/home/pyro/projects/naked/astra/bench/03-modular-synth/evidence/screenshots/desktop-final-full.png"]
["agent-browser","--session","phase-synth","--json","set","viewport","1280","800"]
["agent-browser","--session","phase-synth","--json","scroll","up","4000"]
["agent-browser","--session","phase-synth","--json","eval","--stdin"]
STDIN: (()=>{const p=document.getElementById("instrument").getBoundingClientRect();return{width:innerWidth,height:innerHeight,scrollWidth:document.documentElement.scrollWidth,clipped:Array.from(document.querySelectorAll("#instrument input,#instrument select,#instrument .dial")).filter(e=>{const r=e.getBoundingClientRect();return r.left<p.left||r.right>p.right}).map(e=>e.getAttribute("aria-label")||e.textContent)}})()
["agent-browser","--session","phase-synth","--json","set","viewport","768","1024"]
["agent-browser","--session","phase-synth","--json","scroll","up","4000"]
["agent-browser","--session","phase-synth","--json","eval","--stdin"]
STDIN: (()=>{const p=document.getElementById("instrument").getBoundingClientRect();return{width:innerWidth,height:innerHeight,scrollWidth:document.documentElement.scrollWidth,clipped:Array.from(document.querySelectorAll("#instrument input,#instrument select,#instrument .dial")).filter(e=>{const r=e.getBoundingClientRect();return r.left<p.left||r.right>p.right}).map(e=>e.getAttribute("aria-label")||e.textContent)}})()
["agent-browser","--session","phase-synth","--json","set","viewport","390","844"]
["agent-browser","--session","phase-synth","--json","scroll","up","4000"]
["agent-browser","--session","phase-synth","--json","eval","--stdin"]
STDIN: (()=>{const p=document.getElementById("instrument").getBoundingClientRect();return{width:innerWidth,height:innerHeight,scrollWidth:document.documentElement.scrollWidth,clipped:Array.from(document.querySelectorAll("#instrument input,#instrument select,#instrument .dial")).filter(e=>{const r=e.getBoundingClientRect();return r.left<p.left||r.right>p.right}).map(e=>e.getAttribute("aria-label")||e.textContent)}})()
["agent-browser","--session","phase-synth","--json","screenshot","/home/pyro/projects/naked/astra/bench/03-modular-synth/evidence/screenshots/mobile-final.png"]
["agent-browser","--session","phase-synth","--json","screenshot","--full","/home/pyro/projects/naked/astra/bench/03-modular-synth/evidence/screenshots/mobile-final-full.png"]
["agent-browser","--session","phase-synth","--json","scrollintoview","#instrument"]
["agent-browser","--session","phase-synth","--json","screenshot","/home/pyro/projects/naked/astra/bench/03-modular-synth/evidence/screenshots/mobile-instrument-final.png"]
["agent-browser","--session","phase-synth","--json","find","role","button","click","--name","Stop","--exact"]
["agent-browser","--session","phase-synth","--json","select","[aria-label=\"Song preset\"]","sunrise"]
["agent-browser","--session","phase-synth","--json","select","[aria-label=\"Song preset\"]","midnight"]
["agent-browser","--session","phase-synth","--json","set","viewport","1280","800"]
["agent-browser","--session","phase-synth","--json","scroll","up","4000"]
["agent-browser","--session","phase-synth","--json","wait","--fn","document.getElementById(\"save-status\").textContent.includes(\"Saved\")"]
["agent-browser","--session","phase-synth","--json","errors"]
["agent-browser","--session","phase-synth","--json","console"]
["agent-browser","--session","phase-synth","--json","network","requests"]
["agent-browser","--session","phase-synth","--json","eval","--stdin"]
STDIN: location.protocol==="file:"
["agent-browser","--session","phase-synth","--json","eval","--stdin"]
STDIN: performance.getEntriesByType("resource").filter(r=>/^https?:/.test(r.name)).length
["agent-browser","--session","phase-synth","--json","eval","--stdin"]
STDIN: location.href
["agent-browser","--session","phase-synth","--json","eval","--stdin"]
STDIN: (async()=>{const p=Core.makeProject();p.tracks[0].poly=1;const c=new OfflineAudioContext(2,44100,44100),e=new PhaseEngine(c,p);for(const n of [60,64,67,71])e.synth(0,n,.8,.02,.4);const chordCount=e.voices.filter(v=>v.start<=.1&&v.end>.1).length;p.tracks[0].poly=8;for(const n of [48,52,55,59])e.synth(0,n,.8,.2,.4);p.tracks[0].poly=1;e.synth(0,72,.8,.3,.4);const reducedCount=e.voices.filter(v=>v.start<=.35&&v.end>.35).length;const b=await c.startRendering();return{chordCount,reducedCount,peak:Math.max(...b.getChannelData(0))}})()
["agent-browser","--session","phase-synth","--json","eval","--stdin"]
STDIN: (async()=>{const render=async(a,d,duration)=>{const p=Core.makeProject();for(const f of Object.values(p.fx))f.on=false;Object.assign(p.tracks[0],{a,d,s:.4,r:.3,lfoDepth:0,envAmount:0,cutoff:18000,q:.1});const c=new OfflineAudioContext(2,44100,44100),e=new PhaseEngine(c,p);e.synth(0,60,.8,.02,duration);return(await c.startRendering()).getChannelData(0)};const out=[];for(const [a,d,gate,end] of [[.65,.2,.1,.105],[.02,.6,.2,.2]]){const short=await render(a,d,gate),long=await render(a,d,2);let sum=0,diff=0,n=0;for(let i=Math.ceil(.04*44100);i<end*44100;i++){sum+=long[i]*long[i];diff+=(short[i]-long[i])**2;n++}out.push({a,d,referenceRms:Math.sqrt(sum/n),preReleaseDifference:Math.sqrt(diff/n)})}return out})()
["agent-browser","--session","phase-synth","--json","eval","--stdin"]
STDIN: (async()=>{const out=[];for(const fast of [false,true]){const p=Core.makeProject(),c=new OfflineAudioContext(2,44100,44100),e=new PhaseEngine(c,p),v=e.synth(0,60,.8,.005,.4);v.release(0,fast);const b=await c.startRendering();let peak=0;for(const a of b.getChannelData(0))peak=Math.max(peak,Math.abs(a));out.push({fast,peak})}return out})()
["agent-browser","--session","phase-synth","--json","eval","--stdin"]
STDIN: Core.makeProject()
["agent-browser","--session","phase-synth","--json","find","role","button","click","--name","Load project","--exact"]
["agent-browser","--session","phase-synth","--json","upload","#project-file","/home/pyro/projects/naked/astra/bench/03-modular-synth/evidence/tests/import-literal-name.json"]
["agent-browser","--session","phase-synth","--json","wait","--fn","document.getElementById(\"toast\").textContent.startsWith(\"Project loaded:\")"]
["agent-browser","--session","phase-synth","--json","eval","--stdin"]
STDIN: document.querySelectorAll("[data-import]").length
["agent-browser","--session","phase-synth","--json","eval","--stdin"]
STDIN: Array.from(document.querySelectorAll("[data-select],[data-channel],[data-pad]")).map(e=>e.getAttribute("aria-label"))
["agent-browser","--session","phase-synth","--json","select","[aria-label=\"Song preset\"]","sunrise"]
["agent-browser","--session","phase-synth","--json","select","[aria-label=\"Song preset\"]","midnight"]
["agent-browser","--session","phase-synth","--json","eval","--stdin"]
STDIN: phase.diagnostics()
["agent-browser","--session","phase-synth","--json","fill","[aria-label=\"Tempo\"]","220"]
["agent-browser","--session","phase-synth","--json","press","Tab"]
["agent-browser","--session","phase-synth","--json","scrollintoview","[aria-label=\"Swing\"]"]
["agent-browser","--session","phase-synth","--json","eval","--stdin"]
STDIN: (()=>{const e=document.querySelector("[aria-label=\"Swing\"]");return {...e.getBoundingClientRect().toJSON(),value:+e.value,min:+e.min,max:+e.max}})()
["agent-browser","--session","phase-synth","--json","mouse","move","373","218"]
["agent-browser","--session","phase-synth","--json","mouse","down","left"]
["agent-browser","--session","phase-synth","--json","mouse","move","398","218"]
["agent-browser","--session","phase-synth","--json","mouse","up","left"]
["agent-browser","--session","phase-synth","--json","eval","--stdin"]
STDIN: window.__phaseSchedule=[];window.__phaseScheduleOriginal=PhaseEngine.prototype.scheduleStep;PhaseEngine.prototype.scheduleStep=function(index,time,absolute){__phaseSchedule.push({index,time,absolute});return __phaseScheduleOriginal.call(this,index,time,absolute)}
["agent-browser","--session","phase-synth","--json","find","role","button","click","--name","Play","--exact"]
["agent-browser","--session","phase-synth","--json","wait","--fn","phase.diagnostics().playing && phase.diagnostics().queuedEvents>0"]
["agent-browser","--session","phase-synth","--json","find","role","button","click","--name","Pause","--exact"]
["agent-browser","--session","phase-synth","--json","eval","--stdin"]
STDIN: phase.diagnostics()
["agent-browser","--session","phase-synth","--json","eval","--stdin"]
STDIN: __phaseSchedule.length=0
["agent-browser","--session","phase-synth","--json","find","role","button","click","--name","Play","--exact"]
["agent-browser","--session","phase-synth","--json","wait","--fn","window.__phaseSchedule.length>1"]
["agent-browser","--session","phase-synth","--json","eval","--stdin"]
STDIN: __phaseSchedule.slice(0,2)
["agent-browser","--session","phase-synth","--json","find","role","button","click","--name","Pause","--exact"]
["agent-browser","--session","phase-synth","--json","find","role","button","click","--name","Play","--exact"]
["agent-browser","--session","phase-synth","--json","wait","--fn","phase.diagnostics().playing && phase.diagnostics().queuedEvents>0"]
["agent-browser","--session","phase-synth","--json","find","role","button","click","--name","Pause","--exact"]
["agent-browser","--session","phase-synth","--json","eval","--stdin"]
STDIN: phase.diagnostics()
["agent-browser","--session","phase-synth","--json","eval","--stdin"]
STDIN: __phaseSchedule.length=0
["agent-browser","--session","phase-synth","--json","find","role","button","click","--name","Play","--exact"]
["agent-browser","--session","phase-synth","--json","wait","--fn","window.__phaseSchedule.length>1"]
["agent-browser","--session","phase-synth","--json","eval","--stdin"]
STDIN: __phaseSchedule.slice(0,2)
["agent-browser","--session","phase-synth","--json","find","role","button","click","--name","Pause","--exact"]
["agent-browser","--session","phase-synth","--json","find","role","button","click","--name","Play","--exact"]
["agent-browser","--session","phase-synth","--json","wait","--fn","phase.diagnostics().playing && phase.diagnostics().queuedEvents>0"]
["agent-browser","--session","phase-synth","--json","find","role","button","click","--name","Pause","--exact"]
["agent-browser","--session","phase-synth","--json","eval","--stdin"]
STDIN: phase.diagnostics()
["agent-browser","--session","phase-synth","--json","eval","--stdin"]
STDIN: __phaseSchedule.length=0
["agent-browser","--session","phase-synth","--json","find","role","button","click","--name","Play","--exact"]
["agent-browser","--session","phase-synth","--json","wait","--fn","window.__phaseSchedule.length>1"]
["agent-browser","--session","phase-synth","--json","eval","--stdin"]
STDIN: __phaseSchedule.slice(0,2)
["agent-browser","--session","phase-synth","--json","find","role","button","click","--name","Pause","--exact"]
["agent-browser","--session","phase-synth","--json","find","role","button","click","--name","Play","--exact"]
["agent-browser","--session","phase-synth","--json","wait","--fn","phase.diagnostics().playing && phase.diagnostics().queuedEvents>0"]
["agent-browser","--session","phase-synth","--json","find","role","button","click","--name","Pause","--exact"]
["agent-browser","--session","phase-synth","--json","eval","--stdin"]
STDIN: phase.diagnostics()
["agent-browser","--session","phase-synth","--json","eval","--stdin"]
STDIN: __phaseSchedule.length=0
["agent-browser","--session","phase-synth","--json","find","role","button","click","--name","Play","--exact"]
["agent-browser","--session","phase-synth","--json","wait","--fn","window.__phaseSchedule.length>1"]
["agent-browser","--session","phase-synth","--json","eval","--stdin"]
STDIN: __phaseSchedule.slice(0,2)
["agent-browser","--session","phase-synth","--json","find","role","button","click","--name","Pause","--exact"]
["agent-browser","--session","phase-synth","--json","find","role","button","click","--name","Stop","--exact"]
["agent-browser","--session","phase-synth","--json","eval","--stdin"]
STDIN: PhaseEngine.prototype.scheduleStep=__phaseScheduleOriginal
["agent-browser","--session","phase-synth","--json","select","[aria-label=\"Song preset\"]","sunrise"]
["agent-browser","--session","phase-synth","--json","select","[aria-label=\"Song preset\"]","midnight"]
["agent-browser","--session","phase-synth","--json","set","viewport","390","844"]
["agent-browser","--session","phase-synth","--json","scrollintoview","#instrument"]
["agent-browser","--session","phase-synth","--json","eval","--stdin"]
STDIN: (()=>{const p=document.getElementById("instrument").getBoundingClientRect();return Array.from(document.querySelectorAll("#instrument input,#instrument select,#instrument .dial,#instrument .section-title")).map(e=>({label:e.getAttribute("aria-label")||e.textContent,left:e.getBoundingClientRect().left,right:e.getBoundingClientRect().right,panelLeft:p.left,panelRight:p.right})).filter(r=>r.left<r.panelLeft||r.right>r.panelRight)})()
["agent-browser","--session","phase-synth","--json","set","viewport","1280","800"]
["agent-browser","--session","phase-synth","--json","eval","--stdin"]
STDIN: ({state:phase.getState(), velocity:+document.getElementById("step-velocity").value,lfo:+document.getElementById("inst-lfoRate").value})
["agent-browser","--session","phase-synth","--json","select","[aria-label=\"Instrument polyphony\"]","4"]
["agent-browser","--session","phase-synth","--json","eval","--stdin"]
STDIN: phase.getState()
["agent-browser","--session","phase-synth","--json","select","[aria-label=\"LFO destination\"]","pitch"]
["agent-browser","--session","phase-synth","--json","eval","--stdin"]
STDIN: phase.getState()
["agent-browser","--session","phase-synth","--json","select","[aria-label=\"Delay time\"]","0.5"]
["agent-browser","--session","phase-synth","--json","eval","--stdin"]
STDIN: phase.getState()
["agent-browser","--session","phase-synth","--json","reload"]
["agent-browser","--session","phase-synth","--json","wait","--fn","document.readyState===\"complete\" && typeof phase===\"object\""]
["agent-browser","--session","phase-synth","--json","eval","--stdin"]
STDIN: window.__NativeAC=window.AudioContext;window.AudioContext=class extends __NativeAC {constructor(options){super({...options,sinkId:{type:'none'}});this.suspend()}async resume(){await super.resume();await new Promise(r=>setTimeout(r,500))}}
["agent-browser","--session","phase-synth","--json","click","#play"]
["agent-browser","--session","phase-synth","--json","click","#stop"]
["agent-browser","--session","phase-synth","--json","eval","--stdin"]
STDIN: (async()=>{await new Promise(r=>setTimeout(r,700));return phase.diagnostics()})()
["agent-browser","--session","phase-synth","--json","get","cdp-url"]
["agent-browser","--session","phase-synth","--json","network","route","http*","--abort"]
["agent-browser","--session","phase-synth","--json","set","offline","on"]
["agent-browser","--session","phase-synth","--json","reload"]
["agent-browser","--session","phase-synth","--json","eval","--stdin"]
STDIN: location.protocol
["agent-browser","--session","phase-synth","--json","select","[aria-label=\"Song preset\"]","sunrise"]
["agent-browser","--session","phase-synth","--json","select","[aria-label=\"Song preset\"]","midnight"]
["agent-browser","--session","phase-synth","--json","set","viewport","1280","800"]
["agent-browser","--session","phase-synth","--json","scroll","up","4000"]
["agent-browser","--session","phase-synth","--json","find","role","button","click","--name","Enable audio","--exact"]
["agent-browser","--session","phase-synth","--json","wait","--fn","phase.diagnostics().audioTime>.1 || document.getElementById(\"toast\").classList.contains(\"error\")"]
["agent-browser","--session","phase-synth","--json","eval","--stdin"]
STDIN: phase.diagnostics()
["agent-browser","--session","phase-synth","--json","find","role","button","click","--name","Play","--exact"]
["agent-browser","--session","phase-synth","--json","eval","--stdin"]
STDIN: (async()=>{const out=[];const end=performance.now()+1900;while(performance.now()<end){out.push({...phase.diagnostics(),observedGains:window.__observedEngine?.trackNodes.map(n=>n.input.gain.value)});await new Promise(r=>setTimeout(r,35))}return out})()
["agent-browser","--session","phase-synth","--json","screenshot","/home/pyro/projects/naked/astra/bench/03-modular-synth/evidence/screenshots/desktop-final.png"]
["agent-browser","--session","phase-synth","--json","screenshot","--full","/home/pyro/projects/naked/astra/bench/03-modular-synth/evidence/screenshots/desktop-final-full.png"]
["agent-browser","--session","phase-synth","--json","set","viewport","390","844"]
["agent-browser","--session","phase-synth","--json","wait","--fn","document.getElementById(\"scope\").width<200"]
["agent-browser","--session","phase-synth","--json","screenshot","/home/pyro/projects/naked/astra/bench/03-modular-synth/evidence/screenshots/mobile-final.png"]
["agent-browser","--session","phase-synth","--json","screenshot","--full","/home/pyro/projects/naked/astra/bench/03-modular-synth/evidence/screenshots/mobile-final-full.png"]
["agent-browser","--session","phase-synth","--json","scrollintoview","#instrument"]
["agent-browser","--session","phase-synth","--json","screenshot","/home/pyro/projects/naked/astra/bench/03-modular-synth/evidence/screenshots/mobile-instrument-final.png"]
["agent-browser","--session","phase-synth","--json","find","role","button","click","--name","Stop","--exact"]
["agent-browser","--session","phase-synth","--json","set","viewport","1280","800"]
["agent-browser","--session","phase-synth","--json","scroll","up","4000"]
["agent-browser","--session","phase-synth","--json","wait","--fn","document.getElementById(\"save-status\").textContent.includes(\"Saved\")"]
["agent-browser","--session","phase-synth","--json","console"]
["agent-browser","--session","phase-synth","--json","errors"]
["agent-browser","--session","phase-synth","--json","eval","--stdin"]
STDIN: location.protocol
["agent-browser","--session","phase-synth","--json","eval","--stdin"]
STDIN: ({name:phase.getState().name,playing:phase.diagnostics().playing,step:phase.diagnostics().currentStep,held:phase.diagnostics().heldInputs,volume:phase.getState().master,viewport:[innerWidth,innerHeight]})
