$ agent-browser --session strata eval --stdin
{
  "canvasSize": [
    697,
    489
  ],
  "change": 0.2030321850227968,
  "deposited": 104.7123055553532,
  "devicePixelRatio": 1,
  "eroded": 133.95606865033733,
  "fps": 8.779631255487157,
  "geometryRevision": 834,
  "glError": 0,
  "heightChecksum": 39461.228765646,
  "limited": 1322,
  "maxSpeed": 6.0150537995865685,
  "maxWater": 1.3844201564788818,
  "mode": "Shaded terrain",
  "n": 96,
  "paused": false,
  "recoveries": 0,
  "renderScale": 0.7,
  "sediment": 29.243763536521364,
  "sedimentChecksum": 685.8696350209054,
  "seed": 4107,
  "simCost": 6.4000000059604645,
  "steps": 3291,
  "time": 54.050400000004494,
  "tool": "orbit",
  "water": 210.8539708597674,
  "waterChecksum": 4932.678805749613,
  "workLimited": false
}

$ agent-browser --session strata find role button click --name Pause simulation --exact
✓ Done

$ agent-browser --session strata click #home
✓ Done

$ agent-browser --session strata eval --stdin
{
  "canvasSize": [
    697,
    489
  ],
  "change": 0.20364754631817855,
  "deposited": 105.2030798973473,
  "devicePixelRatio": 1,
  "eroded": 134.45650549041196,
  "fps": 8.372871895060108,
  "geometryRevision": 841,
  "glError": 0,
  "heightChecksum": 39461.02374667924,
  "limited": 1314,
  "maxSpeed": 6.703532501100353,
  "maxWater": 1.3871699571609497,
  "mode": "Shaded terrain",
  "n": 96,
  "paused": true,
  "recoveries": 0,
  "renderScale": 0.7,
  "sediment": 29.25342609195944,
  "sedimentChecksum": 686.0690456144301,
  "seed": 4107,
  "simCost": 4.300000011920929,
  "steps": 3315,
  "time": 54.44040000000448,
  "tool": "orbit",
  "water": 211.5470095667868,
  "waterChecksum": 4948.894212176043,
  "workLimited": false
}

$ agent-browser --session strata wait 700
✓ Done

$ agent-browser --session strata eval --stdin
{
  "canvasSize": [
    697,
    489
  ],
  "change": 0.20364754631817855,
  "deposited": 105.2030798973473,
  "devicePixelRatio": 1,
  "eroded": 134.45650549041196,
  "fps": 7.895152376440829,
  "geometryRevision": 841,
  "glError": 0,
  "heightChecksum": 39461.02374667924,
  "limited": 1314,
  "maxSpeed": 6.703532501100353,
  "maxWater": 1.3871699571609497,
  "mode": "Shaded terrain",
  "n": 96,
  "paused": true,
  "recoveries": 0,
  "renderScale": 0.7,
  "sediment": 29.25342609195944,
  "sedimentChecksum": 686.0690456144301,
  "seed": 4107,
  "simCost": 4.300000011920929,
  "steps": 3315,
  "time": 54.44040000000448,
  "tool": "orbit",
  "water": 211.5470095667868,
  "waterChecksum": 4948.894212176043,
  "workLimited": false
}

$ agent-browser --session strata eval --stdin
{
  "canvasSize": [
    697,
    489
  ],
  "change": 0.20364754631817855,
  "deposited": 105.2030798973473,
  "devicePixelRatio": 1,
  "eroded": 134.45650549041196,
  "fps": 7.895152376440829,
  "geometryRevision": 841,
  "glError": 0,
  "heightChecksum": 39461.02374667924,
  "limited": 1314,
  "maxSpeed": 6.703532501100353,
  "maxWater": 1.3871699571609497,
  "mode": "Shaded terrain",
  "n": 96,
  "paused": true,
  "recoveries": 0,
  "renderScale": 0.7,
  "sediment": 29.25342609195944,
  "sedimentChecksum": 686.0690456144301,
  "seed": 4107,
  "simCost": 4.300000011920929,
  "steps": 3315,
  "time": 54.44040000000448,
  "tool": "orbit",
  "water": 211.5470095667868,
  "waterChecksum": 4948.894212176043,
  "workLimited": false
}

$ agent-browser --session strata eval --stdin
{
  "canvasSize": [
    697,
    489
  ],
  "change": 0.20364754631817855,
  "deposited": 105.2030798973473,
  "devicePixelRatio": 1,
  "eroded": 134.45650549041196,
  "fps": 7.895152376440829,
  "geometryRevision": 841,
  "glError": 0,
  "heightChecksum": 39461.02374667924,
  "limited": 1314,
  "maxSpeed": 6.703532501100353,
  "maxWater": 1.3871699571609497,
  "mode": "Shaded terrain",
  "n": 96,
  "paused": true,
  "recoveries": 0,
  "renderScale": 0.7,
  "sediment": 29.25342609195944,
  "sedimentChecksum": 686.0690456144301,
  "seed": 4107,
  "simCost": 4.300000011920929,
  "steps": 3315,
  "time": 54.44040000000448,
  "tool": "orbit",
  "water": 211.5470095667868,
  "waterChecksum": 4948.894212176043,
  "workLimited": false
}

$ agent-browser --session strata find role button click --name Single simulation step --exact
✓ Done

$ agent-browser --session strata eval --stdin
{
  "canvasSize": [
    697,
    489
  ],
  "change": 0.2037052492669318,
  "deposited": 105.21552958214323,
  "devicePixelRatio": 1,
  "eroded": 134.51915682405647,
  "fps": 9.23076923076923,
  "geometryRevision": 842,
  "glError": 0,
  "heightChecksum": 39459.84662597032,
  "limited": 1317,
  "maxSpeed": 6.30654027263921,
  "maxWater": 1.3874008655548096,
  "mode": "Shaded terrain",
  "n": 96,
  "paused": true,
  "recoveries": 0,
  "renderScale": 0.7,
  "sediment": 29.303627743655635,
  "sedimentChecksum": 687.2487059757649,
  "seed": 4107,
  "simCost": 4.300000011920929,
  "steps": 3316,
  "time": 54.46540000000448,
  "tool": "orbit",
  "water": 211.5911776922504,
  "waterChecksum": 4949.930802669433,
  "workLimited": false
}

$ agent-browser --session strata find role button click --name Reset simulation --exact
✓ Done

$ agent-browser --session strata eval --stdin
{
  "canvasSize": [
    697,
    489
  ],
  "change": 0,
  "deposited": 0,
  "devicePixelRatio": 1,
  "eroded": 0,
  "fps": 7.142857142857143,
  "geometryRevision": 843,
  "glError": 0,
  "heightChecksum": 40147.48091633065,
  "limited": 0,
  "maxSpeed": 0,
  "maxWater": 0.04799911379814148,
  "mode": "Shaded terrain",
  "n": 96,
  "paused": true,
  "recoveries": 0,
  "renderScale": 0.7,
  "sediment": 0,
  "sedimentChecksum": 0,
  "seed": 4107,
  "simCost": 4.300000011920929,
  "steps": 0,
  "time": 0,
  "tool": "orbit",
  "water": 6.424988137282163,
  "waterChecksum": 150.40061457418443,
  "workLimited": false
}

$ agent-browser --session strata screenshot /home/pyro/projects/naked/sol61/02-hydraulic-erosion/evidence/screenshots/desktop-reset.png
✓ Screenshot saved to /home/pyro/projects/naked/sol61/02-hydraulic-erosion/evidence/screenshots/desktop-reset.png

$ agent-browser --session strata eval --stdin
{
  "canvasSize": [
    697,
    489
  ],
  "change": 0,
  "deposited": 0,
  "devicePixelRatio": 1,
  "eroded": 0,
  "fps": 8.182190099549947,
  "geometryRevision": 843,
  "glError": 0,
  "heightChecksum": 40147.48091633065,
  "limited": 0,
  "maxSpeed": 0,
  "maxWater": 0.04799911379814148,
  "mode": "Shaded terrain",
  "n": 96,
  "paused": true,
  "recoveries": 0,
  "renderScale": 0.7,
  "sediment": 0,
  "sedimentChecksum": 0,
  "seed": 4107,
  "simCost": 4.300000011920929,
  "steps": 0,
  "time": 0,
  "tool": "orbit",
  "water": 6.424988137282163,
  "waterChecksum": 150.40061457418443,
  "workLimited": false
}

$ agent-browser --session strata find role button click --name Raise terrain --exact
✓ Done

$ agent-browser --session strata eval --stdin
{
  "x": 726.8961276964664,
  "y": 323.1049210792807
}

$ agent-browser --session strata mouse move 727 323
✓ Done

$ agent-browser --session strata mouse down
✓ Done

$ agent-browser --session strata eval --stdin
{
  "x": 800.7586247238439,
  "y": 387.9871884181662
}

$ agent-browser --session strata mouse move 745 339
✓ Done

$ agent-browser --session strata mouse move 764 356
✓ Done

$ agent-browser --session strata mouse move 782 372
✓ Done

$ agent-browser --session strata mouse move 801 388
✓ Done

$ agent-browser --session strata mouse up
✓ Done

$ agent-browser --session strata eval --stdin
{
  "canvasSize": [
    697,
    489
  ],
  "change": 0.0031828429394712052,
  "deposited": 0,
  "devicePixelRatio": 1,
  "eroded": 0,
  "fps": 7.142857142857143,
  "geometryRevision": 854,
  "glError": 0,
  "heightChecksum": 40192.111910664426,
  "limited": 0,
  "maxSpeed": 0,
  "maxWater": 0.04799911379814148,
  "mode": "Shaded terrain",
  "n": 96,
  "paused": true,
  "recoveries": 0,
  "renderScale": 0.7,
  "sediment": 0,
  "sedimentChecksum": 0,
  "seed": 4107,
  "simCost": 4.300000011920929,
  "steps": 0,
  "time": 0,
  "tool": "raise",
  "water": 6.424988137282163,
  "waterChecksum": 150.40061457418443,
  "workLimited": false
}

$ agent-browser --session strata screenshot /home/pyro/projects/naked/sol61/02-hydraulic-erosion/evidence/screenshots/desktop-raised-brush.png
✓ Screenshot saved to /home/pyro/projects/naked/sol61/02-hydraulic-erosion/evidence/screenshots/desktop-raised-brush.png

$ agent-browser --session strata eval --stdin
{
  "canvasSize": [
    697,
    489
  ],
  "change": 0.0031828429394712052,
  "deposited": 0,
  "devicePixelRatio": 1,
  "eroded": 0,
  "fps": 7.693491306354892,
  "geometryRevision": 854,
  "glError": 0,
  "heightChecksum": 40192.111910664426,
  "limited": 0,
  "maxSpeed": 0,
  "maxWater": 0.04799911379814148,
  "mode": "Shaded terrain",
  "n": 96,
  "paused": true,
  "recoveries": 0,
  "renderScale": 0.7,
  "sediment": 0,
  "sedimentChecksum": 0,
  "seed": 4107,
  "simCost": 4.300000011920929,
  "steps": 0,
  "time": 0,
  "tool": "raise",
  "water": 6.424988137282163,
  "waterChecksum": 150.40061457418443,
  "workLimited": false
}

$ agent-browser --session strata find role button click --name Lower terrain --exact
✓ Done

$ agent-browser --session strata eval --stdin
{
  "x": 726.1310534115894,
  "y": 306.76755482722706
}

$ agent-browser --session strata mouse move 726 307
✓ Done

$ agent-browser --session strata mouse down
✓ Done

$ agent-browser --session strata mouse up
✓ Done

$ agent-browser --session strata eval --stdin
{
  "canvasSize": [
    697,
    489
  ],
  "change": 0.0016182043279210727,
  "deposited": 0,
  "devicePixelRatio": 1,
  "eroded": 0,
  "fps": 7.499625018749096,
  "geometryRevision": 860,
  "glError": 0,
  "heightChecksum": 40170.01559002487,
  "limited": 0,
  "maxSpeed": 0,
  "maxWater": 0.04799911379814148,
  "mode": "Shaded terrain",
  "n": 96,
  "paused": true,
  "recoveries": 0,
  "renderScale": 0.7,
  "sediment": 0,
  "sedimentChecksum": 0,
  "seed": 4107,
  "simCost": 4.300000011920929,
  "steps": 0,
  "time": 0,
  "tool": "lower",
  "water": 6.424988137282163,
  "waterChecksum": 150.40061457418443,
  "workLimited": false
}

$ agent-browser --session strata eval --stdin
{
  "canvasSize": [
    697,
    489
  ],
  "change": 0.0016182043279210727,
  "deposited": 0,
  "devicePixelRatio": 1,
  "eroded": 0,
  "fps": 8.572653236176489,
  "geometryRevision": 860,
  "glError": 0,
  "heightChecksum": 40170.01559002487,
  "limited": 0,
  "maxSpeed": 0,
  "maxWater": 0.04799911379814148,
  "mode": "Shaded terrain",
  "n": 96,
  "paused": true,
  "recoveries": 0,
  "renderScale": 0.7,
  "sediment": 0,
  "sedimentChecksum": 0,
  "seed": 4107,
  "simCost": 4.300000011920929,
  "steps": 0,
  "time": 0,
  "tool": "lower",
  "water": 6.424988137282163,
  "waterChecksum": 150.40061457418443,
  "workLimited": false
}

$ agent-browser --session strata eval --stdin
{
  "canvasSize": [
    697,
    489
  ],
  "change": 0.0016182043279210727,
  "deposited": 0,
  "devicePixelRatio": 1,
  "eroded": 0,
  "fps": 8.572653236176489,
  "geometryRevision": 860,
  "glError": 0,
  "heightChecksum": 40170.01559002487,
  "limited": 0,
  "maxSpeed": 0,
  "maxWater": 0.04799911379814148,
  "mode": "Shaded terrain",
  "n": 96,
  "paused": true,
  "recoveries": 0,
  "renderScale": 0.7,
  "sediment": 0,
  "sedimentChecksum": 0,
  "seed": 4107,
  "simCost": 4.300000011920929,
  "steps": 0,
  "time": 0,
  "tool": "lower",
  "water": 6.424988137282163,
  "waterChecksum": 150.40061457418443,
  "workLimited": false
}

$ agent-browser --session strata find role button click --name Smooth terrain --exact
✓ Done

$ agent-browser --session strata eval --stdin
{
  "x": 726.7668878482643,
  "y": 320.34513843310845
}

$ agent-browser --session strata mouse move 727 320
✓ Done

$ agent-browser --session strata mouse down
✓ Done

$ agent-browser --session strata mouse up
✓ Done

$ agent-browser --session strata eval --stdin
{
  "canvasSize": [
    697,
    489
  ],
  "change": 0.0015787722853322823,
  "deposited": 0,
  "devicePixelRatio": 1,
  "eroded": 0,
  "fps": 7.142857142857143,
  "geometryRevision": 865,
  "glError": 0,
  "heightChecksum": 40166.77216185723,
  "limited": 0,
  "maxSpeed": 0,
  "maxWater": 0.04799911379814148,
  "mode": "Shaded terrain",
  "n": 96,
  "paused": true,
  "recoveries": 0,
  "renderScale": 0.7,
  "sediment": 0,
  "sedimentChecksum": 0,
  "seed": 4107,
  "simCost": 4.300000011920929,
  "steps": 0,
  "time": 0,
  "tool": "smooth",
  "water": 6.424988137282163,
  "waterChecksum": 150.40061457418443,
  "workLimited": false
}

$ agent-browser --session strata eval --stdin
{
  "canvasSize": [
    697,
    489
  ],
  "change": 0.0015787722853322823,
  "deposited": 0,
  "devicePixelRatio": 1,
  "eroded": 0,
  "fps": 8.107669855683515,
  "geometryRevision": 865,
  "glError": 0,
  "heightChecksum": 40166.77216185723,
  "limited": 0,
  "maxSpeed": 0,
  "maxWater": 0.04799911379814148,
  "mode": "Shaded terrain",
  "n": 96,
  "paused": true,
  "recoveries": 0,
  "renderScale": 0.7,
  "sediment": 0,
  "sedimentChecksum": 0,
  "seed": 4107,
  "simCost": 4.300000011920929,
  "steps": 0,
  "time": 0,
  "tool": "smooth",
  "water": 6.424988137282163,
  "waterChecksum": 150.40061457418443,
  "workLimited": false
}

$ agent-browser --session strata eval --stdin
{
  "canvasSize": [
    697,
    489
  ],
  "change": 0.0015787722853322823,
  "deposited": 0,
  "devicePixelRatio": 1,
  "eroded": 0,
  "fps": 8.107669855683515,
  "geometryRevision": 865,
  "glError": 0,
  "heightChecksum": 40166.77216185723,
  "limited": 0,
  "maxSpeed": 0,
  "maxWater": 0.04799911379814148,
  "mode": "Shaded terrain",
  "n": 96,
  "paused": true,
  "recoveries": 0,
  "renderScale": 0.7,
  "sediment": 0,
  "sedimentChecksum": 0,
  "seed": 4107,
  "simCost": 4.300000011920929,
  "steps": 0,
  "time": 0,
  "tool": "smooth",
  "water": 6.424988137282163,
  "waterChecksum": 150.40061457418443,
  "workLimited": false
}

$ agent-browser --session strata find role button click --name Flatten terrain --exact
✓ Done

$ agent-browser --session strata eval --stdin
{
  "x": 727.000219721491,
  "y": 325.32769809631304
}

$ agent-browser --session strata mouse move 727 325
✓ Done

$ agent-browser --session strata mouse down
✓ Done

$ agent-browser --session strata mouse up
✓ Done

$ agent-browser --session strata eval --stdin
{
  "canvasSize": [
    697,
    489
  ],
  "change": 0.00205197358607418,
  "deposited": 0,
  "devicePixelRatio": 1,
  "eroded": 0,
  "fps": 9.23076923076923,
  "geometryRevision": 871,
  "glError": 0,
  "heightChecksum": 40173.74967825605,
  "limited": 0,
  "maxSpeed": 0,
  "maxWater": 0.04799911379814148,
  "mode": "Shaded terrain",
  "n": 96,
  "paused": true,
  "recoveries": 0,
  "renderScale": 0.7,
  "sediment": 0,
  "sedimentChecksum": 0,
  "seed": 4107,
  "simCost": 4.300000011920929,
  "steps": 0,
  "time": 0,
  "tool": "flatten",
  "water": 6.424988137282163,
  "waterChecksum": 150.40061457418443,
  "workLimited": false
}

$ agent-browser --session strata eval --stdin
{
  "canvasSize": [
    697,
    489
  ],
  "change": 0.00205197358607418,
  "deposited": 0,
  "devicePixelRatio": 1,
  "eroded": 0,
  "fps": 9.23076923076923,
  "geometryRevision": 871,
  "glError": 0,
  "heightChecksum": 40173.74967825605,
  "limited": 0,
  "maxSpeed": 0,
  "maxWater": 0.04799911379814148,
  "mode": "Shaded terrain",
  "n": 96,
  "paused": true,
  "recoveries": 0,
  "renderScale": 0.7,
  "sediment": 0,
  "sedimentChecksum": 0,
  "seed": 4107,
  "simCost": 4.300000011920929,
  "steps": 0,
  "time": 0,
  "tool": "flatten",
  "water": 6.424988137282163,
  "waterChecksum": 150.40061457418443,
  "workLimited": false
}

$ agent-browser --session strata eval --stdin
{
  "canvasSize": [
    697,
    489
  ],
  "change": 0.00205197358607418,
  "deposited": 0,
  "devicePixelRatio": 1,
  "eroded": 0,
  "fps": 9.23076923076923,
  "geometryRevision": 871,
  "glError": 0,
  "heightChecksum": 40173.74967825605,
  "limited": 0,
  "maxSpeed": 0,
  "maxWater": 0.04799911379814148,
  "mode": "Shaded terrain",
  "n": 96,
  "paused": true,
  "recoveries": 0,
  "renderScale": 0.7,
  "sediment": 0,
  "sedimentChecksum": 0,
  "seed": 4107,
  "simCost": 4.300000011920929,
  "steps": 0,
  "time": 0,
  "tool": "flatten",
  "water": 6.424988137282163,
  "waterChecksum": 150.40061457418443,
  "workLimited": false
}

$ agent-browser --session strata find role button click --name Add water --exact
✓ Done

$ agent-browser --session strata eval --stdin
{
  "x": 726.9301298429591,
  "y": 323.8310015809891
}

$ agent-browser --session strata mouse move 727 324
✓ Done

$ agent-browser --session strata mouse down
✓ Done

$ agent-browser --session strata eval --stdin
{
  "x": 766.608022572857,
  "y": 377.06851277906634
}

$ agent-browser --session strata mouse move 737 337
✓ Done

$ agent-browser --session strata mouse move 747 350
✓ Done

$ agent-browser --session strata mouse move 757 364
✓ Done

$ agent-browser --session strata mouse move 767 377
✓ Done

$ agent-browser --session strata mouse up
✓ Done

$ agent-browser --session strata eval --stdin
{
  "canvasSize": [
    697,
    489
  ],
  "change": 0.00205197358607418,
  "deposited": 0,
  "devicePixelRatio": 1,
  "eroded": 0,
  "fps": 8.780916142250804,
  "geometryRevision": 883,
  "glError": 0,
  "heightChecksum": 40173.74967825605,
  "limited": 0,
  "maxSpeed": 0,
  "maxWater": 0.8655290007591248,
  "mode": "Shaded terrain",
  "n": 96,
  "paused": true,
  "recoveries": 0,
  "renderScale": 0.7,
  "sediment": 0,
  "sedimentChecksum": 0,
  "seed": 4107,
  "simCost": 4.300000011920929,
  "steps": 0,
  "time": 0,
  "tool": "water",
  "water": 8.432881625464749,
  "waterChecksum": 198.34654524018876,
  "workLimited": false
}

$ agent-browser --session strata screenshot /home/pyro/projects/naked/sol61/02-hydraulic-erosion/evidence/screenshots/desktop-water-injection.png
✓ Screenshot saved to /home/pyro/projects/naked/sol61/02-hydraulic-erosion/evidence/screenshots/desktop-water-injection.png

$ agent-browser --session strata eval --stdin
{
  "canvasSize": [
    697,
    489
  ],
  "change": 0.00205197358607418,
  "deposited": 0,
  "devicePixelRatio": 1,
  "eroded": 0,
  "fps": 7.89515237644101,
  "geometryRevision": 883,
  "glError": 0,
  "heightChecksum": 40173.74967825605,
  "limited": 0,
  "maxSpeed": 0,
  "maxWater": 0.8655290007591248,
  "mode": "Shaded terrain",
  "n": 96,
  "paused": true,
  "recoveries": 0,
  "renderScale": 0.7,
  "sediment": 0,
  "sedimentChecksum": 0,
  "seed": 4107,
  "simCost": 4.300000011920929,
  "steps": 0,
  "time": 0,
  "tool": "water",
  "water": 8.432881625464749,
  "waterChecksum": 198.34654524018876,
  "workLimited": false
}

$ agent-browser --session strata find role button click --name Add sediment --exact
✓ Done

$ agent-browser --session strata eval --stdin
{
  "x": 726.9301298429591,
  "y": 323.8310015809891
}

$ agent-browser --session strata mouse move 727 324
✓ Done

$ agent-browser --session strata mouse down
✓ Done

$ agent-browser --session strata mouse up
✓ Done

$ agent-browser --session strata eval --stdin
{
  "canvasSize": [
    697,
    489
  ],
  "change": 0.00205197358607418,
  "deposited": 0,
  "devicePixelRatio": 1,
  "eroded": 0,
  "fps": 7.6923076923076925,
  "geometryRevision": 889,
  "glError": 0,
  "heightChecksum": 40173.74967825605,
  "limited": 0,
  "maxSpeed": 0,
  "maxWater": 0.8655290007591248,
  "mode": "Shaded terrain",
  "n": 96,
  "paused": true,
  "recoveries": 0,
  "renderScale": 0.7,
  "sediment": 0.25621315913610265,
  "sedimentChecksum": 6.1361181865826335,
  "seed": 4107,
  "simCost": 4.300000011920929,
  "steps": 0,
  "time": 0,
  "tool": "sediment",
  "water": 8.432881625464749,
  "waterChecksum": 198.34654524018876,
  "workLimited": false
}

$ agent-browser --session strata eval --stdin
{
  "canvasSize": [
    697,
    489
  ],
  "change": 0.00205197358607418,
  "deposited": 0,
  "devicePixelRatio": 1,
  "eroded": 0,
  "fps": 7.6923076923076925,
  "geometryRevision": 889,
  "glError": 0,
  "heightChecksum": 40173.74967825605,
  "limited": 0,
  "maxSpeed": 0,
  "maxWater": 0.8655290007591248,
  "mode": "Shaded terrain",
  "n": 96,
  "paused": true,
  "recoveries": 0,
  "renderScale": 0.7,
  "sediment": 0.25621315913610265,
  "sedimentChecksum": 6.1361181865826335,
  "seed": 4107,
  "simCost": 4.300000011920929,
  "steps": 0,
  "time": 0,
  "tool": "sediment",
  "water": 8.432881625464749,
  "waterChecksum": 198.34654524018876,
  "workLimited": false
}

$ agent-browser --session strata eval --stdin
{
  "canvasSize": [
    697,
    489
  ],
  "change": 0.00205197358607418,
  "deposited": 0,
  "devicePixelRatio": 1,
  "eroded": 0,
  "fps": 8.333333333333334,
  "geometryRevision": 889,
  "glError": 0,
  "heightChecksum": 40173.74967825605,
  "limited": 0,
  "maxSpeed": 0,
  "maxWater": 0.8655290007591248,
  "mode": "Shaded terrain",
  "n": 96,
  "paused": true,
  "recoveries": 0,
  "renderScale": 0.7,
  "sediment": 0.25621315913610265,
  "sedimentChecksum": 6.1361181865826335,
  "seed": 4107,
  "simCost": 4.300000011920929,
  "steps": 0,
  "time": 0,
  "tool": "sediment",
  "water": 8.432881625464749,
  "waterChecksum": 198.34654524018876,
  "workLimited": false
}

$ agent-browser --session strata find role button click --name Dry area --exact
✓ Done

$ agent-browser --session strata eval --stdin
{
  "x": 726.9301298429591,
  "y": 323.8310015809891
}

$ agent-browser --session strata mouse move 727 324
✓ Done

$ agent-browser --session strata mouse down
✓ Done

$ agent-browser --session strata mouse up
✓ Done

$ agent-browser --session strata eval --stdin
{
  "canvasSize": [
    697,
    489
  ],
  "change": 0.00205197358607418,
  "deposited": 0,
  "devicePixelRatio": 1,
  "eroded": 0,
  "fps": 8.371703641690948,
  "geometryRevision": 895,
  "glError": 0,
  "heightChecksum": 40173.74967825605,
  "limited": 0,
  "maxSpeed": 0,
  "maxWater": 0.2973126173019409,
  "mode": "Shaded terrain",
  "n": 96,
  "paused": true,
  "recoveries": 0,
  "renderScale": 0.7,
  "sediment": 0.25621315913610265,
  "sedimentChecksum": 6.1361181865826335,
  "seed": 4107,
  "simCost": 4.300000011920929,
  "steps": 0,
  "time": 0,
  "tool": "dry",
  "water": 7.408028991123317,
  "waterChecksum": 173.80207256505724,
  "workLimited": false
}

$ agent-browser --session strata eval --stdin
{
  "canvasSize": [
    697,
    489
  ],
  "change": 0.00205197358607418,
  "deposited": 0,
  "devicePixelRatio": 1,
  "eroded": 0,
  "fps": 8.372871895060108,
  "geometryRevision": 895,
  "glError": 0,
  "heightChecksum": 40173.74967825605,
  "limited": 0,
  "maxSpeed": 0,
  "maxWater": 0.2973126173019409,
  "mode": "Shaded terrain",
  "n": 96,
  "paused": true,
  "recoveries": 0,
  "renderScale": 0.7,
  "sediment": 0.25621315913610265,
  "sedimentChecksum": 6.1361181865826335,
  "seed": 4107,
  "simCost": 4.300000011920929,
  "steps": 0,
  "time": 0,
  "tool": "dry",
  "water": 7.408028991123317,
  "waterChecksum": 173.80207256505724,
  "workLimited": false
}

$ agent-browser --session strata find role button click --name Inspect terrain --exact
✓ Done

$ agent-browser --session strata eval --stdin
{
  "x": 766.608022572857,
  "y": 377.06851277906634
}

$ agent-browser --session strata mouse move 767 377
✓ Done

$ agent-browser --session strata mouse down
✓ Done

$ agent-browser --session strata mouse up
✓ Done

$ agent-browser --session strata eval --stdin
true

$ agent-browser --session strata eval --stdin
"SURFACE PROBE\nX 0.4 · Z 1.4 m\nElevation\n4.112 m\nWater depth\n121.0 mm\nSediment\n0.000 m³/m³\nBed change\n+48.3 mm\nFlow speed\n0.00 m/s\nSlope\n36.1°\nPinned · inspect click to release"

$ agent-browser --session strata screenshot /home/pyro/projects/naked/sol61/02-hydraulic-erosion/evidence/screenshots/desktop-probe.png
✓ Screenshot saved to /home/pyro/projects/naked/sol61/02-hydraulic-erosion/evidence/screenshots/desktop-probe.png

$ agent-browser --session strata find role button click --name Orbit camera --exact
✓ Done

$ agent-browser --session strata eval --stdin
{
  "distance": 43,
  "phi": 0.83,
  "target": [
    0,
    1.2,
    0
  ],
  "theta": 0.68
}

$ agent-browser --session strata eval --stdin
{
  "canvasSize": [
    697,
    489
  ],
  "change": 0.00205197358607418,
  "deposited": 0,
  "devicePixelRatio": 1,
  "eroded": 0,
  "fps": 7.895152376440829,
  "geometryRevision": 895,
  "glError": 0,
  "heightChecksum": 40173.74967825605,
  "limited": 0,
  "maxSpeed": 0,
  "maxWater": 0.2973126173019409,
  "mode": "Shaded terrain",
  "n": 96,
  "paused": true,
  "recoveries": 0,
  "renderScale": 0.7,
  "sediment": 0.25621315913610265,
  "sedimentChecksum": 6.1361181865826335,
  "seed": 4107,
  "simCost": 4.300000011920929,
  "steps": 0,
  "time": 0,
  "tool": "orbit",
  "water": 7.408028991123317,
  "waterChecksum": 173.80207256505724,
  "workLimited": false
}

$ agent-browser --session strata mouse move 760 420
✓ Done

$ agent-browser --session strata mouse down
✓ Done

$ agent-browser --session strata mouse move 890 460
✓ Done

$ agent-browser --session strata mouse up
✓ Done

$ agent-browser --session strata eval --stdin
{
  "distance": 43,
  "phi": 1.0699999999999998,
  "target": [
    0,
    1.2,
    0
  ],
  "theta": -0.09999999999999998
}

$ agent-browser --session strata eval --stdin
{
  "canvasSize": [
    697,
    489
  ],
  "change": 0.00205197358607418,
  "deposited": 0,
  "devicePixelRatio": 1,
  "eroded": 0,
  "fps": 6.3161219011526635,
  "geometryRevision": 895,
  "glError": 0,
  "heightChecksum": 40173.74967825605,
  "limited": 0,
  "maxSpeed": 0,
  "maxWater": 0.2973126173019409,
  "mode": "Shaded terrain",
  "n": 96,
  "paused": true,
  "recoveries": 0,
  "renderScale": 0.7,
  "sediment": 0.25621315913610265,
  "sedimentChecksum": 6.1361181865826335,
  "seed": 4107,
  "simCost": 4.300000011920929,
  "steps": 0,
  "time": 0,
  "tool": "orbit",
  "water": 7.408028991123317,
  "waterChecksum": 173.80207256505724,
  "workLimited": false
}

$ agent-browser --session strata eval --stdin
{
  "distance": 43,
  "phi": 1.0699999999999998,
  "target": [
    0,
    1.2,
    0
  ],
  "theta": -0.09999999999999998
}

$ agent-browser --session strata eval --stdin
{
  "distance": 43,
  "phi": 1.0699999999999998,
  "target": [
    0,
    1.2,
    0
  ],
  "theta": -0.09999999999999998
}

$ agent-browser --session strata mouse move 760 420
✓ Done

$ agent-browser --session strata mouse down right
✓ Done

$ agent-browser --session strata mouse move 830 440
✓ Done

$ agent-browser --session strata mouse up right
✓ Done

$ agent-browser --session strata eval --stdin
{
  "distance": 43,
  "phi": 1.0699999999999998,
  "target": [
    -4.621228913704695,
    1.2,
    0.8328074970482245
  ],
  "theta": -0.09999999999999998
}

$ agent-browser --session strata eval --stdin
{
  "distance": 43,
  "phi": 1.0699999999999998,
  "target": [
    -4.621228913704695,
    1.2,
    0.8328074970482245
  ],
  "theta": -0.09999999999999998
}

$ agent-browser --session strata eval --stdin
{
  "distance": 43,
  "phi": 1.0699999999999998,
  "target": [
    -4.621228913704695,
    1.2,
    0.8328074970482245
  ],
  "theta": -0.09999999999999998
}

{
  "op": "wheel",
  "values": [
    830,
    440,
    -240
  ],
  "before": {
    "camera": {
      "theta": -0.09999999999999998,
      "phi": 1.0699999999999998,
      "distance": 33.824998025861795,
      "target": [
        -4.621228913704695,
        1.2,
        0.8328074970482245
      ]
    },
    "diagnostics": {
      "water": 8.161114174428079,
      "sediment": 0.4570713748383643,
      "change": 0.002993556826064984,
      "maxWater": 0.4915565848350525,
      "maxSpeed": 0,
      "eroded": 0,
      "deposited": 0,
      "time": 0,
      "steps": 0,
      "recoveries": 0,
      "limited": 0,
      "n": 96,
      "paused": true,
      "mode": "Shaded terrain",
      "tool": "orbit",
      "seed": 4107,
      "geometryRevision": 120,
      "heightChecksum": 40183.091305911315,
      "waterChecksum": 191.67956213146573,
      "sedimentChecksum": 10.940555333656313,
      "fps": 7.142857142857143,
      "simCost": 5.699999988079071,
      "workLimited": false,
      "canvasSize": [
        697,
        489
      ],
      "renderScale": 0.7,
      "devicePixelRatio": 1,
      "glError": 0
    }
  },
  "after": {
    "camera": {
      "theta": -0.09999999999999998,
      "phi": 1.0699999999999998,
      "distance": 26.607685847664055,
      "target": [
        -4.621228913704695,
        1.2,
        0.8328074970482245
      ]
    },
    "diagnostics": {
      "water": 8.161114174428079,
      "sediment": 0.4570713748383643,
      "change": 0.002993556826064984,
      "maxWater": 0.4915565848350525,
      "maxSpeed": 0,
      "eroded": 0,
      "deposited": 0,
      "time": 0,
      "steps": 0,
      "recoveries": 0,
      "limited": 0,
      "n": 96,
      "paused": true,
      "mode": "Shaded terrain",
      "tool": "orbit",
      "seed": 4107,
      "geometryRevision": 120,
      "heightChecksum": 40183.091305911315,
      "waterChecksum": 191.67956213146573,
      "sedimentChecksum": 10.940555333656313,
      "fps": 8.18219009954946,
      "simCost": 5.699999988079071,
      "workLimited": false,
      "canvasSize": [
        697,
        489
      ],
      "renderScale": 0.7,
      "devicePixelRatio": 1,
      "glError": 0
    }
  }
}
$ agent-browser --session strata eval --stdin
{
  "distance": 43,
  "phi": 1.0699999999999998,
  "target": [
    -4.621228913704695,
    1.2,
    0.8328074970482245
  ],
  "theta": -0.09999999999999998
}

$ agent-browser --session strata eval --stdin
{
  "distance": 43,
  "phi": 1.0699999999999998,
  "target": [
    -4.621228913704695,
    1.2,
    0.8328074970482245
  ],
  "theta": -0.09999999999999998
}

$ agent-browser --session strata screenshot /home/pyro/projects/naked/sol61/02-hydraulic-erosion/evidence/screenshots/workflow-failure.png
✓ Screenshot saved to /home/pyro/projects/naked/sol61/02-hydraulic-erosion/evidence/screenshots/workflow-failure.png

$ agent-browser --session strata eval --stdin
{
  "distance": 33.824998025861795,
  "phi": 1.0699999999999998,
  "target": [
    -4.621228913704695,
    1.2,
    0.8328074970482245
  ],
  "theta": -0.09999999999999998
}

{
  "op": "wheel",
  "values": [
    830,
    440,
    -240
  ],
  "before": {
    "camera": {
      "theta": -0.09999999999999998,
      "phi": 1.0699999999999998,
      "distance": 33.824998025861795,
      "target": [
        -4.621228913704695,
        1.2,
        0.8328074970482245
      ]
    },
    "diagnostics": {
      "water": 7.408028991123317,
      "sediment": 0.25621315913610265,
      "change": 0.00205197358607418,
      "maxWater": 0.2973126173019409,
      "maxSpeed": 0,
      "eroded": 0,
      "deposited": 0,
      "time": 0,
      "steps": 0,
      "recoveries": 0,
      "limited": 0,
      "n": 96,
      "paused": true,
      "mode": "Shaded terrain",
      "tool": "orbit",
      "seed": 4107,
      "geometryRevision": 895,
      "heightChecksum": 40173.74967825605,
      "waterChecksum": 173.80207256505724,
      "sedimentChecksum": 6.1361181865826335,
      "fps": 10.77088782889685,
      "simCost": 4.300000011920929,
      "workLimited": false,
      "canvasSize": [
        697,
        489
      ],
      "renderScale": 0.7,
      "devicePixelRatio": 1,
      "glError": 0
    }
  },
  "after": {
    "camera": {
      "theta": -0.09999999999999998,
      "phi": 1.0699999999999998,
      "distance": 26.607685847664055,
      "target": [
        -4.621228913704695,
        1.2,
        0.8328074970482245
      ]
    },
    "diagnostics": {
      "water": 7.408028991123317,
      "sediment": 0.25621315913610265,
      "change": 0.00205197358607418,
      "maxWater": 0.2973126173019409,
      "maxSpeed": 0,
      "eroded": 0,
      "deposited": 0,
      "time": 0,
      "steps": 0,
      "recoveries": 0,
      "limited": 0,
      "n": 96,
      "paused": true,
      "mode": "Shaded terrain",
      "tool": "orbit",
      "seed": 4107,
      "geometryRevision": 895,
      "heightChecksum": 40173.74967825605,
      "waterChecksum": 173.80207256505724,
      "sedimentChecksum": 6.1361181865826335,
      "fps": 18.333333333333332,
      "simCost": 4.300000011920929,
      "workLimited": false,
      "canvasSize": [
        697,
        489
      ],
      "renderScale": 0.7,
      "devicePixelRatio": 1,
      "glError": 0
    }
  }
}
$ agent-browser --session strata eval --stdin
{
  "distance": 26.607685847664055,
  "phi": 1.0699999999999998,
  "target": [
    -4.621228913704695,
    1.2,
    0.8328074970482245
  ],
  "theta": -0.09999999999999998
}

$ agent-browser --session strata eval --stdin
{
  "distance": 26.607685847664055,
  "phi": 1.0699999999999998,
  "target": [
    -4.621228913704695,
    1.2,
    0.8328074970482245
  ],
  "theta": -0.09999999999999998
}

$ agent-browser --session strata find role button click --name Reset camera view --exact
✓ Done

$ agent-browser --session strata find role button click --name Reset simulation --exact
✓ Done

$ agent-browser --session strata eval --stdin
{
  "canvasSize": [
    697,
    489
  ],
  "change": 0,
  "deposited": 0,
  "devicePixelRatio": 1,
  "eroded": 0,
  "fps": 18.948365703458425,
  "geometryRevision": 897,
  "glError": 0,
  "heightChecksum": 40147.48091633065,
  "limited": 0,
  "maxSpeed": 0,
  "maxWater": 0.04799911379814148,
  "mode": "Shaded terrain",
  "n": 96,
  "paused": true,
  "recoveries": 0,
  "renderScale": 0.7,
  "sediment": 0,
  "sedimentChecksum": 0,
  "seed": 4107,
  "simCost": 4.300000011920929,
  "steps": 0,
  "time": 0,
  "tool": "orbit",
  "water": 6.424988137282163,
  "waterChecksum": 150.40061457418443,
  "workLimited": false
}

$ agent-browser --session strata focus #speed
✓ Done

$ agent-browser --session strata press End
✓ Done

$ agent-browser --session strata select #substeps 8
✓ Done

$ agent-browser --session strata find role button click --name Resume simulation --exact
✓ Done

$ agent-browser --session strata wait --fn window.strata.diagnostics().time >= 15
true

$ agent-browser --session strata eval --stdin
{
  "canvasSize": [
    697,
    489
  ],
  "change": 0.14117546408346648,
  "deposited": 51.869270569351144,
  "devicePixelRatio": 1,
  "eroded": 86.71841975666807,
  "fps": 18.94836570345755,
  "geometryRevision": 979,
  "glError": 0,
  "heightChecksum": 39336.31667526194,
  "limited": 3104,
  "maxSpeed": 7.858062161487342,
  "maxWater": 1.3031055927276611,
  "mode": "Shaded terrain",
  "n": 96,
  "paused": false,
  "recoveries": 0,
  "renderScale": 0.7,
  "sediment": 34.849148827142095,
  "sedimentChecksum": 814.1331110327257,
  "seed": 4107,
  "simCost": 9.599999994039536,
  "steps": 645,
  "time": 15.904437500000112,
  "tool": "orbit",
  "water": 96.91462155065342,
  "waterChecksum": 2263.6474247119068,
  "workLimited": false
}

$ agent-browser --session strata find role button click --name Pause simulation --exact
✓ Done

$ agent-browser --session strata eval --stdin
{
  "canvasSize": [
    697,
    489
  ],
  "change": 0.14685121880029328,
  "deposited": 55.15250217966675,
  "devicePixelRatio": 1,
  "eroded": 90.83996348876995,
  "fps": 17.369335228170222,
  "geometryRevision": 985,
  "glError": 0,
  "heightChecksum": 39316.89499743941,
  "limited": 2974,
  "maxSpeed": 7.006135091404053,
  "maxWater": 1.3770233392715454,
  "mode": "Shaded terrain",
  "n": 96,
  "paused": true,
  "recoveries": 0,
  "renderScale": 0.7,
  "sediment": 35.68746083764636,
  "sedimentChecksum": 832.0538638070503,
  "seed": 4107,
  "simCost": 10.5,
  "steps": 693,
  "time": 17.10443750000005,
  "tool": "orbit",
  "water": 102.3918544042982,
  "waterChecksum": 2391.3735507533866,
  "workLimited": false
}

$ agent-browser --session strata screenshot /home/pyro/projects/naked/sol61/02-hydraulic-erosion/evidence/screenshots/desktop-evolved.png
✓ Screenshot saved to /home/pyro/projects/naked/sol61/02-hydraulic-erosion/evidence/screenshots/desktop-evolved.png

$ agent-browser --session strata eval --stdin
{
  "canvasSize": [
    697,
    489
  ],
  "change": 0.14685121880029328,
  "deposited": 55.15250217966675,
  "devicePixelRatio": 1,
  "eroded": 90.83996348876995,
  "fps": 17.369335228170222,
  "geometryRevision": 985,
  "glError": 0,
  "heightChecksum": 39316.89499743941,
  "limited": 2974,
  "maxSpeed": 7.006135091404053,
  "maxWater": 1.3770233392715454,
  "mode": "Shaded terrain",
  "n": 96,
  "paused": true,
  "recoveries": 0,
  "renderScale": 0.7,
  "sediment": 35.68746083764636,
  "sedimentChecksum": 832.0538638070503,
  "seed": 4107,
  "simCost": 10.5,
  "steps": 693,
  "time": 17.10443750000005,
  "tool": "orbit",
  "water": 102.3918544042982,
  "waterChecksum": 2391.3735507533866,
  "workLimited": false
}

$ agent-browser --session strata select #mode 0
✓ Done

$ agent-browser --session strata wait 120
✓ Done

$ agent-browser --session strata eval --stdin
{
  "canvasSize": [
    697,
    489
  ],
  "change": 0.14685121880029328,
  "deposited": 55.15250217966675,
  "devicePixelRatio": 1,
  "eroded": 90.83996348876995,
  "fps": 22.10293653299673,
  "geometryRevision": 985,
  "glError": 0,
  "heightChecksum": 39316.89499743941,
  "limited": 2974,
  "maxSpeed": 7.006135091404053,
  "maxWater": 1.3770233392715454,
  "mode": "Shaded terrain",
  "n": 96,
  "paused": true,
  "recoveries": 0,
  "renderScale": 0.7,
  "sediment": 35.68746083764636,
  "sedimentChecksum": 832.0538638070503,
  "seed": 4107,
  "simCost": 10.5,
  "steps": 693,
  "time": 17.10443750000005,
  "tool": "orbit",
  "water": 102.3918544042982,
  "waterChecksum": 2391.3735507533866,
  "workLimited": false
}

$ agent-browser --session strata screenshot /home/pyro/projects/naked/sol61/02-hydraulic-erosion/evidence/screenshots/mode-0.png
✓ Screenshot saved to /home/pyro/projects/naked/sol61/02-hydraulic-erosion/evidence/screenshots/mode-0.png

$ agent-browser --session strata select #mode 1
✓ Done

$ agent-browser --session strata wait 120
✓ Done

$ agent-browser --session strata eval --stdin
{
  "canvasSize": [
    697,
    489
  ],
  "change": 0.14685121880029328,
  "deposited": 55.15250217966675,
  "devicePixelRatio": 1,
  "eroded": 90.83996348876995,
  "fps": 23.333333333333332,
  "geometryRevision": 985,
  "glError": 0,
  "heightChecksum": 39316.89499743941,
  "limited": 2974,
  "maxSpeed": 7.006135091404053,
  "maxWater": 1.3770233392715454,
  "mode": "Elevation",
  "n": 96,
  "paused": true,
  "recoveries": 0,
  "renderScale": 0.7,
  "sediment": 35.68746083764636,
  "sedimentChecksum": 832.0538638070503,
  "seed": 4107,
  "simCost": 10.5,
  "steps": 693,
  "time": 17.10443750000005,
  "tool": "orbit",
  "water": 102.3918544042982,
  "waterChecksum": 2391.3735507533866,
  "workLimited": false
}

$ agent-browser --session strata screenshot /home/pyro/projects/naked/sol61/02-hydraulic-erosion/evidence/screenshots/mode-1.png
✓ Screenshot saved to /home/pyro/projects/naked/sol61/02-hydraulic-erosion/evidence/screenshots/mode-1.png

$ agent-browser --session strata select #mode 2
✓ Done

$ agent-browser --session strata wait 120
✓ Done

$ agent-browser --session strata eval --stdin
{
  "canvasSize": [
    697,
    489
  ],
  "change": 0.14685121880029328,
  "deposited": 55.15250217966675,
  "devicePixelRatio": 1,
  "eroded": 90.83996348876995,
  "fps": 23.333333333333332,
  "geometryRevision": 985,
  "glError": 0,
  "heightChecksum": 39316.89499743941,
  "limited": 2974,
  "maxSpeed": 7.006135091404053,
  "maxWater": 1.3770233392715454,
  "mode": "Water depth",
  "n": 96,
  "paused": true,
  "recoveries": 0,
  "renderScale": 0.7,
  "sediment": 35.68746083764636,
  "sedimentChecksum": 832.0538638070503,
  "seed": 4107,
  "simCost": 10.5,
  "steps": 693,
  "time": 17.10443750000005,
  "tool": "orbit",
  "water": 102.3918544042982,
  "waterChecksum": 2391.3735507533866,
  "workLimited": false
}

$ agent-browser --session strata screenshot /home/pyro/projects/naked/sol61/02-hydraulic-erosion/evidence/screenshots/mode-2.png
✓ Screenshot saved to /home/pyro/projects/naked/sol61/02-hydraulic-erosion/evidence/screenshots/mode-2.png

$ agent-browser --session strata select #mode 3
✓ Done

$ agent-browser --session strata wait 120
✓ Done

$ agent-browser --session strata eval --stdin
{
  "canvasSize": [
    697,
    489
  ],
  "change": 0.14685121880029328,
  "deposited": 55.15250217966675,
  "devicePixelRatio": 1,
  "eroded": 90.83996348876995,
  "fps": 29.197080291970803,
  "geometryRevision": 985,
  "glError": 0,
  "heightChecksum": 39316.89499743941,
  "limited": 2974,
  "maxSpeed": 7.006135091404053,
  "maxWater": 1.3770233392715454,
  "mode": "Sediment",
  "n": 96,
  "paused": true,
  "recoveries": 0,
  "renderScale": 0.7,
  "sediment": 35.68746083764636,
  "sedimentChecksum": 832.0538638070503,
  "seed": 4107,
  "simCost": 10.5,
  "steps": 693,
  "time": 17.10443750000005,
  "tool": "orbit",
  "water": 102.3918544042982,
  "waterChecksum": 2391.3735507533866,
  "workLimited": false
}

$ agent-browser --session strata screenshot /home/pyro/projects/naked/sol61/02-hydraulic-erosion/evidence/screenshots/mode-3.png
✓ Screenshot saved to /home/pyro/projects/naked/sol61/02-hydraulic-erosion/evidence/screenshots/mode-3.png

$ agent-browser --session strata select #mode 4
✓ Done

$ agent-browser --session strata wait 120
✓ Done

$ agent-browser --session strata eval --stdin
{
  "canvasSize": [
    697,
    489
  ],
  "change": 0.14685121880029328,
  "deposited": 55.15250217966675,
  "devicePixelRatio": 1,
  "eroded": 90.83996348876995,
  "fps": 30.809145451596628,
  "geometryRevision": 985,
  "glError": 0,
  "heightChecksum": 39316.89499743941,
  "limited": 2974,
  "maxSpeed": 7.006135091404053,
  "maxWater": 1.3770233392715454,
  "mode": "Erosion / deposition",
  "n": 96,
  "paused": true,
  "recoveries": 0,
  "renderScale": 0.7,
  "sediment": 35.68746083764636,
  "sedimentChecksum": 832.0538638070503,
  "seed": 4107,
  "simCost": 10.5,
  "steps": 693,
  "time": 17.10443750000005,
  "tool": "orbit",
  "water": 102.3918544042982,
  "waterChecksum": 2391.3735507533866,
  "workLimited": false
}

$ agent-browser --session strata screenshot /home/pyro/projects/naked/sol61/02-hydraulic-erosion/evidence/screenshots/mode-4.png
✓ Screenshot saved to /home/pyro/projects/naked/sol61/02-hydraulic-erosion/evidence/screenshots/mode-4.png

$ agent-browser --session strata select #mode 5
✓ Done

$ agent-browser --session strata wait 120
✓ Done

$ agent-browser --session strata eval --stdin
{
  "canvasSize": [
    697,
    489
  ],
  "change": 0.14685121880029328,
  "deposited": 55.15250217966675,
  "devicePixelRatio": 1,
  "eroded": 90.83996348876995,
  "fps": 33.333333333333336,
  "geometryRevision": 985,
  "glError": 0,
  "heightChecksum": 39316.89499743941,
  "limited": 2974,
  "maxSpeed": 7.006135091404053,
  "maxWater": 1.3770233392715454,
  "mode": "Slope",
  "n": 96,
  "paused": true,
  "recoveries": 0,
  "renderScale": 0.7,
  "sediment": 35.68746083764636,
  "sedimentChecksum": 832.0538638070503,
  "seed": 4107,
  "simCost": 10.5,
  "steps": 693,
  "time": 17.10443750000005,
  "tool": "orbit",
  "water": 102.3918544042982,
  "waterChecksum": 2391.3735507533866,
  "workLimited": false
}

$ agent-browser --session strata screenshot /home/pyro/projects/naked/sol61/02-hydraulic-erosion/evidence/screenshots/mode-5.png
✓ Screenshot saved to /home/pyro/projects/naked/sol61/02-hydraulic-erosion/evidence/screenshots/mode-5.png

$ agent-browser --session strata select #mode 6
✓ Done

$ agent-browser --session strata wait 120
✓ Done

$ agent-browser --session strata eval --stdin
{
  "canvasSize": [
    697,
    489
  ],
  "change": 0.14685121880029328,
  "deposited": 55.15250217966675,
  "devicePixelRatio": 1,
  "eroded": 90.83996348876995,
  "fps": 28.42254855518764,
  "geometryRevision": 985,
  "glError": 0,
  "heightChecksum": 39316.89499743941,
  "limited": 2974,
  "maxSpeed": 7.006135091404053,
  "maxWater": 1.3770233392715454,
  "mode": "Flow velocity",
  "n": 96,
  "paused": true,
  "recoveries": 0,
  "renderScale": 0.7,
  "sediment": 35.68746083764636,
  "sedimentChecksum": 832.0538638070503,
  "seed": 4107,
  "simCost": 10.5,
  "steps": 693,
  "time": 17.10443750000005,
  "tool": "orbit",
  "water": 102.3918544042982,
  "waterChecksum": 2391.3735507533866,
  "workLimited": false
}

$ agent-browser --session strata screenshot /home/pyro/projects/naked/sol61/02-hydraulic-erosion/evidence/screenshots/mode-6.png
✓ Screenshot saved to /home/pyro/projects/naked/sol61/02-hydraulic-erosion/evidence/screenshots/mode-6.png

$ agent-browser --session strata select #mode 0
✓ Done

$ agent-browser --session strata scrollintoview #thermal
✓ Done

$ agent-browser --session strata focus #thermal
✓ Done

$ agent-browser --session strata press Home
✓ Done

$ agent-browser --session strata scrollintoview #erosion
✓ Done

$ agent-browser --session strata focus #erosion
✓ Done

$ agent-browser --session strata press Home
✓ Done

$ agent-browser --session strata scrollintoview #evaporation
✓ Done

$ agent-browser --session strata focus #evaporation
✓ Done

$ agent-browser --session strata press Home
✓ Done

$ agent-browser --session strata click #reset
✗ Element '#reset' is covered by <div.sidebar-top inside aside#sidebar> at its click point, so the input would land on that element instead. Dismiss or interact with the covering element first (it is often a dialog, banner, or sticky header).

$ agent-browser --session strata screenshot /home/pyro/projects/naked/sol61/02-hydraulic-erosion/evidence/screenshots/workflow-failure.png
✓ Screenshot saved to /home/pyro/projects/naked/sol61/02-hydraulic-erosion/evidence/screenshots/workflow-failure.png

$ agent-browser --session strata eval --stdin
{
  "canvasSize": [
    697,
    489
  ],
  "change": 0,
  "deposited": 0,
  "devicePixelRatio": 1,
  "eroded": 0,
  "fps": 21.663056157307103,
  "geometryRevision": 28,
  "glError": 0,
  "heightChecksum": 40147.48091633065,
  "limited": 0,
  "maxSpeed": 0,
  "maxWater": 0.04799911379814148,
  "mode": "Shaded terrain",
  "n": 96,
  "paused": true,
  "recoveries": 0,
  "renderScale": 0.7,
  "sediment": 0,
  "sedimentChecksum": 0,
  "seed": 4107,
  "simCost": 3.7999999821186066,
  "steps": 0,
  "time": 0,
  "tool": "orbit",
  "water": 6.424988137282163,
  "waterChecksum": 150.40061457418443,
  "workLimited": false
}

$ agent-browser --session strata click #home
✓ Done

$ agent-browser --session strata eval --stdin
{
  "canvasSize": [
    697,
    489
  ],
  "change": 0,
  "deposited": 0,
  "devicePixelRatio": 1,
  "eroded": 0,
  "fps": 21.663056157307103,
  "geometryRevision": 29,
  "glError": 0,
  "heightChecksum": 40147.48091633065,
  "limited": 0,
  "maxSpeed": 0,
  "maxWater": 0.04799911379814148,
  "mode": "Shaded terrain",
  "n": 96,
  "paused": true,
  "recoveries": 0,
  "renderScale": 0.7,
  "sediment": 0,
  "sedimentChecksum": 0,
  "seed": 4107,
  "simCost": 3.7999999821186066,
  "steps": 0,
  "time": 0,
  "tool": "orbit",
  "water": 6.424988137282163,
  "waterChecksum": 150.40061457418443,
  "workLimited": false
}

$ agent-browser --session strata wait 700
✓ Done

$ agent-browser --session strata eval --stdin
{
  "canvasSize": [
    697,
    489
  ],
  "change": 0,
  "deposited": 0,
  "devicePixelRatio": 1,
  "eroded": 0,
  "fps": 22.109917877447923,
  "geometryRevision": 29,
  "glError": 0,
  "heightChecksum": 40147.48091633065,
  "limited": 0,
  "maxSpeed": 0,
  "maxWater": 0.04799911379814148,
  "mode": "Shaded terrain",
  "n": 96,
  "paused": true,
  "recoveries": 0,
  "renderScale": 0.7,
  "sediment": 0,
  "sedimentChecksum": 0,
  "seed": 4107,
  "simCost": 3.7999999821186066,
  "steps": 0,
  "time": 0,
  "tool": "orbit",
  "water": 6.424988137282163,
  "waterChecksum": 150.40061457418443,
  "workLimited": false
}

$ agent-browser --session strata eval --stdin
{
  "canvasSize": [
    697,
    489
  ],
  "change": 0,
  "deposited": 0,
  "devicePixelRatio": 1,
  "eroded": 0,
  "fps": 22.109917877447923,
  "geometryRevision": 29,
  "glError": 0,
  "heightChecksum": 40147.48091633065,
  "limited": 0,
  "maxSpeed": 0,
  "maxWater": 0.04799911379814148,
  "mode": "Shaded terrain",
  "n": 96,
  "paused": true,
  "recoveries": 0,
  "renderScale": 0.7,
  "sediment": 0,
  "sedimentChecksum": 0,
  "seed": 4107,
  "simCost": 3.7999999821186066,
  "steps": 0,
  "time": 0,
  "tool": "orbit",
  "water": 6.424988137282163,
  "waterChecksum": 150.40061457418443,
  "workLimited": false
}

$ agent-browser --session strata eval --stdin
{
  "canvasSize": [
    697,
    489
  ],
  "change": 0,
  "deposited": 0,
  "devicePixelRatio": 1,
  "eroded": 0,
  "fps": 23.333333333333332,
  "geometryRevision": 29,
  "glError": 0,
  "heightChecksum": 40147.48091633065,
  "limited": 0,
  "maxSpeed": 0,
  "maxWater": 0.04799911379814148,
  "mode": "Shaded terrain",
  "n": 96,
  "paused": true,
  "recoveries": 0,
  "renderScale": 0.7,
  "sediment": 0,
  "sedimentChecksum": 0,
  "seed": 4107,
  "simCost": 3.7999999821186066,
  "steps": 0,
  "time": 0,
  "tool": "orbit",
  "water": 6.424988137282163,
  "waterChecksum": 150.40061457418443,
  "workLimited": false
}

$ agent-browser --session strata find role button click --name Single simulation step --exact
✓ Done

$ agent-browser --session strata eval --stdin
{
  "canvasSize": [
    697,
    489
  ],
  "change": 0.0020914736992886495,
  "deposited": 0,
  "devicePixelRatio": 1,
  "eroded": 1.2301685393869182,
  "fps": 23.333333333333332,
  "geometryRevision": 30,
  "glError": 0,
  "heightChecksum": 40118.63587338045,
  "limited": 2968,
  "maxSpeed": 7.6586897652764545,
  "maxWater": 0.0663929209113121,
  "mode": "Shaded terrain",
  "n": 96,
  "paused": true,
  "recoveries": 0,
  "renderScale": 0.7,
  "sediment": 1.230168540362791,
  "sedimentChecksum": 28.844658481576545,
  "seed": 4107,
  "simCost": 3.7999999821186066,
  "steps": 1,
  "time": 0.025,
  "tool": "orbit",
  "water": 6.597320787676319,
  "waterChecksum": 154.23106656806667,
  "workLimited": false
}

$ agent-browser --session strata find role button click --name Reset simulation --exact
✓ Done

$ agent-browser --session strata eval --stdin
{
  "canvasSize": [
    697,
    489
  ],
  "change": 0,
  "deposited": 0,
  "devicePixelRatio": 1,
  "eroded": 0,
  "fps": 20.524155352068156,
  "geometryRevision": 31,
  "glError": 0,
  "heightChecksum": 40147.48091633065,
  "limited": 0,
  "maxSpeed": 0,
  "maxWater": 0.04799911379814148,
  "mode": "Shaded terrain",
  "n": 96,
  "paused": true,
  "recoveries": 0,
  "renderScale": 0.7,
  "sediment": 0,
  "sedimentChecksum": 0,
  "seed": 4107,
  "simCost": 3.7999999821186066,
  "steps": 0,
  "time": 0,
  "tool": "orbit",
  "water": 6.424988137282163,
  "waterChecksum": 150.40061457418443,
  "workLimited": false
}

$ agent-browser --session strata screenshot /home/pyro/projects/naked/sol61/02-hydraulic-erosion/evidence/screenshots/desktop-reset.png
✓ Screenshot saved to /home/pyro/projects/naked/sol61/02-hydraulic-erosion/evidence/screenshots/desktop-reset.png

$ agent-browser --session strata eval --stdin
{
  "canvasSize": [
    697,
    489
  ],
  "change": 0,
  "deposited": 0,
  "devicePixelRatio": 1,
  "eroded": 0,
  "fps": 20.524155352068156,
  "geometryRevision": 31,
  "glError": 0,
  "heightChecksum": 40147.48091633065,
  "limited": 0,
  "maxSpeed": 0,
  "maxWater": 0.04799911379814148,
  "mode": "Shaded terrain",
  "n": 96,
  "paused": true,
  "recoveries": 0,
  "renderScale": 0.7,
  "sediment": 0,
  "sedimentChecksum": 0,
  "seed": 4107,
  "simCost": 3.7999999821186066,
  "steps": 0,
  "time": 0,
  "tool": "orbit",
  "water": 6.424988137282163,
  "waterChecksum": 150.40061457418443,
  "workLimited": false
}

$ agent-browser --session strata find role button click --name Raise terrain --exact
✓ Done

$ agent-browser --session strata eval --stdin
{
  "x": 726.8961276964664,
  "y": 323.1049210792807
}

$ agent-browser --session strata mouse move 727 323
✓ Done

$ agent-browser --session strata mouse down
✓ Done

$ agent-browser --session strata eval --stdin
{
  "x": 800.7586247238439,
  "y": 387.9871884181662
}

$ agent-browser --session strata mouse move 745 339
✓ Done

$ agent-browser --session strata mouse move 764 356
✓ Done

$ agent-browser --session strata mouse move 782 372
✓ Done

$ agent-browser --session strata mouse move 801 388
✓ Done

$ agent-browser --session strata mouse up
✓ Done

$ agent-browser --session strata eval --stdin
{
  "canvasSize": [
    697,
    489
  ],
  "change": 0.005026132411633928,
  "deposited": 0,
  "devicePixelRatio": 1,
  "eroded": 0,
  "fps": 22.70515731430423,
  "geometryRevision": 53,
  "glError": 0,
  "heightChecksum": 40217.93239608581,
  "limited": 0,
  "maxSpeed": 0,
  "maxWater": 0.04799911379814148,
  "mode": "Shaded terrain",
  "n": 96,
  "paused": true,
  "recoveries": 0,
  "renderScale": 0.7,
  "sediment": 0,
  "sedimentChecksum": 0,
  "seed": 4107,
  "simCost": 3.7999999821186066,
  "steps": 0,
  "time": 0,
  "tool": "raise",
  "water": 6.424988137282163,
  "waterChecksum": 150.40061457418443,
  "workLimited": false
}

$ agent-browser --session strata screenshot /home/pyro/projects/naked/sol61/02-hydraulic-erosion/evidence/screenshots/desktop-raised-brush.png
✓ Screenshot saved to /home/pyro/projects/naked/sol61/02-hydraulic-erosion/evidence/screenshots/desktop-raised-brush.png

$ agent-browser --session strata eval --stdin
{
  "canvasSize": [
    697,
    489
  ],
  "change": 0.005026132411633928,
  "deposited": 0,
  "devicePixelRatio": 1,
  "eroded": 0,
  "fps": 21.083360363282505,
  "geometryRevision": 53,
  "glError": 0,
  "heightChecksum": 40217.93239608581,
  "limited": 0,
  "maxSpeed": 0,
  "maxWater": 0.04799911379814148,
  "mode": "Shaded terrain",
  "n": 96,
  "paused": true,
  "recoveries": 0,
  "renderScale": 0.7,
  "sediment": 0,
  "sedimentChecksum": 0,
  "seed": 4107,
  "simCost": 3.7999999821186066,
  "steps": 0,
  "time": 0,
  "tool": "raise",
  "water": 6.424988137282163,
  "waterChecksum": 150.40061457418443,
  "workLimited": false
}

$ agent-browser --session strata find role button click --name Lower terrain --exact
✓ Done

$ agent-browser --session strata eval --stdin
{
  "x": 725.648880979655,
  "y": 296.471263639736
}

$ agent-browser --session strata mouse move 726 296
✓ Done

$ agent-browser --session strata mouse down
✓ Done

$ agent-browser --session strata mouse up
✓ Done

$ agent-browser --session strata eval --stdin
{
  "canvasSize": [
    697,
    489
  ],
  "change": 0.002221946578679813,
  "deposited": 0,
  "devicePixelRatio": 1,
  "eroded": 0,
  "fps": 21.079941624777017,
  "geometryRevision": 67,
  "glError": 0,
  "heightChecksum": 40175.327900563934,
  "limited": 0,
  "maxSpeed": 0,
  "maxWater": 0.04799911379814148,
  "mode": "Shaded terrain",
  "n": 96,
  "paused": true,
  "recoveries": 0,
  "renderScale": 0.7,
  "sediment": 0,
  "sedimentChecksum": 0,
  "seed": 4107,
  "simCost": 3.7999999821186066,
  "steps": 0,
  "time": 0,
  "tool": "lower",
  "water": 6.424988137282163,
  "waterChecksum": 150.40061457418443,
  "workLimited": false
}

$ agent-browser --session strata eval --stdin
{
  "canvasSize": [
    697,
    489
  ],
  "change": 0.002221946578679813,
  "deposited": 0,
  "devicePixelRatio": 1,
  "eroded": 0,
  "fps": 21.079941624777017,
  "geometryRevision": 67,
  "glError": 0,
  "heightChecksum": 40175.327900563934,
  "limited": 0,
  "maxSpeed": 0,
  "maxWater": 0.04799911379814148,
  "mode": "Shaded terrain",
  "n": 96,
  "paused": true,
  "recoveries": 0,
  "renderScale": 0.7,
  "sediment": 0,
  "sedimentChecksum": 0,
  "seed": 4107,
  "simCost": 3.7999999821186066,
  "steps": 0,
  "time": 0,
  "tool": "lower",
  "water": 6.424988137282163,
  "waterChecksum": 150.40061457418443,
  "workLimited": false
}

$ agent-browser --session strata eval --stdin
{
  "canvasSize": [
    697,
    489
  ],
  "change": 0.002221946578679813,
  "deposited": 0,
  "devicePixelRatio": 1,
  "eroded": 0,
  "fps": 21.079941624777017,
  "geometryRevision": 67,
  "glError": 0,
  "heightChecksum": 40175.327900563934,
  "limited": 0,
  "maxSpeed": 0,
  "maxWater": 0.04799911379814148,
  "mode": "Shaded terrain",
  "n": 96,
  "paused": true,
  "recoveries": 0,
  "renderScale": 0.7,
  "sediment": 0,
  "sedimentChecksum": 0,
  "seed": 4107,
  "simCost": 3.7999999821186066,
  "steps": 0,
  "time": 0,
  "tool": "lower",
  "water": 6.424988137282163,
  "waterChecksum": 150.40061457418443,
  "workLimited": false
}

$ agent-browser --session strata find role button click --name Smooth terrain --exact
✓ Done

$ agent-browser --session strata eval --stdin
{
  "x": 726.8813966595744,
  "y": 322.79035509564386
}

$ agent-browser --session strata mouse move 727 323
✓ Done

$ agent-browser --session strata mouse down
✓ Done

$ agent-browser --session strata mouse up
✓ Done

$ agent-browser --session strata eval --stdin
{
  "canvasSize": [
    697,
    489
  ],
  "change": 0.0023289575344986385,
  "deposited": 0,
  "devicePixelRatio": 1,
  "eroded": 0,
  "fps": 19.461563412260773,
  "geometryRevision": 79,
  "glError": 0,
  "heightChecksum": 40171.265453846114,
  "limited": 0,
  "maxSpeed": 0,
  "maxWater": 0.04799911379814148,
  "mode": "Shaded terrain",
  "n": 96,
  "paused": true,
  "recoveries": 0,
  "renderScale": 0.7,
  "sediment": 0,
  "sedimentChecksum": 0,
  "seed": 4107,
  "simCost": 3.7999999821186066,
  "steps": 0,
  "time": 0,
  "tool": "smooth",
  "water": 6.424988137282163,
  "waterChecksum": 150.40061457418443,
  "workLimited": false
}

$ agent-browser --session strata eval --stdin
{
  "canvasSize": [
    697,
    489
  ],
  "change": 0.0023289575344986385,
  "deposited": 0,
  "devicePixelRatio": 1,
  "eroded": 0,
  "fps": 19.461563412260773,
  "geometryRevision": 79,
  "glError": 0,
  "heightChecksum": 40171.265453846114,
  "limited": 0,
  "maxSpeed": 0,
  "maxWater": 0.04799911379814148,
  "mode": "Shaded terrain",
  "n": 96,
  "paused": true,
  "recoveries": 0,
  "renderScale": 0.7,
  "sediment": 0,
  "sedimentChecksum": 0,
  "seed": 4107,
  "simCost": 3.7999999821186066,
  "steps": 0,
  "time": 0,
  "tool": "smooth",
  "water": 6.424988137282163,
  "waterChecksum": 150.40061457418443,
  "workLimited": false
}

$ agent-browser --session strata eval --stdin
{
  "canvasSize": [
    697,
    489
  ],
  "change": 0.0023289575344986385,
  "deposited": 0,
  "devicePixelRatio": 1,
  "eroded": 0,
  "fps": 19.461563412260773,
  "geometryRevision": 79,
  "glError": 0,
  "heightChecksum": 40171.265453846114,
  "limited": 0,
  "maxSpeed": 0,
  "maxWater": 0.04799911379814148,
  "mode": "Shaded terrain",
  "n": 96,
  "paused": true,
  "recoveries": 0,
  "renderScale": 0.7,
  "sediment": 0,
  "sedimentChecksum": 0,
  "seed": 4107,
  "simCost": 3.7999999821186066,
  "steps": 0,
  "time": 0,
  "tool": "smooth",
  "water": 6.424988137282163,
  "waterChecksum": 150.40061457418443,
  "workLimited": false
}

$ agent-browser --session strata find role button click --name Flatten terrain --exact
✓ Done

$ agent-browser --session strata eval --stdin
{
  "x": 727.1316477617754,
  "y": 328.1342073103308
}

$ agent-browser --session strata mouse move 727 328
✓ Done

$ agent-browser --session strata mouse down
✓ Done

$ agent-browser --session strata mouse up
✓ Done

$ agent-browser --session strata eval --stdin
{
  "canvasSize": [
    697,
    489
  ],
  "change": 0.0029236891876078313,
  "deposited": 0,
  "devicePixelRatio": 1,
  "eroded": 0,
  "fps": 19.45840765364032,
  "geometryRevision": 91,
  "glError": 0,
  "heightChecksum": 40177.58773732469,
  "limited": 0,
  "maxSpeed": 0,
  "maxWater": 0.04799911379814148,
  "mode": "Shaded terrain",
  "n": 96,
  "paused": true,
  "recoveries": 0,
  "renderScale": 0.7,
  "sediment": 0,
  "sedimentChecksum": 0,
  "seed": 4107,
  "simCost": 3.7999999821186066,
  "steps": 0,
  "time": 0,
  "tool": "flatten",
  "water": 6.424988137282163,
  "waterChecksum": 150.40061457418443,
  "workLimited": false
}

$ agent-browser --session strata eval --stdin
{
  "canvasSize": [
    697,
    489
  ],
  "change": 0.0029236891876078313,
  "deposited": 0,
  "devicePixelRatio": 1,
  "eroded": 0,
  "fps": 19.45840765364032,
  "geometryRevision": 91,
  "glError": 0,
  "heightChecksum": 40177.58773732469,
  "limited": 0,
  "maxSpeed": 0,
  "maxWater": 0.04799911379814148,
  "mode": "Shaded terrain",
  "n": 96,
  "paused": true,
  "recoveries": 0,
  "renderScale": 0.7,
  "sediment": 0,
  "sedimentChecksum": 0,
  "seed": 4107,
  "simCost": 3.7999999821186066,
  "steps": 0,
  "time": 0,
  "tool": "flatten",
  "water": 6.424988137282163,
  "waterChecksum": 150.40061457418443,
  "workLimited": false
}

$ agent-browser --session strata eval --stdin
{
  "canvasSize": [
    697,
    489
  ],
  "change": 0.0029236891876078313,
  "deposited": 0,
  "devicePixelRatio": 1,
  "eroded": 0,
  "fps": 20.53063802905884,
  "geometryRevision": 91,
  "glError": 0,
  "heightChecksum": 40177.58773732469,
  "limited": 0,
  "maxSpeed": 0,
  "maxWater": 0.04799911379814148,
  "mode": "Shaded terrain",
  "n": 96,
  "paused": true,
  "recoveries": 0,
  "renderScale": 0.7,
  "sediment": 0,
  "sedimentChecksum": 0,
  "seed": 4107,
  "simCost": 3.7999999821186066,
  "steps": 0,
  "time": 0,
  "tool": "flatten",
  "water": 6.424988137282163,
  "waterChecksum": 150.40061457418443,
  "workLimited": false
}

$ agent-browser --session strata find role button click --name Add water --exact
✓ Done

$ agent-browser --session strata eval --stdin
{
  "x": 727.0583169817409,
  "y": 326.5683047115173
}

$ agent-browser --session strata mouse move 727 327
✓ Done

$ agent-browser --session strata mouse down
✓ Done

$ agent-browser --session strata eval --stdin
{
  "x": 766.5987872699765,
  "y": 376.3948708859818
}

$ agent-browser --session strata mouse move 737 339
✓ Done

$ agent-browser --session strata mouse move 747 351
✓ Done

$ agent-browser --session strata mouse move 757 364
✓ Done

$ agent-browser --session strata mouse move 767 376
✓ Done

$ agent-browser --session strata mouse up
✓ Done

$ agent-browser --session strata eval --stdin
{
  "canvasSize": [
    697,
    489
  ],
  "change": 0.0029236891876078313,
  "deposited": 0,
  "devicePixelRatio": 1,
  "eroded": 0,
  "fps": 23.084025854108983,
  "geometryRevision": 118,
  "glError": 0,
  "heightChecksum": 40177.58773732469,
  "limited": 0,
  "maxSpeed": 0,
  "maxWater": 1.5953059196472168,
  "mode": "Shaded terrain",
  "n": 96,
  "paused": true,
  "recoveries": 0,
  "renderScale": 0.7,
  "sediment": 0,
  "sedimentChecksum": 0,
  "seed": 4107,
  "simCost": 3.7999999821186066,
  "steps": 0,
  "time": 0,
  "tool": "water",
  "water": 10.01473400222958,
  "waterChecksum": 236.1051417900532,
  "workLimited": false
}

$ agent-browser --session strata screenshot /home/pyro/projects/naked/sol61/02-hydraulic-erosion/evidence/screenshots/desktop-water-injection.png
✓ Screenshot saved to /home/pyro/projects/naked/sol61/02-hydraulic-erosion/evidence/screenshots/desktop-water-injection.png

$ agent-browser --session strata eval --stdin
{
  "canvasSize": [
    697,
    489
  ],
  "change": 0.0029236891876078313,
  "deposited": 0,
  "devicePixelRatio": 1,
  "eroded": 0,
  "fps": 23.084025854108983,
  "geometryRevision": 118,
  "glError": 0,
  "heightChecksum": 40177.58773732469,
  "limited": 0,
  "maxSpeed": 0,
  "maxWater": 1.5953059196472168,
  "mode": "Shaded terrain",
  "n": 96,
  "paused": true,
  "recoveries": 0,
  "renderScale": 0.7,
  "sediment": 0,
  "sedimentChecksum": 0,
  "seed": 4107,
  "simCost": 3.7999999821186066,
  "steps": 0,
  "time": 0,
  "tool": "water",
  "water": 10.01473400222958,
  "waterChecksum": 236.1051417900532,
  "workLimited": false
}

$ agent-browser --session strata find role button click --name Add sediment --exact
✓ Done

$ agent-browser --session strata eval --stdin
{
  "x": 727.0583169817409,
  "y": 326.5683047115173
}

$ agent-browser --session strata mouse move 727 327
✓ Done

$ agent-browser --session strata mouse down
✓ Done

$ agent-browser --session strata mouse up
✓ Done

$ agent-browser --session strata eval --stdin
{
  "canvasSize": [
    697,
    489
  ],
  "change": 0.0029236891876078313,
  "deposited": 0,
  "devicePixelRatio": 1,
  "eroded": 0,
  "fps": 22.1029365329966,
  "geometryRevision": 135,
  "glError": 0,
  "heightChecksum": 40177.58773732469,
  "limited": 0,
  "maxSpeed": 0,
  "maxWater": 1.5953059196472168,
  "mode": "Shaded terrain",
  "n": 96,
  "paused": true,
  "recoveries": 0,
  "renderScale": 0.7,
  "sediment": 0.5576976926540362,
  "sedimentChecksum": 13.359692760007595,
  "seed": 4107,
  "simCost": 3.7999999821186066,
  "steps": 0,
  "time": 0,
  "tool": "sediment",
  "water": 10.01473400222958,
  "waterChecksum": 236.1051417900532,
  "workLimited": false
}

$ agent-browser --session strata eval --stdin
{
  "canvasSize": [
    697,
    489
  ],
  "change": 0.0029236891876078313,
  "deposited": 0,
  "devicePixelRatio": 1,
  "eroded": 0,
  "fps": 22.1029365329966,
  "geometryRevision": 135,
  "glError": 0,
  "heightChecksum": 40177.58773732469,
  "limited": 0,
  "maxSpeed": 0,
  "maxWater": 1.5953059196472168,
  "mode": "Shaded terrain",
  "n": 96,
  "paused": true,
  "recoveries": 0,
  "renderScale": 0.7,
  "sediment": 0.5576976926540362,
  "sedimentChecksum": 13.359692760007595,
  "seed": 4107,
  "simCost": 3.7999999821186066,
  "steps": 0,
  "time": 0,
  "tool": "sediment",
  "water": 10.01473400222958,
  "waterChecksum": 236.1051417900532,
  "workLimited": false
}

$ agent-browser --session strata eval --stdin
{
  "canvasSize": [
    697,
    489
  ],
  "change": 0.0029236891876078313,
  "deposited": 0,
  "devicePixelRatio": 1,
  "eroded": 0,
  "fps": 23.08047391906442,
  "geometryRevision": 135,
  "glError": 0,
  "heightChecksum": 40177.58773732469,
  "limited": 0,
  "maxSpeed": 0,
  "maxWater": 1.5953059196472168,
  "mode": "Shaded terrain",
  "n": 96,
  "paused": true,
  "recoveries": 0,
  "renderScale": 0.7,
  "sediment": 0.5576976926540362,
  "sedimentChecksum": 13.359692760007595,
  "seed": 4107,
  "simCost": 3.7999999821186066,
  "steps": 0,
  "time": 0,
  "tool": "sediment",
  "water": 10.01473400222958,
  "waterChecksum": 236.1051417900532,
  "workLimited": false
}

$ agent-browser --session strata find role button click --name Dry area --exact
✓ Done

$ agent-browser --session strata eval --stdin
{
  "x": 727.0583169817409,
  "y": 326.5683047115173
}

$ agent-browser --session strata mouse move 727 327
✓ Done

$ agent-browser --session strata mouse down
✓ Done

$ agent-browser --session strata mouse up
✓ Done

$ agent-browser --session strata eval --stdin
{
  "canvasSize": [
    697,
    489
  ],
  "change": 0.0029236891876078313,
  "deposited": 0,
  "devicePixelRatio": 1,
  "eroded": 0,
  "fps": 24.326954265326037,
  "geometryRevision": 150,
  "glError": 0,
  "heightChecksum": 40177.58773732469,
  "limited": 0,
  "maxSpeed": 0,
  "maxWater": 0.5097227692604065,
  "mode": "Shaded terrain",
  "n": 96,
  "paused": true,
  "recoveries": 0,
  "renderScale": 0.7,
  "sediment": 0.5576976926540362,
  "sedimentChecksum": 13.359692760007595,
  "seed": 4107,
  "simCost": 3.7999999821186066,
  "steps": 0,
  "time": 0,
  "tool": "dry",
  "water": 8.085401442711374,
  "waterChecksum": 189.88782616835852,
  "workLimited": false
}

$ agent-browser --session strata eval --stdin
{
  "canvasSize": [
    697,
    489
  ],
  "change": 0.0029236891876078313,
  "deposited": 0,
  "devicePixelRatio": 1,
  "eroded": 0,
  "fps": 24.3230095670504,
  "geometryRevision": 150,
  "glError": 0,
  "heightChecksum": 40177.58773732469,
  "limited": 0,
  "maxSpeed": 0,
  "maxWater": 0.5097227692604065,
  "mode": "Shaded terrain",
  "n": 96,
  "paused": true,
  "recoveries": 0,
  "renderScale": 0.7,
  "sediment": 0.5576976926540362,
  "sedimentChecksum": 13.359692760007595,
  "seed": 4107,
  "simCost": 3.7999999821186066,
  "steps": 0,
  "time": 0,
  "tool": "dry",
  "water": 8.085401442711374,
  "waterChecksum": 189.88782616835852,
  "workLimited": false
}

$ agent-browser --session strata find role button click --name Inspect terrain --exact
✓ Done

$ agent-browser --session strata eval --stdin
{
  "x": 766.5987872699765,
  "y": 376.3948708859818
}

$ agent-browser --session strata mouse move 767 376
✓ Done

$ agent-browser --session strata mouse down
✓ Done

$ agent-browser --session strata mouse up
✓ Done

$ agent-browser --session strata eval --stdin
true

$ agent-browser --session strata eval --stdin
"SURFACE PROBE\nX 0.4 · Z 1.4 m\nElevation\n4.137 m\nWater depth\n180.8 mm\nSediment\n0.000 m³/m³\nBed change\n+72.9 mm\nFlow speed\n0.00 m/s\nSlope\n38.7°\nPinned · inspect click to release"

$ agent-browser --session strata screenshot /home/pyro/projects/naked/sol61/02-hydraulic-erosion/evidence/screenshots/desktop-probe.png
✓ Screenshot saved to /home/pyro/projects/naked/sol61/02-hydraulic-erosion/evidence/screenshots/desktop-probe.png

$ agent-browser --session strata find role button click --name Orbit camera --exact
✓ Done

$ agent-browser --session strata eval --stdin
{
  "distance": 43,
  "phi": 0.83,
  "target": [
    0,
    1.2,
    0
  ],
  "theta": 0.68
}

$ agent-browser --session strata eval --stdin
{
  "canvasSize": [
    697,
    489
  ],
  "change": 0.0029236891876078313,
  "deposited": 0,
  "devicePixelRatio": 1,
  "eroded": 0,
  "fps": 23.333333333333332,
  "geometryRevision": 150,
  "glError": 0,
  "heightChecksum": 40177.58773732469,
  "limited": 0,
  "maxSpeed": 0,
  "maxWater": 0.5097227692604065,
  "mode": "Shaded terrain",
  "n": 96,
  "paused": true,
  "recoveries": 0,
  "renderScale": 0.7,
  "sediment": 0.5576976926540362,
  "sedimentChecksum": 13.359692760007595,
  "seed": 4107,
  "simCost": 3.7999999821186066,
  "steps": 0,
  "time": 0,
  "tool": "orbit",
  "water": 8.085401442711374,
  "waterChecksum": 189.88782616835852,
  "workLimited": false
}

$ agent-browser --session strata mouse move 760 420
✓ Done

$ agent-browser --session strata mouse down
✓ Done

$ agent-browser --session strata mouse move 890 460
✓ Done

$ agent-browser --session strata mouse up
✓ Done

$ agent-browser --session strata eval --stdin
{
  "distance": 43,
  "phi": 1.0699999999999998,
  "target": [
    0,
    1.2,
    0
  ],
  "theta": -0.09999999999999998
}

$ agent-browser --session strata eval --stdin
{
  "canvasSize": [
    697,
    489
  ],
  "change": 0.0029236891876078313,
  "deposited": 0,
  "devicePixelRatio": 1,
  "eroded": 0,
  "fps": 24.326954265326037,
  "geometryRevision": 150,
  "glError": 0,
  "heightChecksum": 40177.58773732469,
  "limited": 0,
  "maxSpeed": 0,
  "maxWater": 0.5097227692604065,
  "mode": "Shaded terrain",
  "n": 96,
  "paused": true,
  "recoveries": 0,
  "renderScale": 0.7,
  "sediment": 0.5576976926540362,
  "sedimentChecksum": 13.359692760007595,
  "seed": 4107,
  "simCost": 3.7999999821186066,
  "steps": 0,
  "time": 0,
  "tool": "orbit",
  "water": 8.085401442711374,
  "waterChecksum": 189.88782616835852,
  "workLimited": false
}

$ agent-browser --session strata eval --stdin
{
  "distance": 43,
  "phi": 1.0699999999999998,
  "target": [
    0,
    1.2,
    0
  ],
  "theta": -0.09999999999999998
}

$ agent-browser --session strata eval --stdin
{
  "distance": 43,
  "phi": 1.0699999999999998,
  "target": [
    0,
    1.2,
    0
  ],
  "theta": -0.09999999999999998
}

$ agent-browser --session strata mouse move 760 420
✓ Done

$ agent-browser --session strata mouse down right
✓ Done

$ agent-browser --session strata mouse move 830 440
✓ Done

$ agent-browser --session strata mouse up right
✓ Done

$ agent-browser --session strata eval --stdin
{
  "distance": 43,
  "phi": 1.0699999999999998,
  "target": [
    -4.621228913704695,
    1.2,
    0.8328074970482245
  ],
  "theta": -0.09999999999999998
}

$ agent-browser --session strata eval --stdin
{
  "distance": 43,
  "phi": 1.0699999999999998,
  "target": [
    -4.621228913704695,
    1.2,
    0.8328074970482245
  ],
  "theta": -0.09999999999999998
}

$ agent-browser --session strata eval --stdin
{
  "distance": 43,
  "phi": 1.0699999999999998,
  "target": [
    -4.621228913704695,
    1.2,
    0.8328074970482245
  ],
  "theta": -0.09999999999999998
}

{
  "op": "wheel",
  "values": [
    830,
    440,
    -240
  ],
  "before": {
    "camera": {
      "theta": -0.09999999999999998,
      "phi": 1.0699999999999998,
      "distance": 43,
      "target": [
        -4.621228913704695,
        1.2,
        0.8328074970482245
      ]
    },
    "diagnostics": {
      "water": 8.085401442711374,
      "sediment": 0.5576976926540362,
      "change": 0.0029236891876078313,
      "maxWater": 0.5097227692604065,
      "maxSpeed": 0,
      "eroded": 0,
      "deposited": 0,
      "time": 0,
      "steps": 0,
      "recoveries": 0,
      "limited": 0,
      "n": 96,
      "paused": true,
      "mode": "Shaded terrain",
      "tool": "orbit",
      "seed": 4107,
      "geometryRevision": 150,
      "heightChecksum": 40177.587737324684,
      "waterChecksum": 189.88782616835852,
      "sedimentChecksum": 13.359692760007597,
      "fps": 25.948751216347773,
      "simCost": 3.7999999821186066,
      "workLimited": false,
      "canvasSize": [
        697,
        489
      ],
      "renderScale": 0.7,
      "devicePixelRatio": 1,
      "glError": 0
    }
  },
  "after": {
    "camera": {
      "theta": -0.09999999999999998,
      "phi": 1.0699999999999998,
      "distance": 33.824998025861795,
      "target": [
        -4.621228913704695,
        1.2,
        0.8328074970482245
      ]
    },
    "diagnostics": {
      "water": 8.085401442711374,
      "sediment": 0.5576976926540362,
      "change": 0.0029236891876078313,
      "maxWater": 0.5097227692604065,
      "maxSpeed": 0,
      "eroded": 0,
      "deposited": 0,
      "time": 0,
      "steps": 0,
      "recoveries": 0,
      "limited": 0,
      "n": 96,
      "paused": true,
      "mode": "Shaded terrain",
      "tool": "orbit",
      "seed": 4107,
      "geometryRevision": 150,
      "heightChecksum": 40177.587737324684,
      "waterChecksum": 189.88782616835852,
      "sedimentChecksum": 13.359692760007597,
      "fps": 25.948751216347773,
      "simCost": 3.7999999821186066,
      "workLimited": false,
      "canvasSize": [
        697,
        489
      ],
      "renderScale": 0.7,
      "devicePixelRatio": 1,
      "glError": 0
    }
  }
}
$ agent-browser --session strata eval --stdin
{
  "distance": 33.824998025861795,
  "phi": 1.0699999999999998,
  "target": [
    -4.621228913704695,
    1.2,
    0.8328074970482245
  ],
  "theta": -0.09999999999999998
}

$ agent-browser --session strata eval --stdin
{
  "distance": 33.824998025861795,
  "phi": 1.0699999999999998,
  "target": [
    -4.621228913704695,
    1.2,
    0.8328074970482245
  ],
  "theta": -0.09999999999999998
}

$ agent-browser --session strata find role button click --name Reset camera view --exact
✓ Done

$ agent-browser --session strata find role button click --name Reset simulation --exact
✓ Done

$ agent-browser --session strata eval --stdin
{
  "canvasSize": [
    697,
    489
  ],
  "change": 0,
  "deposited": 0,
  "devicePixelRatio": 1,
  "eroded": 0,
  "fps": 23.333333333333332,
  "geometryRevision": 152,
  "glError": 0,
  "heightChecksum": 40147.48091633065,
  "limited": 0,
  "maxSpeed": 0,
  "maxWater": 0.04799911379814148,
  "mode": "Shaded terrain",
  "n": 96,
  "paused": true,
  "recoveries": 0,
  "renderScale": 0.7,
  "sediment": 0,
  "sedimentChecksum": 0,
  "seed": 4107,
  "simCost": 3.7999999821186066,
  "steps": 0,
  "time": 0,
  "tool": "orbit",
  "water": 6.424988137282163,
  "waterChecksum": 150.40061457418443,
  "workLimited": false
}

$ agent-browser --session strata focus #speed
✓ Done

$ agent-browser --session strata press End
✓ Done

$ agent-browser --session strata select #substeps 8
✓ Done

$ agent-browser --session strata find role button click --name Resume simulation --exact
✓ Done

$ agent-browser --session strata wait --fn window.strata.diagnostics().time >= 15
true

$ agent-browser --session strata eval --stdin
{
  "canvasSize": [
    697,
    489
  ],
  "change": 0.13870583215611987,
  "deposited": 50.17169947136576,
  "devicePixelRatio": 1,
  "eroded": 84.56470061366147,
  "fps": 18.333333333333332,
  "geometryRevision": 238,
  "glError": 0,
  "heightChecksum": 39346.90865652631,
  "limited": 3110,
  "maxSpeed": 6.806148127993741,
  "maxWater": 1.2866259813308716,
  "mode": "Shaded terrain",
  "n": 96,
  "paused": false,
  "recoveries": 0,
  "renderScale": 0.7,
  "sediment": 34.39300134105978,
  "sedimentChecksum": 803.4742775161105,
  "seed": 4107,
  "simCost": 11,
  "steps": 660,
  "time": 15.75062500000015,
  "tool": "orbit",
  "water": 96.20134555109016,
  "waterChecksum": 2247.158164280098,
  "workLimited": false
}

$ agent-browser --session strata find role button click --name Pause simulation --exact
✓ Done

$ agent-browser --session strata eval --stdin
{
  "canvasSize": [
    697,
    489
  ],
  "change": 0.14299391899839975,
  "deposited": 53.74792663901076,
  "devicePixelRatio": 1,
  "eroded": 88.17037501235404,
  "fps": 18.333333333333332,
  "geometryRevision": 244,
  "glError": 0,
  "heightChecksum": 39345.90386712463,
  "limited": 2985,
  "maxSpeed": 7.850941255639315,
  "maxWater": 1.338977932929993,
  "mode": "Shaded terrain",
  "n": 96,
  "paused": true,
  "recoveries": 0,
  "renderScale": 0.7,
  "sediment": 34.422448473084,
  "sedimentChecksum": 803.4146262737578,
  "seed": 4107,
  "simCost": 7.299999982118607,
  "steps": 706,
  "time": 16.829812500000116,
  "tool": "orbit",
  "water": 101.15366864686207,
  "waterChecksum": 2362.8539614705815,
  "workLimited": false
}

$ agent-browser --session strata screenshot /home/pyro/projects/naked/sol61/02-hydraulic-erosion/evidence/screenshots/desktop-evolved.png
✓ Screenshot saved to /home/pyro/projects/naked/sol61/02-hydraulic-erosion/evidence/screenshots/desktop-evolved.png

$ agent-browser --session strata eval --stdin
{
  "canvasSize": [
    697,
    489
  ],
  "change": 0.14299391899839975,
  "deposited": 53.74792663901076,
  "devicePixelRatio": 1,
  "eroded": 88.17037501235404,
  "fps": 20.524155352068156,
  "geometryRevision": 244,
  "glError": 0,
  "heightChecksum": 39345.90386712463,
  "limited": 2985,
  "maxSpeed": 7.850941255639315,
  "maxWater": 1.338977932929993,
  "mode": "Shaded terrain",
  "n": 96,
  "paused": true,
  "recoveries": 0,
  "renderScale": 0.7,
  "sediment": 34.422448473084,
  "sedimentChecksum": 803.4146262737578,
  "seed": 4107,
  "simCost": 7.299999982118607,
  "steps": 706,
  "time": 16.829812500000116,
  "tool": "orbit",
  "water": 101.15366864686207,
  "waterChecksum": 2362.8539614705815,
  "workLimited": false
}

$ agent-browser --session strata select #mode 0
✓ Done

$ agent-browser --session strata wait 120
✓ Done

$ agent-browser --session strata eval --stdin
{
  "canvasSize": [
    697,
    489
  ],
  "change": 0.14299391899839975,
  "deposited": 53.74792663901076,
  "devicePixelRatio": 1,
  "eroded": 88.17037501235404,
  "fps": 24.326954265326037,
  "geometryRevision": 244,
  "glError": 0,
  "heightChecksum": 39345.90386712463,
  "limited": 2985,
  "maxSpeed": 7.850941255639315,
  "maxWater": 1.338977932929993,
  "mode": "Shaded terrain",
  "n": 96,
  "paused": true,
  "recoveries": 0,
  "renderScale": 0.7,
  "sediment": 34.422448473084,
  "sedimentChecksum": 803.4146262737578,
  "seed": 4107,
  "simCost": 7.299999982118607,
  "steps": 706,
  "time": 16.829812500000116,
  "tool": "orbit",
  "water": 101.15366864686207,
  "waterChecksum": 2362.8539614705815,
  "workLimited": false
}

$ agent-browser --session strata screenshot /home/pyro/projects/naked/sol61/02-hydraulic-erosion/evidence/screenshots/mode-0.png
✓ Screenshot saved to /home/pyro/projects/naked/sol61/02-hydraulic-erosion/evidence/screenshots/mode-0.png

$ agent-browser --session strata select #mode 1
✓ Done

$ agent-browser --session strata wait 120
✓ Done

$ agent-browser --session strata eval --stdin
{
  "canvasSize": [
    697,
    489
  ],
  "change": 0.14299391899839975,
  "deposited": 53.74792663901076,
  "devicePixelRatio": 1,
  "eroded": 88.17037501235404,
  "fps": 25,
  "geometryRevision": 244,
  "glError": 0,
  "heightChecksum": 39345.90386712463,
  "limited": 2985,
  "maxSpeed": 7.850941255639315,
  "maxWater": 1.338977932929993,
  "mode": "Elevation",
  "n": 96,
  "paused": true,
  "recoveries": 0,
  "renderScale": 0.7,
  "sediment": 34.422448473084,
  "sedimentChecksum": 803.4146262737578,
  "seed": 4107,
  "simCost": 7.299999982118607,
  "steps": 706,
  "time": 16.829812500000116,
  "tool": "orbit",
  "water": 101.15366864686207,
  "waterChecksum": 2362.8539614705815,
  "workLimited": false
}

$ agent-browser --session strata screenshot /home/pyro/projects/naked/sol61/02-hydraulic-erosion/evidence/screenshots/mode-1.png
✓ Screenshot saved to /home/pyro/projects/naked/sol61/02-hydraulic-erosion/evidence/screenshots/mode-1.png

$ agent-browser --session strata select #mode 2
✓ Done

$ agent-browser --session strata wait 120
✓ Done

$ agent-browser --session strata eval --stdin
{
  "canvasSize": [
    697,
    489
  ],
  "change": 0.14299391899839975,
  "deposited": 53.74792663901076,
  "devicePixelRatio": 1,
  "eroded": 88.17037501235404,
  "fps": 25,
  "geometryRevision": 244,
  "glError": 0,
  "heightChecksum": 39345.90386712463,
  "limited": 2985,
  "maxSpeed": 7.850941255639315,
  "maxWater": 1.338977932929993,
  "mode": "Water depth",
  "n": 96,
  "paused": true,
  "recoveries": 0,
  "renderScale": 0.7,
  "sediment": 34.422448473084,
  "sedimentChecksum": 803.4146262737578,
  "seed": 4107,
  "simCost": 7.299999982118607,
  "steps": 706,
  "time": 16.829812500000116,
  "tool": "orbit",
  "water": 101.15366864686207,
  "waterChecksum": 2362.8539614705815,
  "workLimited": false
}

$ agent-browser --session strata screenshot /home/pyro/projects/naked/sol61/02-hydraulic-erosion/evidence/screenshots/mode-2.png
✓ Screenshot saved to /home/pyro/projects/naked/sol61/02-hydraulic-erosion/evidence/screenshots/mode-2.png

$ agent-browser --session strata select #mode 3
✓ Done

$ agent-browser --session strata wait 120
✓ Done

$ agent-browser --session strata eval --stdin
{
  "canvasSize": [
    697,
    489
  ],
  "change": 0.14299391899839975,
  "deposited": 53.74792663901076,
  "devicePixelRatio": 1,
  "eroded": 88.17037501235404,
  "fps": 33.159639981051484,
  "geometryRevision": 244,
  "glError": 0,
  "heightChecksum": 39345.90386712463,
  "limited": 2985,
  "maxSpeed": 7.850941255639315,
  "maxWater": 1.338977932929993,
  "mode": "Sediment",
  "n": 96,
  "paused": true,
  "recoveries": 0,
  "renderScale": 0.7,
  "sediment": 34.422448473084,
  "sedimentChecksum": 803.4146262737578,
  "seed": 4107,
  "simCost": 7.299999982118607,
  "steps": 706,
  "time": 16.829812500000116,
  "tool": "orbit",
  "water": 101.15366864686207,
  "waterChecksum": 2362.8539614705815,
  "workLimited": false
}

$ agent-browser --session strata screenshot /home/pyro/projects/naked/sol61/02-hydraulic-erosion/evidence/screenshots/mode-3.png
✓ Screenshot saved to /home/pyro/projects/naked/sol61/02-hydraulic-erosion/evidence/screenshots/mode-3.png

$ agent-browser --session strata select #mode 4
✓ Done

$ agent-browser --session strata wait 120
✓ Done

$ agent-browser --session strata eval --stdin
{
  "canvasSize": [
    697,
    489
  ],
  "change": 0.14299391899839975,
  "deposited": 53.74792663901076,
  "devicePixelRatio": 1,
  "eroded": 88.17037501235404,
  "fps": 34.738670456340046,
  "geometryRevision": 244,
  "glError": 0,
  "heightChecksum": 39345.90386712463,
  "limited": 2985,
  "maxSpeed": 7.850941255639315,
  "maxWater": 1.338977932929993,
  "mode": "Erosion / deposition",
  "n": 96,
  "paused": true,
  "recoveries": 0,
  "renderScale": 0.7,
  "sediment": 34.422448473084,
  "sedimentChecksum": 803.4146262737578,
  "seed": 4107,
  "simCost": 7.299999982118607,
  "steps": 706,
  "time": 16.829812500000116,
  "tool": "orbit",
  "water": 101.15366864686207,
  "waterChecksum": 2362.8539614705815,
  "workLimited": false
}

$ agent-browser --session strata screenshot /home/pyro/projects/naked/sol61/02-hydraulic-erosion/evidence/screenshots/mode-4.png
✓ Screenshot saved to /home/pyro/projects/naked/sol61/02-hydraulic-erosion/evidence/screenshots/mode-4.png

$ agent-browser --session strata select #mode 5
✓ Done

$ agent-browser --session strata wait 120
✓ Done

$ agent-browser --session strata eval --stdin
{
  "canvasSize": [
    697,
    489
  ],
  "change": 0.14299391899839975,
  "deposited": 53.74792663901076,
  "devicePixelRatio": 1,
  "eroded": 88.17037501235404,
  "fps": 34.057735971456054,
  "geometryRevision": 244,
  "glError": 0,
  "heightChecksum": 39345.90386712463,
  "limited": 2985,
  "maxSpeed": 7.850941255639315,
  "maxWater": 1.338977932929993,
  "mode": "Slope",
  "n": 96,
  "paused": true,
  "recoveries": 0,
  "renderScale": 0.7,
  "sediment": 34.422448473084,
  "sedimentChecksum": 803.4146262737578,
  "seed": 4107,
  "simCost": 7.299999982118607,
  "steps": 706,
  "time": 16.829812500000116,
  "tool": "orbit",
  "water": 101.15366864686207,
  "waterChecksum": 2362.8539614705815,
  "workLimited": false
}

$ agent-browser --session strata screenshot /home/pyro/projects/naked/sol61/02-hydraulic-erosion/evidence/screenshots/mode-5.png
✓ Screenshot saved to /home/pyro/projects/naked/sol61/02-hydraulic-erosion/evidence/screenshots/mode-5.png

$ agent-browser --session strata select #mode 6
✓ Done

$ agent-browser --session strata wait 120
✓ Done

$ agent-browser --session strata eval --stdin
{
  "canvasSize": [
    697,
    489
  ],
  "change": 0.14299391899839975,
  "deposited": 53.74792663901076,
  "devicePixelRatio": 1,
  "eroded": 88.17037501235404,
  "fps": 35,
  "geometryRevision": 244,
  "glError": 0,
  "heightChecksum": 39345.90386712463,
  "limited": 2985,
  "maxSpeed": 7.850941255639315,
  "maxWater": 1.338977932929993,
  "mode": "Flow velocity",
  "n": 96,
  "paused": true,
  "recoveries": 0,
  "renderScale": 0.7,
  "sediment": 34.422448473084,
  "sedimentChecksum": 803.4146262737578,
  "seed": 4107,
  "simCost": 7.299999982118607,
  "steps": 706,
  "time": 16.829812500000116,
  "tool": "orbit",
  "water": 101.15366864686207,
  "waterChecksum": 2362.8539614705815,
  "workLimited": false
}

$ agent-browser --session strata screenshot /home/pyro/projects/naked/sol61/02-hydraulic-erosion/evidence/screenshots/mode-6.png
✓ Screenshot saved to /home/pyro/projects/naked/sol61/02-hydraulic-erosion/evidence/screenshots/mode-6.png

$ agent-browser --session strata select #mode 0
✓ Done

$ agent-browser --session strata scrollintoview #thermal
✓ Done

$ agent-browser --session strata focus #thermal
✓ Done

$ agent-browser --session strata press Home
✓ Done

$ agent-browser --session strata scrollintoview #erosion
✓ Done

$ agent-browser --session strata focus #erosion
✓ Done

$ agent-browser --session strata press Home
✓ Done

$ agent-browser --session strata scrollintoview #evaporation
✓ Done

$ agent-browser --session strata focus #evaporation
✓ Done

$ agent-browser --session strata press Home
✓ Done

$ agent-browser --session strata click #reset
✓ Done

$ agent-browser --session strata eval --stdin
{
  "canvasSize": [
    697,
    489
  ],
  "change": 0,
  "deposited": 0,
  "devicePixelRatio": 1,
  "eroded": 0,
  "fps": 19.458407653640435,
  "geometryRevision": 245,
  "glError": 0,
  "heightChecksum": 40147.48091633065,
  "limited": 0,
  "maxSpeed": 0,
  "maxWater": 0.04799911379814148,
  "mode": "Shaded terrain",
  "n": 96,
  "paused": true,
  "recoveries": 0,
  "renderScale": 0.7,
  "sediment": 0,
  "sedimentChecksum": 0,
  "seed": 4107,
  "simCost": 7.299999982118607,
  "steps": 0,
  "time": 0,
  "tool": "orbit",
  "water": 6.424988137282163,
  "waterChecksum": 150.40061457418443,
  "workLimited": false
}

$ agent-browser --session strata find role button click --name Resume simulation --exact
✓ Done

$ agent-browser --session strata wait --fn window.strata.diagnostics().time >= 5
true

$ agent-browser --session strata eval --stdin
{
  "canvasSize": [
    697,
    489
  ],
  "change": 2.131745633151796e-6,
  "deposited": -0.0013796792311295018,
  "devicePixelRatio": 1,
  "eroded": 0,
  "fps": 21.07994162477714,
  "geometryRevision": 275,
  "glError": 0,
  "heightChecksum": 40147.45097527481,
  "limited": 4805,
  "maxSpeed": 8.004738217651493,
  "maxWater": 0.8434545993804932,
  "mode": "Shaded terrain",
  "n": 96,
  "paused": false,
  "recoveries": 0,
  "renderScale": 0.7,
  "sediment": 0.0013796792403212611,
  "sedimentChecksum": 0.032239595973620555,
  "seed": 4107,
  "simCost": 7.799999982118607,
  "steps": 235,
  "time": 5.5283125000000455,
  "tool": "orbit",
  "water": 45.44534161542375,
  "waterChecksum": 1062.8976473518596,
  "workLimited": false
}

$ agent-browser --session strata find role button click --name Pause simulation --exact
✓ Done

$ agent-browser --session strata eval --stdin
{
  "canvasSize": [
    697,
    489
  ],
  "change": 2.476710101796521e-6,
  "deposited": -0.0016037950996732925,
  "devicePixelRatio": 1,
  "eroded": 0,
  "fps": 21.07994162477714,
  "geometryRevision": 281,
  "glError": 0,
  "heightChecksum": 40147.44610506363,
  "limited": 4475,
  "maxSpeed": 8.004253745881073,
  "maxWater": 0.905228555202484,
  "mode": "Shaded terrain",
  "n": 96,
  "paused": true,
  "recoveries": 0,
  "renderScale": 0.7,
  "sediment": 0.0016037951084651655,
  "sedimentChecksum": 0.037477602616542,
  "seed": 4107,
  "simCost": 9.599999994039536,
  "steps": 282,
  "time": 6.674437500000067,
  "tool": "orbit",
  "water": 53.53500374475077,
  "waterChecksum": 1252.1497303409703,
  "workLimited": false
}

$ agent-browser --session strata screenshot /home/pyro/projects/naked/sol61/02-hydraulic-erosion/evidence/screenshots/workflow-failure.png
✓ Screenshot saved to /home/pyro/projects/naked/sol61/02-hydraulic-erosion/evidence/screenshots/workflow-failure.png

$ agent-browser --session strata eval --stdin
{
  "canvasSize": [
    697,
    489
  ],
  "change": 0.02396223125914629,
  "deposited": 4.002058782406909,
  "devicePixelRatio": 1,
  "eroded": 13.58479356599562,
  "fps": 26.847757422615295,
  "geometryRevision": 27,
  "glError": 0,
  "heightChecksum": 39923.5559591444,
  "limited": 6038,
  "maxSpeed": 15.91383999566711,
  "maxWater": 0.4020863175392151,
  "mode": "Shaded terrain",
  "n": 96,
  "paused": true,
  "recoveries": 0,
  "renderScale": 0.7,
  "sediment": 9.582734820891952,
  "sedimentChecksum": 224.35026943419447,
  "seed": 4107,
  "simCost": 6.9000000059604645,
  "steps": 89,
  "time": 1.3554000000059605,
  "tool": "orbit",
  "water": 15.615518930329015,
  "waterChecksum": 365.26817213519087,
  "workLimited": false
}

$ agent-browser --session strata click #home
✓ Done

$ agent-browser --session strata eval --stdin
{
  "canvasSize": [
    697,
    489
  ],
  "change": 0.02396223125914629,
  "deposited": 4.002058782406909,
  "devicePixelRatio": 1,
  "eroded": 13.58479356599562,
  "fps": 26.847757422615295,
  "geometryRevision": 28,
  "glError": 0,
  "heightChecksum": 39923.5559591444,
  "limited": 6038,
  "maxSpeed": 15.91383999566711,
  "maxWater": 0.4020863175392151,
  "mode": "Shaded terrain",
  "n": 96,
  "paused": true,
  "recoveries": 0,
  "renderScale": 0.7,
  "sediment": 9.582734820891952,
  "sedimentChecksum": 224.35026943419447,
  "seed": 4107,
  "simCost": 6.9000000059604645,
  "steps": 89,
  "time": 1.3554000000059605,
  "tool": "orbit",
  "water": 15.615518930329015,
  "waterChecksum": 365.26817213519087,
  "workLimited": false
}

$ agent-browser --session strata wait 700
✓ Done

$ agent-browser --session strata eval --stdin
{
  "canvasSize": [
    697,
    489
  ],
  "change": 0.02396223125914629,
  "deposited": 4.002058782406909,
  "devicePixelRatio": 1,
  "eroded": 13.58479356599562,
  "fps": 29.995000833194496,
  "geometryRevision": 28,
  "glError": 0,
  "heightChecksum": 39923.5559591444,
  "limited": 6038,
  "maxSpeed": 15.91383999566711,
  "maxWater": 0.4020863175392151,
  "mode": "Shaded terrain",
  "n": 96,
  "paused": true,
  "recoveries": 0,
  "renderScale": 0.7,
  "sediment": 9.582734820891952,
  "sedimentChecksum": 224.35026943419447,
  "seed": 4107,
  "simCost": 6.9000000059604645,
  "steps": 89,
  "time": 1.3554000000059605,
  "tool": "orbit",
  "water": 15.615518930329015,
  "waterChecksum": 365.26817213519087,
  "workLimited": false
}

$ agent-browser --session strata eval --stdin
{
  "canvasSize": [
    697,
    489
  ],
  "change": 0.02396223125914629,
  "deposited": 4.002058782406909,
  "devicePixelRatio": 1,
  "eroded": 13.58479356599562,
  "fps": 29.995000833194496,
  "geometryRevision": 28,
  "glError": 0,
  "heightChecksum": 39923.5559591444,
  "limited": 6038,
  "maxSpeed": 15.91383999566711,
  "maxWater": 0.4020863175392151,
  "mode": "Shaded terrain",
  "n": 96,
  "paused": true,
  "recoveries": 0,
  "renderScale": 0.7,
  "sediment": 9.582734820891952,
  "sedimentChecksum": 224.35026943419447,
  "seed": 4107,
  "simCost": 6.9000000059604645,
  "steps": 89,
  "time": 1.3554000000059605,
  "tool": "orbit",
  "water": 15.615518930329015,
  "waterChecksum": 365.26817213519087,
  "workLimited": false
}

$ agent-browser --session strata eval --stdin
{
  "canvasSize": [
    697,
    489
  ],
  "change": 0.02396223125914629,
  "deposited": 4.002058782406909,
  "devicePixelRatio": 1,
  "eroded": 13.58479356599562,
  "fps": 29.995000833194496,
  "geometryRevision": 28,
  "glError": 0,
  "heightChecksum": 39923.5559591444,
  "limited": 6038,
  "maxSpeed": 15.91383999566711,
  "maxWater": 0.4020863175392151,
  "mode": "Shaded terrain",
  "n": 96,
  "paused": true,
  "recoveries": 0,
  "renderScale": 0.7,
  "sediment": 9.582734820891952,
  "sedimentChecksum": 224.35026943419447,
  "seed": 4107,
  "simCost": 6.9000000059604645,
  "steps": 89,
  "time": 1.3554000000059605,
  "tool": "orbit",
  "water": 15.615518930329015,
  "waterChecksum": 365.26817213519087,
  "workLimited": false
}

$ agent-browser --session strata find role button click --name Single simulation step --exact
✓ Done

$ agent-browser --session strata eval --stdin
{
  "canvasSize": [
    697,
    489
  ],
  "change": 0.024177344687308908,
  "deposited": 4.092239097768286,
  "devicePixelRatio": 1,
  "eroded": 13.680448305052003,
  "fps": 30.819140308191404,
  "geometryRevision": 29,
  "glError": 0,
  "heightChecksum": 39923.46591388882,
  "limited": 6182,
  "maxSpeed": 8.51354631488499,
  "maxWater": 0.40246346592903137,
  "mode": "Shaded terrain",
  "n": 96,
  "paused": true,
  "recoveries": 0,
  "renderScale": 0.7,
  "sediment": 9.58820925222562,
  "sedimentChecksum": 224.45572326331109,
  "seed": 4107,
  "simCost": 6.9000000059604645,
  "steps": 90,
  "time": 1.3804000000059602,
  "tool": "orbit",
  "water": 15.782109078437276,
  "waterChecksum": 369.1599973726272,
  "workLimited": false
}

$ agent-browser --session strata find role button click --name Reset simulation --exact
✓ Done

$ agent-browser --session strata eval --stdin
{
  "canvasSize": [
    697,
    489
  ],
  "change": 0,
  "deposited": 0,
  "devicePixelRatio": 1,
  "eroded": 0,
  "fps": 30.819140308191404,
  "geometryRevision": 30,
  "glError": 0,
  "heightChecksum": 40147.48091633065,
  "limited": 0,
  "maxSpeed": 0,
  "maxWater": 0.04799911379814148,
  "mode": "Shaded terrain",
  "n": 96,
  "paused": true,
  "recoveries": 0,
  "renderScale": 0.7,
  "sediment": 0,
  "sedimentChecksum": 0,
  "seed": 4107,
  "simCost": 6.9000000059604645,
  "steps": 0,
  "time": 0,
  "tool": "orbit",
  "water": 6.424988137282163,
  "waterChecksum": 150.40061457418443,
  "workLimited": false
}

$ agent-browser --session strata screenshot /home/pyro/projects/naked/sol61/02-hydraulic-erosion/evidence/screenshots/desktop-reset.png
✓ Screenshot saved to /home/pyro/projects/naked/sol61/02-hydraulic-erosion/evidence/screenshots/desktop-reset.png

$ agent-browser --session strata eval --stdin
{
  "canvasSize": [
    697,
    489
  ],
  "change": 0,
  "deposited": 0,
  "devicePixelRatio": 1,
  "eroded": 0,
  "fps": 29.18761148046048,
  "geometryRevision": 30,
  "glError": 0,
  "heightChecksum": 40147.48091633065,
  "limited": 0,
  "maxSpeed": 0,
  "maxWater": 0.04799911379814148,
  "mode": "Shaded terrain",
  "n": 96,
  "paused": true,
  "recoveries": 0,
  "renderScale": 0.7,
  "sediment": 0,
  "sedimentChecksum": 0,
  "seed": 4107,
  "simCost": 6.9000000059604645,
  "steps": 0,
  "time": 0,
  "tool": "orbit",
  "water": 6.424988137282163,
  "waterChecksum": 150.40061457418443,
  "workLimited": false
}

$ agent-browser --session strata find role button click --name Raise terrain --exact
✓ Done

$ agent-browser --session strata eval --stdin
{
  "x": 726.8961276964664,
  "y": 323.1049210792807
}

$ agent-browser --session strata mouse move 727 323
✓ Done

$ agent-browser --session strata mouse down
✓ Done

$ agent-browser --session strata eval --stdin
{
  "x": 800.7586247238439,
  "y": 387.9871884181662
}

$ agent-browser --session strata mouse move 745 339
✓ Done

$ agent-browser --session strata mouse move 764 356
✓ Done

$ agent-browser --session strata mouse move 782 372
✓ Done

$ agent-browser --session strata mouse move 801 388
✓ Done

$ agent-browser --session strata mouse up
✓ Done

$ agent-browser --session strata eval --stdin
{
  "canvasSize": [
    697,
    489
  ],
  "change": 0.005181657434958551,
  "deposited": 0,
  "devicePixelRatio": 1,
  "eroded": 0,
  "fps": 29.187611480460568,
  "geometryRevision": 60,
  "glError": 0,
  "heightChecksum": 40220.113594557464,
  "limited": 0,
  "maxSpeed": 0,
  "maxWater": 0.04799911379814148,
  "mode": "Shaded terrain",
  "n": 96,
  "paused": true,
  "recoveries": 0,
  "renderScale": 0.7,
  "sediment": 0,
  "sedimentChecksum": 0,
  "seed": 4107,
  "simCost": 6.9000000059604645,
  "steps": 0,
  "time": 0,
  "tool": "raise",
  "water": 6.424988137282163,
  "waterChecksum": 150.40061457418443,
  "workLimited": false
}

$ agent-browser --session strata screenshot /home/pyro/projects/naked/sol61/02-hydraulic-erosion/evidence/screenshots/desktop-raised-brush.png
✓ Screenshot saved to /home/pyro/projects/naked/sol61/02-hydraulic-erosion/evidence/screenshots/desktop-raised-brush.png

$ agent-browser --session strata eval --stdin
{
  "canvasSize": [
    697,
    489
  ],
  "change": 0.005181657434958551,
  "deposited": 0,
  "devicePixelRatio": 1,
  "eroded": 0,
  "fps": 30.819140308191404,
  "geometryRevision": 60,
  "glError": 0,
  "heightChecksum": 40220.113594557464,
  "limited": 0,
  "maxSpeed": 0,
  "maxWater": 0.04799911379814148,
  "mode": "Shaded terrain",
  "n": 96,
  "paused": true,
  "recoveries": 0,
  "renderScale": 0.7,
  "sediment": 0,
  "sedimentChecksum": 0,
  "seed": 4107,
  "simCost": 6.9000000059604645,
  "steps": 0,
  "time": 0,
  "tool": "raise",
  "water": 6.424988137282163,
  "waterChecksum": 150.40061457418443,
  "workLimited": false
}

$ agent-browser --session strata find role button click --name Lower terrain --exact
✓ Done

$ agent-browser --session strata eval --stdin
{
  "x": 725.676560809813,
  "y": 297.06233764656827
}

$ agent-browser --session strata mouse move 726 297
✓ Done

$ agent-browser --session strata mouse down
✓ Done

$ agent-browser --session strata mouse up
✓ Done

$ agent-browser --session strata eval --stdin
{
  "canvasSize": [
    697,
    489
  ],
  "change": 0.002241212408989668,
  "deposited": 0,
  "devicePixelRatio": 1,
  "eroded": 0,
  "fps": 28.333333333333332,
  "geometryRevision": 79,
  "glError": 0,
  "heightChecksum": 40176.35972761172,
  "limited": 0,
  "maxSpeed": 0,
  "maxWater": 0.04799911379814148,
  "mode": "Shaded terrain",
  "n": 96,
  "paused": true,
  "recoveries": 0,
  "renderScale": 0.7,
  "sediment": 0,
  "sedimentChecksum": 0,
  "seed": 4107,
  "simCost": 6.9000000059604645,
  "steps": 0,
  "time": 0,
  "tool": "lower",
  "water": 6.424988137282163,
  "waterChecksum": 150.40061457418443,
  "workLimited": false
}

$ agent-browser --session strata eval --stdin
{
  "canvasSize": [
    697,
    489
  ],
  "change": 0.002241212408989668,
  "deposited": 0,
  "devicePixelRatio": 1,
  "eroded": 0,
  "fps": 28.333333333333332,
  "geometryRevision": 79,
  "glError": 0,
  "heightChecksum": 40176.35972761172,
  "limited": 0,
  "maxSpeed": 0,
  "maxWater": 0.04799911379814148,
  "mode": "Shaded terrain",
  "n": 96,
  "paused": true,
  "recoveries": 0,
  "renderScale": 0.7,
  "sediment": 0,
  "sedimentChecksum": 0,
  "seed": 4107,
  "simCost": 6.9000000059604645,
  "steps": 0,
  "time": 0,
  "tool": "lower",
  "water": 6.424988137282163,
  "waterChecksum": 150.40061457418443,
  "workLimited": false
}

$ agent-browser --session strata eval --stdin
{
  "canvasSize": [
    697,
    489
  ],
  "change": 0.002241212408989668,
  "deposited": 0,
  "devicePixelRatio": 1,
  "eroded": 0,
  "fps": 28.333333333333332,
  "geometryRevision": 79,
  "glError": 0,
  "heightChecksum": 40176.35972761172,
  "limited": 0,
  "maxSpeed": 0,
  "maxWater": 0.04799911379814148,
  "mode": "Shaded terrain",
  "n": 96,
  "paused": true,
  "recoveries": 0,
  "renderScale": 0.7,
  "sediment": 0,
  "sedimentChecksum": 0,
  "seed": 4107,
  "simCost": 6.9000000059604645,
  "steps": 0,
  "time": 0,
  "tool": "lower",
  "water": 6.424988137282163,
  "waterChecksum": 150.40061457418443,
  "workLimited": false
}

$ agent-browser --session strata find role button click --name Smooth terrain --exact
✓ Done

$ agent-browser --session strata eval --stdin
{
  "x": 726.9420340503752,
  "y": 324.0852035589429
}

$ agent-browser --session strata mouse move 727 324
✓ Done

$ agent-browser --session strata mouse down
✓ Done

$ agent-browser --session strata mouse up
✓ Done

$ agent-browser --session strata eval --stdin
{
  "canvasSize": [
    697,
    489
  ],
  "change": 0.002487855859928661,
  "deposited": 0,
  "devicePixelRatio": 1,
  "eroded": 0,
  "fps": 29.187611480460568,
  "geometryRevision": 97,
  "glError": 0,
  "heightChecksum": 40172.93147000191,
  "limited": 0,
  "maxSpeed": 0,
  "maxWater": 0.04799911379814148,
  "mode": "Shaded terrain",
  "n": 96,
  "paused": true,
  "recoveries": 0,
  "renderScale": 0.7,
  "sediment": 0,
  "sedimentChecksum": 0,
  "seed": 4107,
  "simCost": 6.9000000059604645,
  "steps": 0,
  "time": 0,
  "tool": "smooth",
  "water": 6.424988137282163,
  "waterChecksum": 150.40061457418443,
  "workLimited": false
}

$ agent-browser --session strata eval --stdin
{
  "canvasSize": [
    697,
    489
  ],
  "change": 0.002487855859928661,
  "deposited": 0,
  "devicePixelRatio": 1,
  "eroded": 0,
  "fps": 29.187611480460568,
  "geometryRevision": 97,
  "glError": 0,
  "heightChecksum": 40172.93147000191,
  "limited": 0,
  "maxSpeed": 0,
  "maxWater": 0.04799911379814148,
  "mode": "Shaded terrain",
  "n": 96,
  "paused": true,
  "recoveries": 0,
  "renderScale": 0.7,
  "sediment": 0,
  "sedimentChecksum": 0,
  "seed": 4107,
  "simCost": 6.9000000059604645,
  "steps": 0,
  "time": 0,
  "tool": "smooth",
  "water": 6.424988137282163,
  "waterChecksum": 150.40061457418443,
  "workLimited": false
}

$ agent-browser --session strata eval --stdin
{
  "canvasSize": [
    697,
    489
  ],
  "change": 0.002487855859928661,
  "deposited": 0,
  "devicePixelRatio": 1,
  "eroded": 0,
  "fps": 29.187611480460568,
  "geometryRevision": 97,
  "glError": 0,
  "heightChecksum": 40172.93147000191,
  "limited": 0,
  "maxSpeed": 0,
  "maxWater": 0.04799911379814148,
  "mode": "Shaded terrain",
  "n": 96,
  "paused": true,
  "recoveries": 0,
  "renderScale": 0.7,
  "sediment": 0,
  "sedimentChecksum": 0,
  "seed": 4107,
  "simCost": 6.9000000059604645,
  "steps": 0,
  "time": 0,
  "tool": "smooth",
  "water": 6.424988137282163,
  "waterChecksum": 150.40061457418443,
  "workLimited": false
}

$ agent-browser --session strata find role button click --name Flatten terrain --exact
✓ Done

$ agent-browser --session strata eval --stdin
{
  "x": 727.1625709618893,
  "y": 328.7945401119047
}

$ agent-browser --session strata mouse move 727 329
✓ Done

$ agent-browser --session strata mouse down
✓ Done

$ agent-browser --session strata mouse up
✓ Done

$ agent-browser --session strata eval --stdin
{
  "canvasSize": [
    697,
    489
  ],
  "change": 0.003175885390697254,
  "deposited": 0,
  "devicePixelRatio": 1,
  "eroded": 0,
  "fps": 25,
  "geometryRevision": 113,
  "glError": 0,
  "heightChecksum": 40169.906610181926,
  "limited": 0,
  "maxSpeed": 0,
  "maxWater": 0.04799911379814148,
  "mode": "Shaded terrain",
  "n": 96,
  "paused": true,
  "recoveries": 0,
  "renderScale": 0.7,
  "sediment": 0,
  "sedimentChecksum": 0,
  "seed": 4107,
  "simCost": 6.9000000059604645,
  "steps": 0,
  "time": 0,
  "tool": "flatten",
  "water": 6.424988137282163,
  "waterChecksum": 150.40061457418443,
  "workLimited": false
}

$ agent-browser --session strata eval --stdin
{
  "canvasSize": [
    697,
    489
  ],
  "change": 0.003175885390697254,
  "deposited": 0,
  "devicePixelRatio": 1,
  "eroded": 0,
  "fps": 25,
  "geometryRevision": 113,
  "glError": 0,
  "heightChecksum": 40169.906610181926,
  "limited": 0,
  "maxSpeed": 0,
  "maxWater": 0.04799911379814148,
  "mode": "Shaded terrain",
  "n": 96,
  "paused": true,
  "recoveries": 0,
  "renderScale": 0.7,
  "sediment": 0,
  "sedimentChecksum": 0,
  "seed": 4107,
  "simCost": 6.9000000059604645,
  "steps": 0,
  "time": 0,
  "tool": "flatten",
  "water": 6.424988137282163,
  "waterChecksum": 150.40061457418443,
  "workLimited": false
}

$ agent-browser --session strata eval --stdin
{
  "canvasSize": [
    697,
    489
  ],
  "change": 0.003175885390697254,
  "deposited": 0,
  "devicePixelRatio": 1,
  "eroded": 0,
  "fps": 25,
  "geometryRevision": 113,
  "glError": 0,
  "heightChecksum": 40169.906610181926,
  "limited": 0,
  "maxSpeed": 0,
  "maxWater": 0.04799911379814148,
  "mode": "Shaded terrain",
  "n": 96,
  "paused": true,
  "recoveries": 0,
  "renderScale": 0.7,
  "sediment": 0,
  "sedimentChecksum": 0,
  "seed": 4107,
  "simCost": 6.9000000059604645,
  "steps": 0,
  "time": 0,
  "tool": "flatten",
  "water": 6.424988137282163,
  "waterChecksum": 150.40061457418443,
  "workLimited": false
}

$ agent-browser --session strata find role button click --name Add water --exact
✓ Done

$ agent-browser --session strata eval --stdin
{
  "x": 727.2561127488631,
  "y": 330.79202775966655
}

$ agent-browser --session strata mouse move 727 331
✓ Done

$ agent-browser --session strata mouse down
✓ Done

$ agent-browser --session strata eval --stdin
{
  "x": 766.5941528012528,
  "y": 376.05682325236666
}

$ agent-browser --session strata mouse move 737 342
✓ Done

$ agent-browser --session strata mouse move 747 353
✓ Done

$ agent-browser --session strata mouse move 757 365
✓ Done

$ agent-browser --session strata mouse move 767 376
✓ Done

$ agent-browser --session strata mouse up
✓ Done

$ agent-browser --session strata eval --stdin
{
  "canvasSize": [
    697,
    489
  ],
  "change": 0.003175885390697254,
  "deposited": 0,
  "devicePixelRatio": 1,
  "eroded": 0,
  "fps": 28.333333333333332,
  "geometryRevision": 147,
  "glError": 0,
  "heightChecksum": 40169.906610181926,
  "limited": 0,
  "maxSpeed": 0,
  "maxWater": 1.5273314714431765,
  "mode": "Shaded terrain",
  "n": 96,
  "paused": true,
  "recoveries": 0,
  "renderScale": 0.7,
  "sediment": 0,
  "sedimentChecksum": 0,
  "seed": 4107,
  "simCost": 6.9000000059604645,
  "steps": 0,
  "time": 0,
  "tool": "water",
  "water": 9.924502095674214,
  "waterChecksum": 233.86371108347743,
  "workLimited": false
}

$ agent-browser --session strata screenshot /home/pyro/projects/naked/sol61/02-hydraulic-erosion/evidence/screenshots/desktop-water-injection.png
✓ Screenshot saved to /home/pyro/projects/naked/sol61/02-hydraulic-erosion/evidence/screenshots/desktop-water-injection.png

$ agent-browser --session strata eval --stdin
{
  "canvasSize": [
    697,
    489
  ],
  "change": 0.003175885390697254,
  "deposited": 0,
  "devicePixelRatio": 1,
  "eroded": 0,
  "fps": 28.333333333333332,
  "geometryRevision": 147,
  "glError": 0,
  "heightChecksum": 40169.906610181926,
  "limited": 0,
  "maxSpeed": 0,
  "maxWater": 1.5273314714431765,
  "mode": "Shaded terrain",
  "n": 96,
  "paused": true,
  "recoveries": 0,
  "renderScale": 0.7,
  "sediment": 0,
  "sedimentChecksum": 0,
  "seed": 4107,
  "simCost": 6.9000000059604645,
  "steps": 0,
  "time": 0,
  "tool": "water",
  "water": 9.924502095674214,
  "waterChecksum": 233.86371108347743,
  "workLimited": false
}

$ agent-browser --session strata find role button click --name Add sediment --exact
✓ Done

$ agent-browser --session strata eval --stdin
{
  "x": 727.2561127488631,
  "y": 330.79202775966655
}

$ agent-browser --session strata mouse move 727 331
✓ Done

$ agent-browser --session strata mouse down
✓ Done

$ agent-browser --session strata mouse up
✓ Done

$ agent-browser --session strata eval --stdin
{
  "canvasSize": [
    697,
    489
  ],
  "change": 0.003175885390697254,
  "deposited": 0,
  "devicePixelRatio": 1,
  "eroded": 0,
  "fps": 28.333333333333332,
  "geometryRevision": 168,
  "glError": 0,
  "heightChecksum": 40169.906610181926,
  "limited": 0,
  "maxSpeed": 0,
  "maxWater": 1.5273314714431765,
  "mode": "Shaded terrain",
  "n": 96,
  "paused": true,
  "recoveries": 0,
  "renderScale": 0.7,
  "sediment": 0.557547033921818,
  "sedimentChecksum": 13.35598821594886,
  "seed": 4107,
  "simCost": 6.9000000059604645,
  "steps": 0,
  "time": 0,
  "tool": "sediment",
  "water": 9.924502095674214,
  "waterChecksum": 233.86371108347743,
  "workLimited": false
}

$ agent-browser --session strata eval --stdin
{
  "canvasSize": [
    697,
    489
  ],
  "change": 0.003175885390697254,
  "deposited": 0,
  "devicePixelRatio": 1,
  "eroded": 0,
  "fps": 30,
  "geometryRevision": 168,
  "glError": 0,
  "heightChecksum": 40169.906610181926,
  "limited": 0,
  "maxSpeed": 0,
  "maxWater": 1.5273314714431765,
  "mode": "Shaded terrain",
  "n": 96,
  "paused": true,
  "recoveries": 0,
  "renderScale": 0.7,
  "sediment": 0.557547033921818,
  "sedimentChecksum": 13.35598821594886,
  "seed": 4107,
  "simCost": 6.9000000059604645,
  "steps": 0,
  "time": 0,
  "tool": "sediment",
  "water": 9.924502095674214,
  "waterChecksum": 233.86371108347743,
  "workLimited": false
}

$ agent-browser --session strata eval --stdin
{
  "canvasSize": [
    697,
    489
  ],
  "change": 0.003175885390697254,
  "deposited": 0,
  "devicePixelRatio": 1,
  "eroded": 0,
  "fps": 30,
  "geometryRevision": 168,
  "glError": 0,
  "heightChecksum": 40169.906610181926,
  "limited": 0,
  "maxSpeed": 0,
  "maxWater": 1.5273314714431765,
  "mode": "Shaded terrain",
  "n": 96,
  "paused": true,
  "recoveries": 0,
  "renderScale": 0.7,
  "sediment": 0.557547033921818,
  "sedimentChecksum": 13.35598821594886,
  "seed": 4107,
  "simCost": 6.9000000059604645,
  "steps": 0,
  "time": 0,
  "tool": "sediment",
  "water": 9.924502095674214,
  "waterChecksum": 233.86371108347743,
  "workLimited": false
}

$ agent-browser --session strata find role button click --name Dry area --exact
✓ Done

$ agent-browser --session strata eval --stdin
{
  "x": 727.2561127488631,
  "y": 330.79202775966655
}

$ agent-browser --session strata mouse move 727 331
✓ Done

$ agent-browser --session strata mouse down
✓ Done

$ agent-browser --session strata mouse up
✓ Done

$ agent-browser --session strata eval --stdin
{
  "canvasSize": [
    697,
    489
  ],
  "change": 0.003175885390697254,
  "deposited": 0,
  "devicePixelRatio": 1,
  "eroded": 0,
  "fps": 30,
  "geometryRevision": 185,
  "glError": 0,
  "heightChecksum": 40169.906610181926,
  "limited": 0,
  "maxSpeed": 0,
  "maxWater": 0.4956762492656708,
  "mode": "Shaded terrain",
  "n": 96,
  "paused": true,
  "recoveries": 0,
  "renderScale": 0.7,
  "sediment": 0.557547033921818,
  "sedimentChecksum": 13.35598821594886,
  "seed": 4107,
  "simCost": 6.9000000059604645,
  "steps": 0,
  "time": 0,
  "tool": "dry",
  "water": 8.0457667579215,
  "waterChecksum": 188.8587779925832,
  "workLimited": false
}

$ agent-browser --session strata eval --stdin
{
  "canvasSize": [
    697,
    489
  ],
  "change": 0.003175885390697254,
  "deposited": 0,
  "devicePixelRatio": 1,
  "eroded": 0,
  "fps": 28.42703727100439,
  "geometryRevision": 185,
  "glError": 0,
  "heightChecksum": 40169.906610181926,
  "limited": 0,
  "maxSpeed": 0,
  "maxWater": 0.4956762492656708,
  "mode": "Shaded terrain",
  "n": 96,
  "paused": true,
  "recoveries": 0,
  "renderScale": 0.7,
  "sediment": 0.557547033921818,
  "sedimentChecksum": 13.35598821594886,
  "seed": 4107,
  "simCost": 6.9000000059604645,
  "steps": 0,
  "time": 0,
  "tool": "dry",
  "water": 8.0457667579215,
  "waterChecksum": 188.8587779925832,
  "workLimited": false
}

$ agent-browser --session strata find role button click --name Inspect terrain --exact
✓ Done

$ agent-browser --session strata eval --stdin
{
  "x": 766.5941528012528,
  "y": 376.05682325236666
}

$ agent-browser --session strata mouse move 767 376
✓ Done

$ agent-browser --session strata mouse down
✓ Done

$ agent-browser --session strata mouse up
✓ Done

$ agent-browser --session strata eval --stdin
true

$ agent-browser --session strata eval --stdin
"SURFACE PROBE\nX 0.4 · Z 1.4 m\nElevation\n4.149 m\nWater depth\n181.8 mm\nSediment\n0.000 m³/m³\nBed change\n+85.2 mm\nFlow speed\n0.00 m/s\nSlope\n39.9°\nPinned · inspect click to release"

$ agent-browser --session strata screenshot /home/pyro/projects/naked/sol61/02-hydraulic-erosion/evidence/screenshots/desktop-probe.png
✓ Screenshot saved to /home/pyro/projects/naked/sol61/02-hydraulic-erosion/evidence/screenshots/desktop-probe.png

$ agent-browser --session strata find role button click --name Orbit camera --exact
✓ Done

$ agent-browser --session strata eval --stdin
{
  "distance": 43,
  "phi": 0.83,
  "target": [
    0,
    1.2,
    0
  ],
  "theta": 0.68
}

$ agent-browser --session strata eval --stdin
{
  "canvasSize": [
    697,
    489
  ],
  "change": 0.003175885390697254,
  "deposited": 0,
  "devicePixelRatio": 1,
  "eroded": 0,
  "fps": 29.192345118391245,
  "geometryRevision": 185,
  "glError": 0,
  "heightChecksum": 40169.906610181926,
  "limited": 0,
  "maxSpeed": 0,
  "maxWater": 0.4956762492656708,
  "mode": "Shaded terrain",
  "n": 96,
  "paused": true,
  "recoveries": 0,
  "renderScale": 0.7,
  "sediment": 0.557547033921818,
  "sedimentChecksum": 13.35598821594886,
  "seed": 4107,
  "simCost": 6.9000000059604645,
  "steps": 0,
  "time": 0,
  "tool": "orbit",
  "water": 8.0457667579215,
  "waterChecksum": 188.8587779925832,
  "workLimited": false
}

$ agent-browser --session strata mouse move 760 420
✓ Done

$ agent-browser --session strata mouse down
✓ Done

$ agent-browser --session strata mouse move 890 460
✓ Done

$ agent-browser --session strata mouse up
✓ Done

$ agent-browser --session strata eval --stdin
{
  "distance": 43,
  "phi": 1.0699999999999998,
  "target": [
    0,
    1.2,
    0
  ],
  "theta": -0.09999999999999998
}

$ agent-browser --session strata eval --stdin
{
  "canvasSize": [
    697,
    489
  ],
  "change": 0.003175885390697254,
  "deposited": 0,
  "devicePixelRatio": 1,
  "eroded": 0,
  "fps": 29.192345118391245,
  "geometryRevision": 185,
  "glError": 0,
  "heightChecksum": 40169.906610181926,
  "limited": 0,
  "maxSpeed": 0,
  "maxWater": 0.4956762492656708,
  "mode": "Shaded terrain",
  "n": 96,
  "paused": true,
  "recoveries": 0,
  "renderScale": 0.7,
  "sediment": 0.557547033921818,
  "sedimentChecksum": 13.35598821594886,
  "seed": 4107,
  "simCost": 6.9000000059604645,
  "steps": 0,
  "time": 0,
  "tool": "orbit",
  "water": 8.0457667579215,
  "waterChecksum": 188.8587779925832,
  "workLimited": false
}

$ agent-browser --session strata eval --stdin
{
  "distance": 43,
  "phi": 1.0699999999999998,
  "target": [
    0,
    1.2,
    0
  ],
  "theta": -0.09999999999999998
}

$ agent-browser --session strata eval --stdin
{
  "distance": 43,
  "phi": 1.0699999999999998,
  "target": [
    0,
    1.2,
    0
  ],
  "theta": -0.09999999999999998
}

$ agent-browser --session strata mouse move 760 420
✓ Done

$ agent-browser --session strata mouse down right
✓ Done

$ agent-browser --session strata mouse move 830 440
✓ Done

$ agent-browser --session strata mouse up right
✓ Done

$ agent-browser --session strata eval --stdin
{
  "distance": 43,
  "phi": 1.0699999999999998,
  "target": [
    -4.621228913704695,
    1.2,
    0.8328074970482245
  ],
  "theta": -0.09999999999999998
}

$ agent-browser --session strata eval --stdin
{
  "distance": 43,
  "phi": 1.0699999999999998,
  "target": [
    -4.621228913704695,
    1.2,
    0.8328074970482245
  ],
  "theta": -0.09999999999999998
}

$ agent-browser --session strata eval --stdin
{
  "distance": 43,
  "phi": 1.0699999999999998,
  "target": [
    -4.621228913704695,
    1.2,
    0.8328074970482245
  ],
  "theta": -0.09999999999999998
}

{
  "op": "wheel",
  "values": [
    830,
    440,
    -240
  ],
  "before": {
    "camera": {
      "theta": -0.09999999999999998,
      "phi": 1.0699999999999998,
      "distance": 43,
      "target": [
        -4.621228913704695,
        1.2,
        0.8328074970482245
      ]
    },
    "diagnostics": {
      "water": 8.0457667579215,
      "sediment": 0.557547033921818,
      "change": 0.003175885390697254,
      "maxWater": 0.4956762492656708,
      "maxSpeed": 0,
      "eroded": 0,
      "deposited": 0,
      "time": 0,
      "steps": 0,
      "recoveries": 0,
      "limited": 0,
      "n": 96,
      "paused": true,
      "mode": "Shaded terrain",
      "tool": "orbit",
      "seed": 4107,
      "geometryRevision": 185,
      "heightChecksum": 40169.906610181926,
      "waterChecksum": 188.8587779925832,
      "sedimentChecksum": 13.35598821594886,
      "fps": 26.843518079898974,
      "simCost": 6.9000000059604645,
      "workLimited": false,
      "canvasSize": [
        697,
        489
      ],
      "renderScale": 0.7,
      "devicePixelRatio": 1,
      "glError": 0
    }
  },
  "after": {
    "camera": {
      "theta": -0.09999999999999998,
      "phi": 1.0699999999999998,
      "distance": 33.824998025861795,
      "target": [
        -4.621228913704695,
        1.2,
        0.8328074970482245
      ]
    },
    "diagnostics": {
      "water": 8.0457667579215,
      "sediment": 0.557547033921818,
      "change": 0.003175885390697254,
      "maxWater": 0.4956762492656708,
      "maxSpeed": 0,
      "eroded": 0,
      "deposited": 0,
      "time": 0,
      "steps": 0,
      "recoveries": 0,
      "limited": 0,
      "n": 96,
      "paused": true,
      "mode": "Shaded terrain",
      "tool": "orbit",
      "seed": 4107,
      "geometryRevision": 185,
      "heightChecksum": 40169.906610181926,
      "waterChecksum": 188.8587779925832,
      "sedimentChecksum": 13.35598821594886,
      "fps": 30.8141420694128,
      "simCost": 6.9000000059604645,
      "workLimited": false,
      "canvasSize": [
        697,
        489
      ],
      "renderScale": 0.7,
      "devicePixelRatio": 1,
      "glError": 0
    }
  }
}
$ agent-browser --session strata eval --stdin
{
  "distance": 33.824998025861795,
  "phi": 1.0699999999999998,
  "target": [
    -4.621228913704695,
    1.2,
    0.8328074970482245
  ],
  "theta": -0.09999999999999998
}

$ agent-browser --session strata eval --stdin
{
  "distance": 33.824998025861795,
  "phi": 1.0699999999999998,
  "target": [
    -4.621228913704695,
    1.2,
    0.8328074970482245
  ],
  "theta": -0.09999999999999998
}

$ agent-browser --session strata find role button click --name Reset camera view --exact
✓ Done

$ agent-browser --session strata find role button click --name Reset simulation --exact
✓ Done

$ agent-browser --session strata eval --stdin
{
  "canvasSize": [
    697,
    489
  ],
  "change": 0,
  "deposited": 0,
  "devicePixelRatio": 1,
  "eroded": 0,
  "fps": 28.333333333333332,
  "geometryRevision": 187,
  "glError": 0,
  "heightChecksum": 40147.48091633065,
  "limited": 0,
  "maxSpeed": 0,
  "maxWater": 0.04799911379814148,
  "mode": "Shaded terrain",
  "n": 96,
  "paused": true,
  "recoveries": 0,
  "renderScale": 0.7,
  "sediment": 0,
  "sedimentChecksum": 0,
  "seed": 4107,
  "simCost": 6.9000000059604645,
  "steps": 0,
  "time": 0,
  "tool": "orbit",
  "water": 6.424988137282163,
  "waterChecksum": 150.40061457418443,
  "workLimited": false
}

$ agent-browser --session strata focus #speed
✓ Done

$ agent-browser --session strata press End
✓ Done

$ agent-browser --session strata select #substeps 8
✓ Done

$ agent-browser --session strata find role button click --name Resume simulation --exact
✓ Done

$ agent-browser --session strata wait --fn window.strata.diagnostics().time >= 15
true

$ agent-browser --session strata eval --stdin
{
  "canvasSize": [
    697,
    489
  ],
  "change": 0.13445123350700466,
  "deposited": 47.557214858735875,
  "devicePixelRatio": 1,
  "eroded": 80.69733019699193,
  "fps": 24.3230095670504,
  "geometryRevision": 275,
  "glError": 0,
  "heightChecksum": 39376.930178224866,
  "limited": 3142,
  "maxSpeed": 7.357384175448337,
  "maxWater": 1.2435129880905151,
  "mode": "Shaded terrain",
  "n": 96,
  "paused": false,
  "recoveries": 0,
  "renderScale": 0.7,
  "sediment": 33.14011574146971,
  "sedimentChecksum": 774.0991440344429,
  "seed": 4107,
  "simCost": 7.399999976158142,
  "steps": 665,
  "time": 15.37373437500006,
  "tool": "orbit",
  "water": 94.4409145298815,
  "waterChecksum": 2205.095205066325,
  "workLimited": false
}

$ agent-browser --session strata find role button click --name Pause simulation --exact
✓ Done

$ agent-browser --session strata eval --stdin
{
  "canvasSize": [
    697,
    489
  ],
  "change": 0.13950909184253155,
  "deposited": 50.27413682490696,
  "devicePixelRatio": 1,
  "eroded": 84.37178633203182,
  "fps": 24.615384615384617,
  "geometryRevision": 281,
  "glError": 0,
  "heightChecksum": 39354.24820916763,
  "limited": 3034,
  "maxSpeed": 6.739302773145256,
  "maxWater": 1.3268531560897827,
  "mode": "Shaded terrain",
  "n": 96,
  "paused": true,
  "recoveries": 0,
  "renderScale": 0.7,
  "sediment": 34.0976500397296,
  "sedimentChecksum": 795.804611630889,
  "seed": 4107,
  "simCost": 5.5999999940395355,
  "steps": 710,
  "time": 16.429445312500064,
  "tool": "orbit",
  "water": 99.33278256234377,
  "waterChecksum": 2319.8152487858474,
  "workLimited": false
}

$ agent-browser --session strata screenshot /home/pyro/projects/naked/sol61/02-hydraulic-erosion/evidence/screenshots/desktop-evolved.png
✓ Screenshot saved to /home/pyro/projects/naked/sol61/02-hydraulic-erosion/evidence/screenshots/desktop-evolved.png

$ agent-browser --session strata eval --stdin
{
  "canvasSize": [
    697,
    489
  ],
  "change": 0.13950909184253155,
  "deposited": 50.27413682490696,
  "devicePixelRatio": 1,
  "eroded": 84.37178633203182,
  "fps": 24.615384615384617,
  "geometryRevision": 281,
  "glError": 0,
  "heightChecksum": 39354.24820916763,
  "limited": 3034,
  "maxSpeed": 6.739302773145256,
  "maxWater": 1.3268531560897827,
  "mode": "Shaded terrain",
  "n": 96,
  "paused": true,
  "recoveries": 0,
  "renderScale": 0.7,
  "sediment": 34.0976500397296,
  "sedimentChecksum": 795.804611630889,
  "seed": 4107,
  "simCost": 5.5999999940395355,
  "steps": 710,
  "time": 16.429445312500064,
  "tool": "orbit",
  "water": 99.33278256234377,
  "waterChecksum": 2319.8152487858474,
  "workLimited": false
}

$ agent-browser --session strata select #mode 0
✓ Done

$ agent-browser --session strata wait 120
✓ Done

$ agent-browser --session strata eval --stdin
{
  "canvasSize": [
    697,
    489
  ],
  "change": 0.13950909184253155,
  "deposited": 50.27413682490696,
  "devicePixelRatio": 1,
  "eroded": 84.37178633203182,
  "fps": 28.333333333333332,
  "geometryRevision": 281,
  "glError": 0,
  "heightChecksum": 39354.24820916763,
  "limited": 3034,
  "maxSpeed": 6.739302773145256,
  "maxWater": 1.3268531560897827,
  "mode": "Shaded terrain",
  "n": 96,
  "paused": true,
  "recoveries": 0,
  "renderScale": 0.7,
  "sediment": 34.0976500397296,
  "sedimentChecksum": 795.804611630889,
  "seed": 4107,
  "simCost": 5.5999999940395355,
  "steps": 710,
  "time": 16.429445312500064,
  "tool": "orbit",
  "water": 99.33278256234377,
  "waterChecksum": 2319.8152487858474,
  "workLimited": false
}

$ agent-browser --session strata screenshot /home/pyro/projects/naked/sol61/02-hydraulic-erosion/evidence/screenshots/mode-0.png
✓ Screenshot saved to /home/pyro/projects/naked/sol61/02-hydraulic-erosion/evidence/screenshots/mode-0.png

$ agent-browser --session strata select #mode 1
✓ Done

$ agent-browser --session strata wait 120
✓ Done

$ agent-browser --session strata eval --stdin
{
  "canvasSize": [
    697,
    489
  ],
  "change": 0.13950909184253155,
  "deposited": 50.27413682490696,
  "devicePixelRatio": 1,
  "eroded": 84.37178633203182,
  "fps": 28.333333333333332,
  "geometryRevision": 281,
  "glError": 0,
  "heightChecksum": 39354.24820916763,
  "limited": 3034,
  "maxSpeed": 6.739302773145256,
  "maxWater": 1.3268531560897827,
  "mode": "Elevation",
  "n": 96,
  "paused": true,
  "recoveries": 0,
  "renderScale": 0.7,
  "sediment": 34.0976500397296,
  "sedimentChecksum": 795.804611630889,
  "seed": 4107,
  "simCost": 5.5999999940395355,
  "steps": 710,
  "time": 16.429445312500064,
  "tool": "orbit",
  "water": 99.33278256234377,
  "waterChecksum": 2319.8152487858474,
  "workLimited": false
}

$ agent-browser --session strata screenshot /home/pyro/projects/naked/sol61/02-hydraulic-erosion/evidence/screenshots/mode-1.png
✓ Screenshot saved to /home/pyro/projects/naked/sol61/02-hydraulic-erosion/evidence/screenshots/mode-1.png

$ agent-browser --session strata select #mode 2
✓ Done

$ agent-browser --session strata wait 120
✓ Done

$ agent-browser --session strata eval --stdin
{
  "canvasSize": [
    697,
    489
  ],
  "change": 0.13950909184253155,
  "deposited": 50.27413682490696,
  "devicePixelRatio": 1,
  "eroded": 84.37178633203182,
  "fps": 33.16487681617179,
  "geometryRevision": 281,
  "glError": 0,
  "heightChecksum": 39354.24820916763,
  "limited": 3034,
  "maxSpeed": 6.739302773145256,
  "maxWater": 1.3268531560897827,
  "mode": "Water depth",
  "n": 96,
  "paused": true,
  "recoveries": 0,
  "renderScale": 0.7,
  "sediment": 34.0976500397296,
  "sedimentChecksum": 795.804611630889,
  "seed": 4107,
  "simCost": 5.5999999940395355,
  "steps": 710,
  "time": 16.429445312500064,
  "tool": "orbit",
  "water": 99.33278256234377,
  "waterChecksum": 2319.8152487858474,
  "workLimited": false
}

$ agent-browser --session strata screenshot /home/pyro/projects/naked/sol61/02-hydraulic-erosion/evidence/screenshots/mode-2.png
✓ Screenshot saved to /home/pyro/projects/naked/sol61/02-hydraulic-erosion/evidence/screenshots/mode-2.png

$ agent-browser --session strata select #mode 3
✓ Done

$ agent-browser --session strata wait 120
✓ Done

$ agent-browser --session strata eval --stdin
{
  "canvasSize": [
    697,
    489
  ],
  "change": 0.13950909184253155,
  "deposited": 50.27413682490696,
  "devicePixelRatio": 1,
  "eroded": 84.37178633203182,
  "fps": 45,
  "geometryRevision": 281,
  "glError": 0,
  "heightChecksum": 39354.24820916763,
  "limited": 3034,
  "maxSpeed": 6.739302773145256,
  "maxWater": 1.3268531560897827,
  "mode": "Sediment",
  "n": 96,
  "paused": true,
  "recoveries": 0,
  "renderScale": 0.7,
  "sediment": 34.0976500397296,
  "sedimentChecksum": 795.804611630889,
  "seed": 4107,
  "simCost": 5.5999999940395355,
  "steps": 710,
  "time": 16.429445312500064,
  "tool": "orbit",
  "water": 99.33278256234377,
  "waterChecksum": 2319.8152487858474,
  "workLimited": false
}

$ agent-browser --session strata screenshot /home/pyro/projects/naked/sol61/02-hydraulic-erosion/evidence/screenshots/mode-3.png
✓ Screenshot saved to /home/pyro/projects/naked/sol61/02-hydraulic-erosion/evidence/screenshots/mode-3.png

$ agent-browser --session strata select #mode 4
✓ Done

$ agent-browser --session strata wait 120
✓ Done

$ agent-browser --session strata eval --stdin
{
  "canvasSize": [
    697,
    489
  ],
  "change": 0.13950909184253155,
  "deposited": 50.27413682490696,
  "devicePixelRatio": 1,
  "eroded": 84.37178633203182,
  "fps": 40,
  "geometryRevision": 281,
  "glError": 0,
  "heightChecksum": 39354.24820916763,
  "limited": 3034,
  "maxSpeed": 6.739302773145256,
  "maxWater": 1.3268531560897827,
  "mode": "Erosion / deposition",
  "n": 96,
  "paused": true,
  "recoveries": 0,
  "renderScale": 0.7,
  "sediment": 34.0976500397296,
  "sedimentChecksum": 795.804611630889,
  "seed": 4107,
  "simCost": 5.5999999940395355,
  "steps": 710,
  "time": 16.429445312500064,
  "tool": "orbit",
  "water": 99.33278256234377,
  "waterChecksum": 2319.8152487858474,
  "workLimited": false
}

$ agent-browser --session strata screenshot /home/pyro/projects/naked/sol61/02-hydraulic-erosion/evidence/screenshots/mode-4.png
✓ Screenshot saved to /home/pyro/projects/naked/sol61/02-hydraulic-erosion/evidence/screenshots/mode-4.png

$ agent-browser --session strata select #mode 5
✓ Done

$ agent-browser --session strata wait 120
✓ Done

$ agent-browser --session strata eval --stdin
{
  "canvasSize": [
    697,
    489
  ],
  "change": 0.13950909184253155,
  "deposited": 50.27413682490696,
  "devicePixelRatio": 1,
  "eroded": 84.37178633203182,
  "fps": 43.333333333333336,
  "geometryRevision": 281,
  "glError": 0,
  "heightChecksum": 39354.24820916763,
  "limited": 3034,
  "maxSpeed": 6.739302773145256,
  "maxWater": 1.3268531560897827,
  "mode": "Slope",
  "n": 96,
  "paused": true,
  "recoveries": 0,
  "renderScale": 0.7,
  "sediment": 34.0976500397296,
  "sedimentChecksum": 795.804611630889,
  "seed": 4107,
  "simCost": 5.5999999940395355,
  "steps": 710,
  "time": 16.429445312500064,
  "tool": "orbit",
  "water": 99.33278256234377,
  "waterChecksum": 2319.8152487858474,
  "workLimited": false
}

$ agent-browser --session strata screenshot /home/pyro/projects/naked/sol61/02-hydraulic-erosion/evidence/screenshots/mode-5.png
✓ Screenshot saved to /home/pyro/projects/naked/sol61/02-hydraulic-erosion/evidence/screenshots/mode-5.png

$ agent-browser --session strata select #mode 6
✓ Done

$ agent-browser --session strata wait 120
✓ Done

$ agent-browser --session strata eval --stdin
{
  "canvasSize": [
    697,
    489
  ],
  "change": 0.13950909184253155,
  "deposited": 50.27413682490696,
  "devicePixelRatio": 1,
  "eroded": 84.37178633203182,
  "fps": 43.333333333333336,
  "geometryRevision": 281,
  "glError": 0,
  "heightChecksum": 39354.24820916763,
  "limited": 3034,
  "maxSpeed": 6.739302773145256,
  "maxWater": 1.3268531560897827,
  "mode": "Flow velocity",
  "n": 96,
  "paused": true,
  "recoveries": 0,
  "renderScale": 0.7,
  "sediment": 34.0976500397296,
  "sedimentChecksum": 795.804611630889,
  "seed": 4107,
  "simCost": 5.5999999940395355,
  "steps": 710,
  "time": 16.429445312500064,
  "tool": "orbit",
  "water": 99.33278256234377,
  "waterChecksum": 2319.8152487858474,
  "workLimited": false
}

$ agent-browser --session strata screenshot /home/pyro/projects/naked/sol61/02-hydraulic-erosion/evidence/screenshots/mode-6.png
✓ Screenshot saved to /home/pyro/projects/naked/sol61/02-hydraulic-erosion/evidence/screenshots/mode-6.png

$ agent-browser --session strata select #mode 0
✓ Done

$ agent-browser --session strata scrollintoview #thermal
✓ Done

$ agent-browser --session strata focus #thermal
✓ Done

$ agent-browser --session strata press Home
✓ Done

$ agent-browser --session strata scrollintoview #erosion
✓ Done

$ agent-browser --session strata focus #erosion
✓ Done

$ agent-browser --session strata press Home
✓ Done

$ agent-browser --session strata scrollintoview #evaporation
✓ Done

$ agent-browser --session strata focus #evaporation
✓ Done

$ agent-browser --session strata press Home
✓ Done

$ agent-browser --session strata click #reset
✓ Done

$ agent-browser --session strata eval --stdin
{
  "canvasSize": [
    697,
    489
  ],
  "change": 0,
  "deposited": 0,
  "devicePixelRatio": 1,
  "eroded": 0,
  "fps": 34.05221339387056,
  "geometryRevision": 282,
  "glError": 0,
  "heightChecksum": 40147.48091633065,
  "limited": 0,
  "maxSpeed": 0,
  "maxWater": 0.04799911379814148,
  "mode": "Shaded terrain",
  "n": 96,
  "paused": true,
  "recoveries": 0,
  "renderScale": 0.7,
  "sediment": 0,
  "sedimentChecksum": 0,
  "seed": 4107,
  "simCost": 5.5999999940395355,
  "steps": 0,
  "time": 0,
  "tool": "orbit",
  "water": 6.424988137282163,
  "waterChecksum": 150.40061457418443,
  "workLimited": false
}

$ agent-browser --session strata find role button click --name Resume simulation --exact
✓ Done

$ agent-browser --session strata wait --fn window.strata.diagnostics().time >= 5
true

$ agent-browser --session strata eval --stdin
{
  "canvasSize": [
    697,
    489
  ],
  "change": 0,
  "deposited": 0,
  "devicePixelRatio": 1,
  "eroded": 0,
  "fps": 25,
  "geometryRevision": 313,
  "glError": 0,
  "heightChecksum": 40147.48091633065,
  "limited": 4816,
  "maxSpeed": 8.008695117439022,
  "maxWater": 0.834907591342926,
  "mode": "Shaded terrain",
  "n": 96,
  "paused": false,
  "recoveries": 0,
  "renderScale": 0.7,
  "sediment": 0,
  "sedimentChecksum": 0,
  "seed": 4107,
  "simCost": 6.299999982118607,
  "steps": 238,
  "time": 5.424890625000015,
  "tool": "orbit",
  "water": 44.71535068183054,
  "waterChecksum": 1045.8183524077824,
  "workLimited": false
}

$ agent-browser --session strata find role button click --name Pause simulation --exact
✓ Done

$ agent-browser --session strata eval --stdin
{
  "canvasSize": [
    697,
    489
  ],
  "change": 0,
  "deposited": 0,
  "devicePixelRatio": 1,
  "eroded": 0,
  "fps": 25.2644876046108,
  "geometryRevision": 319,
  "glError": 0,
  "heightChecksum": 40147.48091633065,
  "limited": 4538,
  "maxSpeed": 8.007009798099356,
  "maxWater": 0.8906216025352478,
  "mode": "Shaded terrain",
  "n": 96,
  "paused": true,
  "recoveries": 0,
  "renderScale": 0.7,
  "sediment": 0,
  "sedimentChecksum": 0,
  "seed": 4107,
  "simCost": 6.0999999940395355,
  "steps": 282,
  "time": 6.445484375000018,
  "tool": "orbit",
  "water": 51.91898543519683,
  "waterChecksum": 1214.3510853477253,
  "workLimited": false
}

$ agent-browser --session strata scrollintoview #erosion
✓ Done

$ agent-browser --session strata focus #erosion
✓ Done

$ agent-browser --session strata press End
✓ Done

$ agent-browser --session strata click #reset
✓ Done

$ agent-browser --session strata find role button click --name Resume simulation --exact
✓ Done

$ agent-browser --session strata wait --fn window.strata.diagnostics().time >= 5
true

$ agent-browser --session strata eval --stdin
{
  "canvasSize": [
    697,
    489
  ],
  "change": 0.11044927115694413,
  "deposited": 46.126002908186464,
  "devicePixelRatio": 1,
  "eroded": 75.16162484758345,
  "fps": 24.619172180335656,
  "geometryRevision": 350,
  "glError": 0,
  "heightChecksum": 39473.87004855554,
  "limited": 4126,
  "maxSpeed": 9.59941940064444,
  "maxWater": 0.585369884967804,
  "mode": "Shaded terrain",
  "n": 96,
  "paused": false,
  "recoveries": 0,
  "renderScale": 0.7,
  "sediment": 29.035624538417103,
  "sedimentChecksum": 678.0563157571111,
  "seed": 4107,
  "simCost": 8.700000017881393,
  "steps": 229,
  "time": 5.318835937499938,
  "tool": "orbit",
  "water": 43.9668389152267,
  "waterChecksum": 1024.1419489480038,
  "workLimited": false
}

$ agent-browser --session strata find role button click --name Pause simulation --exact
✓ Done

$ agent-browser --session strata eval --stdin
{
  "canvasSize": [
    697,
    489
  ],
  "change": 0.12019149225347468,
  "deposited": 53.97910441989394,
  "devicePixelRatio": 1,
  "eroded": 84.68850379772805,
  "fps": 24.619172180335656,
  "geometryRevision": 356,
  "glError": 0,
  "heightChecksum": 39435.81780628829,
  "limited": 3878,
  "maxSpeed": 7.928677490482054,
  "maxWater": 0.7027662992477417,
  "mode": "Shaded terrain",
  "n": 96,
  "paused": true,
  "recoveries": 0,
  "renderScale": 0.7,
  "sediment": 30.709403224407133,
  "sedimentChecksum": 716.2627075801055,
  "seed": 4107,
  "simCost": 7.400000005960464,
  "steps": 275,
  "time": 6.398023437499952,
  "tool": "orbit",
  "water": 51.58405738666386,
  "waterChecksum": 1201.0288625485714,
  "workLimited": false
}

$ agent-browser --session strata scrollintoview #erosion
✓ Done

$ agent-browser --session strata focus #erosion
✓ Done

$ agent-browser --session strata press Home
✓ Done

$ agent-browser --session strata scrollintoview #rain
✓ Done

$ agent-browser --session strata focus #rain
✓ Done

$ agent-browser --session strata press Home
✓ Done

$ agent-browser --session strata scrollintoview #evaporation
✓ Done

$ agent-browser --session strata focus #evaporation
✓ Done

$ agent-browser --session strata press Home
✓ Done

$ agent-browser --session strata click #reset
✓ Done

$ agent-browser --session strata eval --stdin
{
  "canvasSize": [
    697,
    489
  ],
  "change": 0,
  "deposited": 0,
  "devicePixelRatio": 1,
  "eroded": 0,
  "fps": 25.94454353818694,
  "geometryRevision": 357,
  "glError": 0,
  "heightChecksum": 40147.48091633065,
  "limited": 0,
  "maxSpeed": 0,
  "maxWater": 0.04799911379814148,
  "mode": "Shaded terrain",
  "n": 96,
  "paused": true,
  "recoveries": 0,
  "renderScale": 0.7,
  "sediment": 0,
  "sedimentChecksum": 0,
  "seed": 4107,
  "simCost": 7.400000005960464,
  "steps": 0,
  "time": 0,
  "tool": "orbit",
  "water": 6.424988137282163,
  "waterChecksum": 150.40061457418443,
  "workLimited": false
}

$ agent-browser --session strata find role button click --name Resume simulation --exact
✓ Done

$ agent-browser --session strata wait --fn window.strata.diagnostics().time >= 5
true

$ agent-browser --session strata eval --stdin
{
  "canvasSize": [
    697,
    489
  ],
  "change": 0,
  "deposited": 0,
  "devicePixelRatio": 1,
  "eroded": 0,
  "fps": 24.323009567050544,
  "geometryRevision": 388,
  "glError": 0,
  "heightChecksum": 40147.48091633065,
  "limited": 7715,
  "maxSpeed": 7.987096842910516,
  "maxWater": 0.5607059001922607,
  "mode": "Shaded terrain",
  "n": 96,
  "paused": false,
  "recoveries": 0,
  "renderScale": 0.7,
  "sediment": 0,
  "sedimentChecksum": 0,
  "seed": 4107,
  "simCost": 5.300000011920929,
  "steps": 236,
  "time": 5.4253222656249775,
  "tool": "orbit",
  "water": 6.424988205851324,
  "waterChecksum": 150.54134466029268,
  "workLimited": false
}

$ agent-browser --session strata find role button click --name Pause simulation --exact
✓ Done

$ agent-browser --session strata eval --stdin
{
  "canvasSize": [
    697,
    489
  ],
  "change": 0,
  "deposited": 0,
  "devicePixelRatio": 1,
  "eroded": 0,
  "fps": 24.323009567050544,
  "geometryRevision": 394,
  "glError": 0,
  "heightChecksum": 40147.48091633065,
  "limited": 7718,
  "maxSpeed": 6.669950084893462,
  "maxWater": 0.5707751512527466,
  "mode": "Shaded terrain",
  "n": 96,
  "paused": true,
  "recoveries": 0,
  "renderScale": 0.7,
  "sediment": 0,
  "sedimentChecksum": 0,
  "seed": 4107,
  "simCost": 9.199999988079073,
  "steps": 282,
  "time": 6.504947265624983,
  "tool": "orbit",
  "water": 6.424988198116368,
  "waterChecksum": 150.59102936647332,
  "workLimited": false
}

$ agent-browser --session strata focus #evaporation
✓ Done

$ agent-browser --session strata press End
✓ Done

$ agent-browser --session strata click #reset
✓ Done

$ agent-browser --session strata find role button click --name Resume simulation --exact
✓ Done

$ agent-browser --session strata wait --fn window.strata.diagnostics().time >= 5
true

$ agent-browser --session strata eval --stdin
{
  "canvasSize": [
    697,
    489
  ],
  "change": 0,
  "deposited": 0,
  "devicePixelRatio": 1,
  "eroded": 0,
  "fps": 25.94454353818694,
  "geometryRevision": 429,
  "glError": 0,
  "heightChecksum": 40147.48091633065,
  "limited": 8608,
  "maxSpeed": 0.7204120962291384,
  "maxWater": 0.15288282930850983,
  "mode": "Shaded terrain",
  "n": 96,
  "paused": false,
  "recoveries": 0,
  "renderScale": 0.7,
  "sediment": 0,
  "sedimentChecksum": 0,
  "seed": 4107,
  "simCost": 4.5,
  "steps": 257,
  "time": 5.819671875000027,
  "tool": "orbit",
  "water": 0.6264577498688172,
  "waterChecksum": 14.66726605481821,
  "workLimited": false
}

$ agent-browser --session strata find role button click --name Pause simulation --exact
✓ Done

$ agent-browser --session strata eval --stdin
{
  "canvasSize": [
    697,
    489
  ],
  "change": 0,
  "deposited": 0,
  "devicePixelRatio": 1,
  "eroded": 0,
  "fps": 24.619172180335656,
  "geometryRevision": 435,
  "glError": 0,
  "heightChecksum": 40147.48091633065,
  "limited": 8664,
  "maxSpeed": 0.21471843123435977,
  "maxWater": 0.12709587812423706,
  "mode": "Shaded terrain",
  "n": 96,
  "paused": true,
  "recoveries": 0,
  "renderScale": 0.7,
  "sediment": 0,
  "sedimentChecksum": 0,
  "seed": 4107,
  "simCost": 8.900000005960464,
  "steps": 303,
  "time": 6.898859375000041,
  "tool": "orbit",
  "water": 0.40683445666878343,
  "waterChecksum": 9.541719439911413,
  "workLimited": false
}

$ agent-browser --session strata select #preset valley
✓ Done

$ agent-browser --session strata focus #speed
✓ Done

$ agent-browser --session strata press Home
✓ Done

$ agent-browser --session strata click #pause
✓ Done

$ agent-browser --session strata select #resolution 128
✓ Done

$ agent-browser --session strata eval --stdin
{
  "canvasSize": [
    697,
    489
  ],
  "change": 0.00008391730079893023,
  "deposited": 0,
  "devicePixelRatio": 1,
  "eroded": 0.04940867589064855,
  "fps": 24.619172180335656,
  "geometryRevision": 439,
  "glError": 0,
  "heightChecksum": 60294.44811848104,
  "limited": 0,
  "maxSpeed": 2.029455139586356,
  "maxWater": 0.11844584345817566,
  "mode": "Shaded terrain",
  "n": 128,
  "paused": false,
  "recoveries": 0,
  "renderScale": 0.7,
  "sediment": 0.049408675887224286,
  "sedimentChecksum": 2.0830769257705124,
  "seed": 4107,
  "simCost": 0,
  "steps": 2,
  "time": 0.008,
  "tool": "orbit",
  "water": 14.20623744817903,
  "waterChecksum": 592.9010924081409,
  "workLimited": false
}

$ agent-browser --session strata select #resolution 64
✓ Done

$ agent-browser --session strata wait --fn window.strata.diagnostics().time > 1
true

$ agent-browser --session strata eval --stdin
{
  "canvasSize": [
    697,
    489
  ],
  "change": 0.019291216711280867,
  "deposited": 0.9202490641656964,
  "devicePixelRatio": 1,
  "eroded": 11.84915769867442,
  "fps": 42.16672072656513,
  "geometryRevision": 686,
  "glError": 0,
  "heightChecksum": 14963.199834663075,
  "limited": 2020,
  "maxSpeed": 4.835241496891856,
  "maxWater": 0.20001354813575745,
  "mode": "Shaded terrain",
  "n": 64,
  "paused": false,
  "recoveries": 0,
  "renderScale": 0.7,
  "sediment": 10.92890842944814,
  "sedimentChecksum": 117.09828044047302,
  "seed": 4107,
  "simCost": 0.5,
  "steps": 252,
  "time": 1.008000000000001,
  "tool": "orbit",
  "water": 19.64060047951151,
  "waterChecksum": 207.025792200034,
  "workLimited": false
}

$ agent-browser --session strata find role button click --name Pause simulation --exact
✓ Done

$ agent-browser --session strata eval --stdin
{
  "canvasSize": [
    697,
    489
  ],
  "change": 0.019343224688782357,
  "deposited": 0.9524847568984174,
  "devicePixelRatio": 1,
  "eroded": 11.88226975591681,
  "fps": 42.16672072656513,
  "geometryRevision": 689,
  "glError": 0,
  "heightChecksum": 14963.21066592683,
  "limited": 2019,
  "maxSpeed": 4.813248794532312,
  "maxWater": 0.20078995823860168,
  "mode": "Shaded terrain",
  "n": 64,
  "paused": true,
  "recoveries": 0,
  "renderScale": 0.7,
  "sediment": 10.92978482593096,
  "sedimentChecksum": 117.1080715965286,
  "seed": 4107,
  "simCost": 0.5999999940395355,
  "steps": 255,
  "time": 1.020000000000001,
  "tool": "orbit",
  "water": 19.704845148626006,
  "waterChecksum": 207.71048551281385,
  "workLimited": false
}

$ agent-browser --session strata eval --stdin
{
  "canvasSize": [
    697,
    489
  ],
  "change": 0.019343224688782357,
  "deposited": 0.9524847568984174,
  "devicePixelRatio": 1,
  "eroded": 11.88226975591681,
  "fps": 42.16672072656513,
  "geometryRevision": 689,
  "glError": 0,
  "heightChecksum": 14963.21066592683,
  "limited": 2019,
  "maxSpeed": 4.813248794532312,
  "maxWater": 0.20078995823860168,
  "mode": "Shaded terrain",
  "n": 64,
  "paused": true,
  "recoveries": 0,
  "renderScale": 0.7,
  "sediment": 10.92978482593096,
  "sedimentChecksum": 117.1080715965286,
  "seed": 4107,
  "simCost": 0.5999999940395355,
  "steps": 255,
  "time": 1.020000000000001,
  "tool": "orbit",
  "water": 19.704845148626006,
  "waterChecksum": 207.71048551281385,
  "workLimited": false
}

$ agent-browser --session strata eval --stdin
{
  "canvasSize": [
    697,
    489
  ],
  "change": 0.019343224688782357,
  "deposited": 0.9524847568984174,
  "devicePixelRatio": 1,
  "eroded": 11.88226975591681,
  "fps": 42.16672072656513,
  "geometryRevision": 689,
  "glError": 0,
  "heightChecksum": 14963.21066592683,
  "limited": 2019,
  "maxSpeed": 4.813248794532312,
  "maxWater": 0.20078995823860168,
  "mode": "Shaded terrain",
  "n": 64,
  "paused": true,
  "recoveries": 0,
  "renderScale": 0.7,
  "sediment": 10.92978482593096,
  "sedimentChecksum": 117.1080715965286,
  "seed": 4107,
  "simCost": 0.5999999940395355,
  "steps": 255,
  "time": 1.020000000000001,
  "tool": "orbit",
  "water": 19.704845148626006,
  "waterChecksum": 207.71048551281385,
  "workLimited": false
}

$ agent-browser --session strata find role tab click --name Terrain --exact
✓ Done

$ agent-browser --session strata fill #seed 7331
✓ Done

$ agent-browser --session strata click #regenerate
✗ Element '#regenerate' is covered by <div.sidebar-bottom inside aside#sidebar> at its click point, so the input would land on that element instead. Dismiss or interact with the covering element first (it is often a dialog, banner, or sticky header).

$ agent-browser --session strata screenshot /home/pyro/projects/naked/sol61/02-hydraulic-erosion/evidence/screenshots/workflow-failure.png
✓ Screenshot saved to /home/pyro/projects/naked/sol61/02-hydraulic-erosion/evidence/screenshots/workflow-failure.png

$ agent-browser --session strata find role tab click --name Terrain --exact
✓ Done

$ agent-browser --session strata fill #seed 7331
✓ Done

$ agent-browser --session strata scrollintoview #regenerate
✓ Done

$ agent-browser --session strata click #regenerate
✓ Done

$ agent-browser --session strata eval --stdin
{
  "canvasSize": [
    697,
    489
  ],
  "change": 0,
  "deposited": 0,
  "devicePixelRatio": 1,
  "eroded": 0,
  "fps": 33.333333333333336,
  "geometryRevision": 691,
  "glError": 0,
  "heightChecksum": 15155.525312294078,
  "limited": 0,
  "maxSpeed": 0,
  "maxWater": 0.11798937618732452,
  "mode": "Shaded terrain",
  "n": 64,
  "paused": true,
  "recoveries": 0,
  "renderScale": 0.7,
  "sediment": 0,
  "sedimentChecksum": 0,
  "seed": 7331,
  "simCost": 0.5999999940395355,
  "steps": 0,
  "time": 0,
  "tool": "orbit",
  "water": 14.262551772621482,
  "waterChecksum": 147.69357638819022,
  "workLimited": false
}

$ agent-browser --session strata scrollintoview #regenerate
✓ Done

$ agent-browser --session strata click #regenerate
✓ Done

$ agent-browser --session strata eval --stdin
{
  "canvasSize": [
    697,
    489
  ],
  "change": 0,
  "deposited": 0,
  "devicePixelRatio": 1,
  "eroded": 0,
  "fps": 33.333333333333336,
  "geometryRevision": 692,
  "glError": 0,
  "heightChecksum": 15155.525312294078,
  "limited": 0,
  "maxSpeed": 0,
  "maxWater": 0.11798937618732452,
  "mode": "Shaded terrain",
  "n": 64,
  "paused": true,
  "recoveries": 0,
  "renderScale": 0.7,
  "sediment": 0,
  "sedimentChecksum": 0,
  "seed": 7331,
  "simCost": 0.5999999940395355,
  "steps": 0,
  "time": 0,
  "tool": "orbit",
  "water": 14.262551772621482,
  "waterChecksum": 147.69357638819022,
  "workLimited": false
}

$ agent-browser --session strata fill #seed 7332
✓ Done

$ agent-browser --session strata scrollintoview #regenerate
✓ Done

$ agent-browser --session strata click #regenerate
✓ Done

$ agent-browser --session strata eval --stdin
{
  "canvasSize": [
    697,
    489
  ],
  "change": 0,
  "deposited": 0,
  "devicePixelRatio": 1,
  "eroded": 0,
  "fps": 30,
  "geometryRevision": 693,
  "glError": 0,
  "heightChecksum": 15129.19471011895,
  "limited": 0,
  "maxSpeed": 0,
  "maxWater": 0.11798937618732452,
  "mode": "Shaded terrain",
  "n": 64,
  "paused": true,
  "recoveries": 0,
  "renderScale": 0.7,
  "sediment": 0,
  "sedimentChecksum": 0,
  "seed": 7332,
  "simCost": 0.5999999940395355,
  "steps": 0,
  "time": 0,
  "tool": "orbit",
  "water": 14.262551772621482,
  "waterChecksum": 147.69357638819022,
  "workLimited": false
}

$ agent-browser --session strata eval --stdin
{
  "canvasSize": [
    697,
    489
  ],
  "change": 0,
  "deposited": 0,
  "devicePixelRatio": 1,
  "eroded": 0,
  "fps": 30,
  "geometryRevision": 693,
  "glError": 0,
  "heightChecksum": 15129.19471011895,
  "limited": 0,
  "maxSpeed": 0,
  "maxWater": 0.11798937618732452,
  "mode": "Shaded terrain",
  "n": 64,
  "paused": true,
  "recoveries": 0,
  "renderScale": 0.7,
  "sediment": 0,
  "sedimentChecksum": 0,
  "seed": 7332,
  "simCost": 0.5999999940395355,
  "steps": 0,
  "time": 0,
  "tool": "orbit",
  "water": 14.262551772621482,
  "waterChecksum": 147.69357638819022,
  "workLimited": false
}

$ agent-browser --session strata eval --stdin
{
  "canvasSize": [
    697,
    489
  ],
  "change": 0,
  "deposited": 0,
  "devicePixelRatio": 1,
  "eroded": 0,
  "fps": 30,
  "geometryRevision": 693,
  "glError": 0,
  "heightChecksum": 15129.19471011895,
  "limited": 0,
  "maxSpeed": 0,
  "maxWater": 0.11798937618732452,
  "mode": "Shaded terrain",
  "n": 64,
  "paused": true,
  "recoveries": 0,
  "renderScale": 0.7,
  "sediment": 0,
  "sedimentChecksum": 0,
  "seed": 7332,
  "simCost": 0.5999999940395355,
  "steps": 0,
  "time": 0,
  "tool": "orbit",
  "water": 14.262551772621482,
  "waterChecksum": 147.69357638819022,
  "workLimited": false
}

$ agent-browser --session strata fill #seed -1
✓ Done

$ agent-browser --session strata scrollintoview #regenerate
✓ Done

$ agent-browser --session strata click #regenerate
✓ Done

$ agent-browser --session strata eval --stdin
{
  "canvasSize": [
    697,
    489
  ],
  "change": 0,
  "deposited": 0,
  "devicePixelRatio": 1,
  "eroded": 0,
  "fps": 31.666666666666668,
  "geometryRevision": 693,
  "glError": 0,
  "heightChecksum": 15129.19471011895,
  "limited": 0,
  "maxSpeed": 0,
  "maxWater": 0.11798937618732452,
  "mode": "Shaded terrain",
  "n": 64,
  "paused": true,
  "recoveries": 0,
  "renderScale": 0.7,
  "sediment": 0,
  "sedimentChecksum": 0,
  "seed": 7332,
  "simCost": 0.5999999940395355,
  "steps": 0,
  "time": 0,
  "tool": "orbit",
  "water": 14.262551772621482,
  "waterChecksum": 147.69357638819022,
  "workLimited": false
}

$ agent-browser --session strata eval --stdin
"true"

$ agent-browser --session strata eval --stdin
"Enter a whole-number seed between 0 and 4294967295."

$ agent-browser --session strata screenshot /home/pyro/projects/naked/sol61/02-hydraulic-erosion/evidence/screenshots/invalid-seed.png
✓ Screenshot saved to /home/pyro/projects/naked/sol61/02-hydraulic-erosion/evidence/screenshots/invalid-seed.png

$ agent-browser --session strata fill #seed 7331
✓ Done

$ agent-browser --session strata scrollintoview #regenerate
✓ Done

$ agent-browser --session strata click #regenerate
✓ Done

$ agent-browser --session strata focus #tab-terrain
✓ Done

$ agent-browser --session strata press ArrowRight
✓ Done

$ agent-browser --session strata eval --stdin
"true"

$ agent-browser --session strata eval --stdin
{
  "canvasSize": [
    697,
    489
  ],
  "change": 0,
  "deposited": 0,
  "devicePixelRatio": 1,
  "eroded": 0,
  "fps": 30.809145451598084,
  "geometryRevision": 694,
  "glError": 0,
  "heightChecksum": 15155.525312294078,
  "limited": 0,
  "maxSpeed": 0,
  "maxWater": 0.11798937618732452,
  "mode": "Shaded terrain",
  "n": 64,
  "paused": true,
  "recoveries": 0,
  "renderScale": 0.7,
  "sediment": 0,
  "sedimentChecksum": 0,
  "seed": 7331,
  "simCost": 0.5999999940395355,
  "steps": 0,
  "time": 0,
  "tool": "orbit",
  "water": 14.262551772621482,
  "waterChecksum": 147.69357638819022,
  "workLimited": false
}

$ agent-browser --session strata focus #exaggeration
✓ Done

$ agent-browser --session strata press End
✓ Done

$ agent-browser --session strata focus #light
✓ Done

$ agent-browser --session strata press Home
✓ Done

$ agent-browser --session strata focus #waterOpacity
✓ Done

$ agent-browser --session strata press Home
✓ Done

$ agent-browser --session strata check #grid
✓ Done

$ agent-browser --session strata uncheck #contours
✓ Done

$ agent-browser --session strata eval --stdin
{
  "canvasSize": [
    697,
    489
  ],
  "change": 0,
  "deposited": 0,
  "devicePixelRatio": 1,
  "eroded": 0,
  "fps": 34.99416763872654,
  "geometryRevision": 697,
  "glError": 0,
  "heightChecksum": 15155.525312294078,
  "limited": 0,
  "maxSpeed": 0,
  "maxWater": 0.11798937618732452,
  "mode": "Shaded terrain",
  "n": 64,
  "paused": true,
  "recoveries": 0,
  "renderScale": 0.7,
  "sediment": 0,
  "sedimentChecksum": 0,
  "seed": 7331,
  "simCost": 0.5999999940395355,
  "steps": 0,
  "time": 0,
  "tool": "orbit",
  "water": 14.262551772621482,
  "waterChecksum": 147.69357638819022,
  "workLimited": false
}

$ agent-browser --session strata eval --stdin
{
  "contours": false,
  "exaggeration": 2.5,
  "grid": true,
  "light": 0,
  "mode": 0,
  "showProbe": true,
  "waterOpacity": 0
}

$ agent-browser --session strata eval --stdin
{
  "contours": false,
  "exaggeration": 2.5,
  "grid": true,
  "light": 0,
  "mode": 0,
  "showProbe": true,
  "waterOpacity": 0
}

$ agent-browser --session strata eval --stdin
{
  "contours": false,
  "exaggeration": 2.5,
  "grid": true,
  "light": 0,
  "mode": 0,
  "showProbe": true,
  "waterOpacity": 0
}

$ agent-browser --session strata eval --stdin
{
  "contours": false,
  "exaggeration": 2.5,
  "grid": true,
  "light": 0,
  "mode": 0,
  "showProbe": true,
  "waterOpacity": 0
}

$ agent-browser --session strata screenshot /home/pyro/projects/naked/sol61/02-hydraulic-erosion/evidence/screenshots/display-controls.png
✓ Screenshot saved to /home/pyro/projects/naked/sol61/02-hydraulic-erosion/evidence/screenshots/display-controls.png

$ agent-browser --session strata focus #exaggeration
✓ Done

$ agent-browser --session strata press Home
✓ Done

$ agent-browser --session strata press ArrowRight
✓ Done

$ agent-browser --session strata focus #waterOpacity
✓ Done

$ agent-browser --session strata press End
✓ Done

$ agent-browser --session strata uncheck #grid
✓ Done

$ agent-browser --session strata check #contours
✓ Done

$ agent-browser --session strata scrollintoview #resetCamera
✓ Done

$ agent-browser --session strata click #resetCamera
✓ Done

$ agent-browser --session strata find role tab click --name Simulation --exact
✓ Done

$ agent-browser --session strata focus #viewport
✓ Done

$ agent-browser --session strata press Space
✓ Done

$ agent-browser --session strata eval --stdin
{
  "canvasSize": [
    697,
    489
  ],
  "change": 0.00004328986688051373,
  "deposited": 0,
  "devicePixelRatio": 1,
  "eroded": 0.025732523044213036,
  "fps": 35.67953292247777,
  "geometryRevision": 702,
  "glError": 0,
  "heightChecksum": 15155.26273769922,
  "limited": 0,
  "maxSpeed": 1.6657491630155918,
  "maxWater": 0.1181427240371704,
  "mode": "Shaded terrain",
  "n": 64,
  "paused": false,
  "recoveries": 0,
  "renderScale": 0.7,
  "sediment": 0.02573252304453246,
  "sedimentChecksum": 0.2625723989636889,
  "seed": 7331,
  "simCost": 0,
  "steps": 1,
  "time": 0.004,
  "tool": "orbit",
  "water": 14.284615000224164,
  "waterChecksum": 147.92410973471718,
  "workLimited": false
}

$ agent-browser --session strata press Space
✓ Done

$ agent-browser --session strata eval --stdin
{
  "canvasSize": [
    697,
    489
  ],
  "change": 0.0001238723925780505,
  "deposited": 0,
  "devicePixelRatio": 1,
  "eroded": 0.07363302548475188,
  "fps": 35.67953292247777,
  "geometryRevision": 703,
  "glError": 0,
  "heightChecksum": 15154.773921903005,
  "limited": 0,
  "maxSpeed": 3.097885916581333,
  "maxWater": 0.11840609461069108,
  "mode": "Shaded terrain",
  "n": 64,
  "paused": true,
  "recoveries": 0,
  "renderScale": 0.7,
  "sediment": 0.07363302552195299,
  "sedimentChecksum": 0.7514301434371379,
  "seed": 7331,
  "simCost": 0,
  "steps": 2,
  "time": 0.008,
  "tool": "orbit",
  "water": 14.306675605627952,
  "waterChecksum": 148.1575138803272,
  "workLimited": false
}

$ agent-browser --session strata eval --stdin
{
  "canvasSize": [
    697,
    489
  ],
  "change": 0.0001238723925780505,
  "deposited": 0,
  "devicePixelRatio": 1,
  "eroded": 0.07363302548475188,
  "fps": 35.67953292247777,
  "geometryRevision": 703,
  "glError": 0,
  "heightChecksum": 15154.773921903005,
  "limited": 0,
  "maxSpeed": 3.097885916581333,
  "maxWater": 0.11840609461069108,
  "mode": "Shaded terrain",
  "n": 64,
  "paused": true,
  "recoveries": 0,
  "renderScale": 0.7,
  "sediment": 0.07363302552195299,
  "sedimentChecksum": 0.7514301434371379,
  "seed": 7331,
  "simCost": 0,
  "steps": 2,
  "time": 0.008,
  "tool": "orbit",
  "water": 14.306675605627952,
  "waterChecksum": 148.1575138803272,
  "workLimited": false
}

$ agent-browser --session strata press n
✓ Done

$ agent-browser --session strata eval --stdin
{
  "canvasSize": [
    697,
    489
  ],
  "change": 0.00018402852583676577,
  "deposited": 0,
  "devicePixelRatio": 1,
  "eroded": 0.10939133901909044,
  "fps": 35.67953292247777,
  "geometryRevision": 704,
  "glError": 0,
  "heightChecksum": 15154.408992414496,
  "limited": 0,
  "maxSpeed": 3.7045623277095183,
  "maxWater": 0.11859946697950365,
  "mode": "Shaded terrain",
  "n": 64,
  "paused": true,
  "recoveries": 0,
  "renderScale": 0.7,
  "sediment": 0.10939133893878454,
  "sedimentChecksum": 1.1164495887687444,
  "seed": 7331,
  "simCost": 0,
  "steps": 3,
  "time": 0.0105,
  "tool": "orbit",
  "water": 14.320462238356097,
  "waterChecksum": 148.30414527312357,
  "workLimited": false
}

$ agent-browser --session strata press 6
✓ Done

$ agent-browser --session strata eval --stdin
"water"

$ agent-browser --session strata eval --stdin
1.2

$ agent-browser --session strata press ]
✓ Done

$ agent-browser --session strata eval --stdin
1.35

$ agent-browser --session strata find role button click --name Open laboratory guide --exact
✓ Done

$ agent-browser --session strata eval --stdin
false

$ agent-browser --session strata eval --stdin
"closeHelp"

$ agent-browser --session strata press Escape
✓ Done

$ agent-browser --session strata eval --stdin
true

$ agent-browser --session strata select #preset mountain
✓ Done

$ agent-browser --session strata eval --stdin
{
  "canvasSize": [
    697,
    489
  ],
  "change": 0,
  "deposited": 0,
  "devicePixelRatio": 1,
  "eroded": 0,
  "fps": 38.333333333333336,
  "geometryRevision": 704,
  "glError": 0,
  "heightChecksum": 17827.79851101352,
  "limited": 0,
  "maxSpeed": 0,
  "maxWater": 0.047957051545381546,
  "mode": "Shaded terrain",
  "n": 64,
  "paused": true,
  "recoveries": 0,
  "renderScale": 0.7,
  "sediment": 0,
  "sedimentChecksum": 0,
  "seed": 7331,
  "simCost": 0,
  "steps": 0,
  "time": 0,
  "tool": "water",
  "water": 6.484011455593195,
  "waterChecksum": 66.80920715914215,
  "workLimited": false
}

$ agent-browser --session strata screenshot /home/pyro/projects/naked/sol61/02-hydraulic-erosion/evidence/screenshots/preset-mountain.png
✓ Screenshot saved to /home/pyro/projects/naked/sol61/02-hydraulic-erosion/evidence/screenshots/preset-mountain.png

$ agent-browser --session strata select #preset canyon
✓ Done

$ agent-browser --session strata eval --stdin
{
  "canvasSize": [
    697,
    489
  ],
  "change": 0,
  "deposited": 0,
  "devicePixelRatio": 1,
  "eroded": 0,
  "fps": 38.333333333333336,
  "geometryRevision": 706,
  "glError": 0,
  "heightChecksum": 31706.43878887951,
  "limited": 0,
  "maxSpeed": 0,
  "maxWater": 0.00800000037997961,
  "mode": "Shaded terrain",
  "n": 64,
  "paused": true,
  "recoveries": 0,
  "renderScale": 0.7,
  "sediment": 0,
  "sedimentChecksum": 0,
  "seed": 7331,
  "simCost": 0,
  "steps": 0,
  "time": 0,
  "tool": "water",
  "water": 4.755446937889738,
  "waterChecksum": 48.98213371338772,
  "workLimited": false
}

$ agent-browser --session strata screenshot /home/pyro/projects/naked/sol61/02-hydraulic-erosion/evidence/screenshots/preset-canyon.png
✓ Screenshot saved to /home/pyro/projects/naked/sol61/02-hydraulic-erosion/evidence/screenshots/preset-canyon.png

$ agent-browser --session strata select #preset island
✓ Done

$ agent-browser --session strata eval --stdin
{
  "canvasSize": [
    697,
    489
  ],
  "change": 0,
  "deposited": 0,
  "devicePixelRatio": 1,
  "eroded": 0,
  "fps": 31.666666666666668,
  "geometryRevision": 707,
  "glError": 0,
  "heightChecksum": 9798.601971561242,
  "limited": 0,
  "maxSpeed": 0,
  "maxWater": 0.2205616235733032,
  "mode": "Shaded terrain",
  "n": 64,
  "paused": true,
  "recoveries": 0,
  "renderScale": 0.7,
  "sediment": 0,
  "sedimentChecksum": 0,
  "seed": 7331,
  "simCost": 0,
  "steps": 0,
  "time": 0,
  "tool": "water",
  "water": 20.839480180183504,
  "waterChecksum": 212.9659687738123,
  "workLimited": false
}

$ agent-browser --session strata screenshot /home/pyro/projects/naked/sol61/02-hydraulic-erosion/evidence/screenshots/preset-island.png
✓ Screenshot saved to /home/pyro/projects/naked/sol61/02-hydraulic-erosion/evidence/screenshots/preset-island.png

$ agent-browser --session strata select #preset valley
✓ Done

$ agent-browser --session strata eval --stdin
{
  "canvasSize": [
    697,
    489
  ],
  "change": 0,
  "deposited": 0,
  "devicePixelRatio": 1,
  "eroded": 0,
  "fps": 31.666666666666668,
  "geometryRevision": 708,
  "glError": 0,
  "heightChecksum": 15155.525312294078,
  "limited": 0,
  "maxSpeed": 0,
  "maxWater": 0.11798937618732452,
  "mode": "Shaded terrain",
  "n": 64,
  "paused": true,
  "recoveries": 0,
  "renderScale": 0.7,
  "sediment": 0,
  "sedimentChecksum": 0,
  "seed": 7331,
  "simCost": 0,
  "steps": 0,
  "time": 0,
  "tool": "water",
  "water": 14.262551772621482,
  "waterChecksum": 147.69357638819022,
  "workLimited": false
}

$ agent-browser --session strata screenshot /home/pyro/projects/naked/sol61/02-hydraulic-erosion/evidence/screenshots/preset-valley.png
✓ Screenshot saved to /home/pyro/projects/naked/sol61/02-hydraulic-erosion/evidence/screenshots/preset-valley.png

$ agent-browser --session strata select #preset stress
✓ Done

$ agent-browser --session strata eval --stdin
{
  "canvasSize": [
    697,
    489
  ],
  "change": 0,
  "deposited": 0,
  "devicePixelRatio": 1,
  "eroded": 0,
  "fps": 37.89673140691685,
  "geometryRevision": 709,
  "glError": 0,
  "heightChecksum": 19485.90491362376,
  "limited": 0,
  "maxSpeed": 0,
  "maxWater": 0.047957051545381546,
  "mode": "Shaded terrain",
  "n": 64,
  "paused": true,
  "recoveries": 0,
  "renderScale": 0.7,
  "sediment": 0,
  "sedimentChecksum": 0,
  "seed": 7331,
  "simCost": 0,
  "steps": 0,
  "time": 0,
  "tool": "water",
  "water": 6.484011455593195,
  "waterChecksum": 66.80920715914215,
  "workLimited": false
}

$ agent-browser --session strata screenshot /home/pyro/projects/naked/sol61/02-hydraulic-erosion/evidence/screenshots/preset-stress.png
✓ Screenshot saved to /home/pyro/projects/naked/sol61/02-hydraulic-erosion/evidence/screenshots/preset-stress.png

$ agent-browser --session strata focus #speed
✓ Done

$ agent-browser --session strata press End
✓ Done

$ agent-browser --session strata select #substeps 12
✓ Done

$ agent-browser --session strata find role button click --name Resume simulation --exact
✓ Done

$ agent-browser --session strata wait --fn window.strata.diagnostics().time >= 10
true

$ agent-browser --session strata eval --stdin
{
  "canvasSize": [
    697,
    489
  ],
  "change": 0.37496988677594345,
  "deposited": 577.6739793671874,
  "devicePixelRatio": 1,
  "eroded": 704.0263504397425,
  "fps": 34.057735971456054,
  "geometryRevision": 782,
  "glError": 0,
  "heightChecksum": 18189.109646743214,
  "limited": 41,
  "maxSpeed": 5.483585584508077,
  "maxWater": 1.7488974332809448,
  "mode": "Shaded terrain",
  "n": 64,
  "paused": false,
  "recoveries": 0,
  "renderScale": 0.7,
  "sediment": 126.35246000809198,
  "sedimentChecksum": 1302.044385447146,
  "seed": 7331,
  "simCost": 5,
  "steps": 846,
  "time": 10.751847222222109,
  "tool": "water",
  "water": 410.5918663948807,
  "waterChecksum": 4232.510563006718,
  "workLimited": false
}

$ agent-browser --session strata find role button click --name Pause simulation --exact
✓ Done

$ agent-browser --session strata eval --stdin
{
  "canvasSize": [
    697,
    489
  ],
  "change": 0.37314033646543976,
  "deposited": 633.2201199943058,
  "devicePixelRatio": 1,
  "eroded": 752.6513431978173,
  "fps": 34.057735971456054,
  "geometryRevision": 788,
  "glError": 0,
  "heightChecksum": 18260.629468869138,
  "limited": 21,
  "maxSpeed": 5.549949728774751,
  "maxWater": 1.846817970275879,
  "mode": "Shaded terrain",
  "n": 64,
  "paused": true,
  "recoveries": 0,
  "renderScale": 0.7,
  "sediment": 119.4312895570827,
  "sedimentChecksum": 1230.7192456710695,
  "seed": 7331,
  "simCost": 4.899999976158142,
  "steps": 917,
  "time": 11.652847222222182,
  "tool": "water",
  "water": 443.4795617814262,
  "waterChecksum": 4571.079591118921,
  "workLimited": false
}

$ agent-browser --session strata eval --stdin
true

$ agent-browser --session strata screenshot /home/pyro/projects/naked/sol61/02-hydraulic-erosion/evidence/screenshots/stress-evolved.png
✓ Screenshot saved to /home/pyro/projects/naked/sol61/02-hydraulic-erosion/evidence/screenshots/stress-evolved.png

